
INSERT INTO `accountsection` VALUES (10,'Aktiver');
INSERT INTO `accountsection` VALUES (20,'Forpligtelse');
INSERT INTO `accountsection` VALUES (30,'Indkomst');
INSERT INTO `accountsection` VALUES (40,'Omkostninger');

INSERT INTO `accountgroups` VALUES ('KAPITALFORHOLD',10,0,1000,'');
INSERT INTO `accountgroups` VALUES ('DELKAPITAL',20,0,6000,'');
INSERT INTO `accountgroups` VALUES ('OMKOSTNING AF SOLGTE VARER',40,1,8000,'');
INSERT INTO `accountgroups` VALUES ('OMSÆTNINGSAKTIVER',10,0,3000,'');
INSERT INTO `accountgroups` VALUES ('NUVÆRENDE FORPLIGTELSER',10,0,4000,'');
INSERT INTO `accountgroups` VALUES ('GENERELLE & ADMINISTRATIVE UDGIFTER',40,1,10000,'');
INSERT INTO `accountgroups` VALUES ('LAGERBEHANDLINGER',10,0,2000,'');
INSERT INTO `accountgroups` VALUES ('LANGSIKTIGE FORPLIGTELSER',20,0,5000,'');
INSERT INTO `accountgroups` VALUES ('BETALINGSUDGIFTER',40,1,9000,'');
INSERT INTO `accountgroups` VALUES ('SALGSINDTÆGTER',30,1,7000,'');

INSERT INTO `chartmaster` VALUES ('0010','Fritagsejendom','KAPITALFORHOLD',-1);
INSERT INTO `chartmaster` VALUES ('0011','Velvilje','KAPITALFORHOLD',-1);
INSERT INTO `chartmaster` VALUES ('0012','Velvilje Amortisering','KAPITALFORHOLD',-1);
INSERT INTO `chartmaster` VALUES ('0020','Anlæg og maskiner','KAPITALFORHOLD',-1);
INSERT INTO `chartmaster` VALUES ('0021','Afskrivning af anlæg / maskiner','KAPITALFORHOLD',-1);
INSERT INTO `chartmaster` VALUES ('0030','Kontorudstyr','KAPITALFORHOLD',-1);
INSERT INTO `chartmaster` VALUES ('0031','Afskrivning af kontorudstyr','KAPITALFORHOLD',-1);
INSERT INTO `chartmaster` VALUES ('0040','Møbler og inventar','KAPITALFORHOLD',-1);
INSERT INTO `chartmaster` VALUES ('0041','Møbler / inventar afskrivning','KAPITALFORHOLD',-1);
INSERT INTO `chartmaster` VALUES ('0050','Motorkøretøjer','KAPITALFORHOLD',-1);
INSERT INTO `chartmaster` VALUES ('0051','Afskrivning på motorkøretøjer','KAPITALFORHOLD',-1);
INSERT INTO `chartmaster` VALUES ('1001','Beholdning','LAGERBEHANDLINGER',-1);
INSERT INTO `chartmaster` VALUES ('1002','Arbejde der er i gang','LAGERBEHANDLINGER',-1);
INSERT INTO `chartmaster` VALUES ('1100','Debtorkontrolkonto','OMSÆTNINGSAKTIVER',-1);
INSERT INTO `chartmaster` VALUES ('1102','Andre debitorer','OMSÆTNINGSAKTIVER',-1);
INSERT INTO `chartmaster` VALUES ('1103','Forudbetalinger','OMSÆTNINGSAKTIVER',-1);
INSERT INTO `chartmaster` VALUES ('1200','Bankens løbende konto','OMSÆTNINGSAKTIVER',-1);
INSERT INTO `chartmaster` VALUES ('1210','Bankindskudskonto','OMSÆTNINGSAKTIVER',-1);
INSERT INTO `chartmaster` VALUES ('1220','Opsparingskonto','OMSÆTNINGSAKTIVER',-1);
INSERT INTO `chartmaster` VALUES ('1230','Småpenge','OMSÆTNINGSAKTIVER',-1);
INSERT INTO `chartmaster` VALUES ('1240','Virksomhedens kreditkort','OMSÆTNINGSAKTIVER',-1);
INSERT INTO `chartmaster` VALUES ('2100','Kreditorkontrolkonto','NUVÆRENDE FORPLIGTELSER',-1);
INSERT INTO `chartmaster` VALUES ('2102','Andre kreditorer','NUVÆRENDE FORPLIGTELSER',-1);
INSERT INTO `chartmaster` VALUES ('2109','Periodeafgrænsningsposter','NUVÆRENDE FORPLIGTELSER',-1);
INSERT INTO `chartmaster` VALUES ('2200','Moms (17,5%)','NUVÆRENDE FORPLIGTELSER',-1);
INSERT INTO `chartmaster` VALUES ('2205','Moms (5%)','NUVÆRENDE FORPLIGTELSER',-1);
INSERT INTO `chartmaster` VALUES ('2210','Indkomstskat og national forsikring','NUVÆRENDE FORPLIGTELSER',-1);
INSERT INTO `chartmaster` VALUES ('2220','Nettoløn','NUVÆRENDE FORPLIGTELSER',-1);
INSERT INTO `chartmaster` VALUES ('2250','Selskabsskat','NUVÆRENDE FORPLIGTELSER',-1);
INSERT INTO `chartmaster` VALUES ('2300','Banklån','LANGSIKTIGE FORPLIGTELSER',-1);
INSERT INTO `chartmaster` VALUES ('2305','Direktørens lånekonto','LANGSIKTIGE FORPLIGTELSER',-1);
INSERT INTO `chartmaster` VALUES ('2310','Afbetaling','LANGSIKTIGE FORPLIGTELSER',-1);
INSERT INTO `chartmaster` VALUES ('2330','Realkreditlån','LANGSIKTIGE FORPLIGTELSER',-1);
INSERT INTO `chartmaster` VALUES ('3000','Ordinære aktier','DELKAPITAL',-1);
INSERT INTO `chartmaster` VALUES ('3010','Præferencer','DELKAPITAL',-1);
INSERT INTO `chartmaster` VALUES ('3100','Del Premium-konto','DELKAPITAL',-1);
INSERT INTO `chartmaster` VALUES ('3200','Indtægts-og tabskonto','DELKAPITAL',-1);
INSERT INTO `chartmaster` VALUES ('4000','Salg','SALGSINDTÆGTER',-1);
INSERT INTO `chartmaster` VALUES ('4009','Tilladte rabatter','SALGSINDTÆGTER',-1);
INSERT INTO `chartmaster` VALUES ('4010','Eksportsalg','SALGSINDTÆGTER',-1);
INSERT INTO `chartmaster` VALUES ('4900','Diverse indtægter','SALGSINDTÆGTER',-1);
INSERT INTO `chartmaster` VALUES ('4904','Lejeindkomst','SALGSINDTÆGTER',-1);
INSERT INTO `chartmaster` VALUES ('4906','Modtaget rente','SALGSINDTÆGTER',-1);
INSERT INTO `chartmaster` VALUES ('4920','Valutakursgevinst','SALGSINDTÆGTER',-1);
INSERT INTO `chartmaster` VALUES ('5000','Indkøbte materialer','OMKOSTNING AF SOLGTE VARER',-1);
INSERT INTO `chartmaster` VALUES ('5001','Importerede materialer','OMKOSTNING AF SOLGTE VARER',-1);
INSERT INTO `chartmaster` VALUES ('5002','Åbningslager','OMKOSTNING AF SOLGTE VARER',-1);
INSERT INTO `chartmaster` VALUES ('5003','Lukkende bestand','OMKOSTNING AF SOLGTE VARER',-1);
INSERT INTO `chartmaster` VALUES ('5200','Emballage','OMKOSTNING AF SOLGTE VARER',-1);
INSERT INTO `chartmaster` VALUES ('5201','Rabatter Taken','OMKOSTNING AF SOLGTE VARER',-1);
INSERT INTO `chartmaster` VALUES ('5202','Vogn','OMKOSTNING AF SOLGTE VARER',-1);
INSERT INTO `chartmaster` VALUES ('5203','Importtold','OMKOSTNING AF SOLGTE VARER',-1);
INSERT INTO `chartmaster` VALUES ('5204','Transportforsikring','OMKOSTNING AF SOLGTE VARER',-1);
INSERT INTO `chartmaster` VALUES ('5205','Leje af udstyr','OMKOSTNING AF SOLGTE VARER',-1);
INSERT INTO `chartmaster` VALUES ('5220','Valutatab','OMKOSTNING AF SOLGTE VARER',-1);
INSERT INTO `chartmaster` VALUES ('6000','Produktiv arbejdskraft','BETALINGSUDGIFTER',-1);
INSERT INTO `chartmaster` VALUES ('6001','Omkostninger ved salgsarbejde','BETALINGSUDGIFTER',-1);
INSERT INTO `chartmaster` VALUES ('6002','Underleverandører','BETALINGSUDGIFTER',-1);
INSERT INTO `chartmaster` VALUES ('7000','Personale lønninger og lønninger','BETALINGSUDGIFTER',-1);
INSERT INTO `chartmaster` VALUES ('7002','Bestyrelsens vederlag','BETALINGSUDGIFTER',-1);
INSERT INTO `chartmaster` VALUES ('7006','Arbejdsgivere national forsikring','BETALINGSUDGIFTER',-1);
INSERT INTO `chartmaster` VALUES ('7007','Arbejdsgiverpension','BETALINGSUDGIFTER',-1);
INSERT INTO `chartmaster` VALUES ('7008','Rekrutteringsudgifter','BETALINGSUDGIFTER',-1);
INSERT INTO `chartmaster` VALUES ('7100','Leje','GENERELLE & ADMINISTRATIVE UDGIFTER',-1);
INSERT INTO `chartmaster` VALUES ('7102','Vandpriser','GENERELLE & ADMINISTRATIVE UDGIFTER',-1);
INSERT INTO `chartmaster` VALUES ('7103','Generelle priser','GENERELLE & ADMINISTRATIVE UDGIFTER',-1);
INSERT INTO `chartmaster` VALUES ('7104','Lokaler Forsikring','GENERELLE & ADMINISTRATIVE UDGIFTER',-1);
INSERT INTO `chartmaster` VALUES ('7200','Lys og varme','GENERELLE & ADMINISTRATIVE UDGIFTER',-1);
INSERT INTO `chartmaster` VALUES ('7300','Motorudgifter','GENERELLE & ADMINISTRATIVE UDGIFTER',-1);
INSERT INTO `chartmaster` VALUES ('7350','Rejseudgifter','GENERELLE & ADMINISTRATIVE UDGIFTER',-1);
INSERT INTO `chartmaster` VALUES ('7400','Annonceringsudgifter','GENERELLE & ADMINISTRATIVE UDGIFTER',-1);
INSERT INTO `chartmaster` VALUES ('7402','Reklame','GENERELLE & ADMINISTRATIVE UDGIFTER',-1);
INSERT INTO `chartmaster` VALUES ('7403','Danmarks underholdning','GENERELLE & ADMINISTRATIVE UDGIFTER',-1);
INSERT INTO `chartmaster` VALUES ('7404','Oversøisk underholdning','GENERELLE & ADMINISTRATIVE UDGIFTER',-1);
INSERT INTO `chartmaster` VALUES ('7500','Porto og transport','GENERELLE & ADMINISTRATIVE UDGIFTER',-1);
INSERT INTO `chartmaster` VALUES ('7501','Kontorartikler','GENERELLE & ADMINISTRATIVE UDGIFTER',-1);
INSERT INTO `chartmaster` VALUES ('7502','Telefon','GENERELLE & ADMINISTRATIVE UDGIFTER',-1);
INSERT INTO `chartmaster` VALUES ('7506','Webstedets omkostninger','GENERELLE & ADMINISTRATIVE UDGIFTER',-1);
INSERT INTO `chartmaster` VALUES ('7600','Juridiske omkostninger','GENERELLE & ADMINISTRATIVE UDGIFTER',-1);
INSERT INTO `chartmaster` VALUES ('7601','Gebyrer for revision og regnskab','GENERELLE & ADMINISTRATIVE UDGIFTER',-1);
INSERT INTO `chartmaster` VALUES ('7603','Professionelle gebyrer','GENERELLE & ADMINISTRATIVE UDGIFTER',-1);
INSERT INTO `chartmaster` VALUES ('7701','Vedligeholdelse af kontormaskiner','GENERELLE & ADMINISTRATIVE UDGIFTER',-1);
INSERT INTO `chartmaster` VALUES ('7710','Computerudgifter','GENERELLE & ADMINISTRATIVE UDGIFTER',-1);
INSERT INTO `chartmaster` VALUES ('7800','Reparationer og fornyelser','GENERELLE & ADMINISTRATIVE UDGIFTER',-1);
INSERT INTO `chartmaster` VALUES ('7801','Rengøring','GENERELLE & ADMINISTRATIVE UDGIFTER',-1);
INSERT INTO `chartmaster` VALUES ('7802','Vasketøj','GENERELLE & ADMINISTRATIVE UDGIFTER',-1);
INSERT INTO `chartmaster` VALUES ('7900','Bankrenter betalt','GENERELLE & ADMINISTRATIVE UDGIFTER',-1);
INSERT INTO `chartmaster` VALUES ('7901','Bankudgifter','GENERELLE & ADMINISTRATIVE UDGIFTER',-1);
INSERT INTO `chartmaster` VALUES ('7903','Lånerenter betalt','GENERELLE & ADMINISTRATIVE UDGIFTER',-1);
INSERT INTO `chartmaster` VALUES ('7904','Lej købsrenter','GENERELLE & ADMINISTRATIVE UDGIFTER',-1);
INSERT INTO `chartmaster` VALUES ('8000','Afskrivninger','GENERELLE & ADMINISTRATIVE UDGIFTER',-1);
INSERT INTO `chartmaster` VALUES ('8005','Goodwillafskrivning','GENERELLE & ADMINISTRATIVE UDGIFTER',-1);
INSERT INTO `chartmaster` VALUES ('8100','Afskrivning af dårlig gæld','GENERELLE & ADMINISTRATIVE UDGIFTER',-1);
INSERT INTO `chartmaster` VALUES ('8201','Abonnementer','GENERELLE & ADMINISTRATIVE UDGIFTER',-1);
INSERT INTO `chartmaster` VALUES ('8202','Tøjomkostninger','GENERELLE & ADMINISTRATIVE UDGIFTER',-1);
INSERT INTO `chartmaster` VALUES ('8203','Træningsomkostninger','GENERELLE & ADMINISTRATIVE UDGIFTER',-1);
INSERT INTO `chartmaster` VALUES ('8204','Forsikring','GENERELLE & ADMINISTRATIVE UDGIFTER',-1);
INSERT INTO `chartmaster` VALUES ('8205','Forfriskninger','GENERELLE & ADMINISTRATIVE UDGIFTER',-1);
INSERT INTO `chartmaster` VALUES ('8500','Udbytte','GENERELLE & ADMINISTRATIVE UDGIFTER',-1);
INSERT INTO `chartmaster` VALUES ('8600','Selskabsskat','GENERELLE & ADMINISTRATIVE UDGIFTER',-1);
INSERT INTO `chartmaster` VALUES ('9999','Spændingskonto','GENERELLE & ADMINISTRATIVE UDGIFTER',-1);
