
INSERT INTO `accountsection` VALUES (10,'Aktiven');
INSERT INTO `accountsection` VALUES (20,'Passiven');
INSERT INTO `accountsection` VALUES (30,'Erfolg');
INSERT INTO `accountsection` VALUES (40,'Aufwand');

INSERT INTO `accountgroups` VALUES ('ABSCHREIBUNGEN',40,1,32767,'');
INSERT INTO `accountgroups` VALUES ('FINANZANLAGEN',10,0,8000,'');
INSERT INTO `accountgroups` VALUES ('FINANZERTR',20,0,32767,'');
INSERT INTO `accountgroups` VALUES ('FORDERUNGEN AUS ABGABENVERRECH',10,0,20000,'');
INSERT INTO `accountgroups` VALUES ('FORDEUNGEN AUS LIEFERUNGEN UND',10,0,18000,'');
INSERT INTO `accountgroups` VALUES ('FREIWILLIGER SOZIALAUFWAND',40,1,32767,'');
INSERT INTO `accountgroups` VALUES ('GEAHLTSAUFWAND',40,1,32767,'');
INSERT INTO `accountgroups` VALUES ('GELEISTETE ANZAHLUNGEN',10,0,7000,'');
INSERT INTO `accountgroups` VALUES ('GELEISTETE ANZAHLUNGEN 2',10,0,16000,'');
INSERT INTO `accountgroups` VALUES ('GESETZLICHER SOZIALAUFWAND',40,1,32767,'');
INSERT INTO `accountgroups` VALUES ('GEWINN',20,0,32767,'');
INSERT INTO `accountgroups` VALUES ('AUFWENDUNGEN F',10,0,1000,'');
INSERT INTO `accountgroups` VALUES ('GRUNDST',10,0,3000,'');
INSERT INTO `accountgroups` VALUES ('HILFS- UND BETRIEBSSTOFFE',10,0,11000,'');
INSERT INTO `accountgroups` VALUES ('IMMATERIELLE VERM',10,0,2000,'');
INSERT INTO `accountgroups` VALUES ('INSTANDHALTUNGSAUFWAND',40,1,32767,'');
INSERT INTO `accountgroups` VALUES ('KAPITAL',20,0,32767,'');
INSERT INTO `accountgroups` VALUES ('KAPITALR',20,0,32767,'');
INSERT INTO `accountgroups` VALUES ('KASSABESTAND',10,0,22000,'');
INSERT INTO `accountgroups` VALUES ('LANGFRISTIGE VERBINDLICHKEITEN',20,0,24000,'');
INSERT INTO `accountgroups` VALUES ('LOHNAUFWAND',40,1,32000,'');
INSERT INTO `accountgroups` VALUES ('MASCHINEN',10,0,4000,'');
INSERT INTO `accountgroups` VALUES ('BETEILIGUNGSERTR',30,1,32767,'');
INSERT INTO `accountgroups` VALUES ('MIET-,PACHT-,LEASING-, LIZENZA',40,1,32767,'');
INSERT INTO `accountgroups` VALUES ('NOCH NICHT ABGERECHNETE LEISTU',10,0,15000,'');
INSERT INTO `accountgroups` VALUES ('R',20,0,32767,'');
INSERT INTO `accountgroups` VALUES ('ROHSTOFFE',10,0,9000,'');
INSERT INTO `accountgroups` VALUES ('SCHECKS, GUTHABEN BEI KREDITIN',10,0,23000,'');
INSERT INTO `accountgroups` VALUES ('SONSTIGE ERL',30,1,29000,'');
INSERT INTO `accountgroups` VALUES ('SONSTIGE FORDERUNGEN',10,0,19000,'');
INSERT INTO `accountgroups` VALUES ('SONSTIGE STEUERN',40,1,32767,'');
INSERT INTO `accountgroups` VALUES ('TRANSPORTKOSTEN',20,0,32767,'');
INSERT INTO `accountgroups` VALUES ('UMSATZ',30,1,27000,'');
INSERT INTO `accountgroups` VALUES ('BETRIEBS- UND GESCH',10,0,6000,'');
INSERT INTO `accountgroups` VALUES ('UMSATZ BERATUNG',30,1,28000,'');
INSERT INTO `accountgroups` VALUES ('UNFERTIGE ERZEUGNISSE',10,0,12000,'');
INSERT INTO `accountgroups` VALUES ('VERBINDLICHKEITEN AUS LIEFERUN',20,0,25000,'');
INSERT INTO `accountgroups` VALUES ('VERBINDLICHKEITEN FINANZAMT',20,0,26000,'');
INSERT INTO `accountgroups` VALUES ('VERBRAUCH BRENN- UND TREIBSTOF',30,1,31000,'');
INSERT INTO `accountgroups` VALUES ('VERSICHERUNGEN',40,1,32767,'');
INSERT INTO `accountgroups` VALUES ('VERWALTUNGSKOSTEN',40,1,32767,'');
INSERT INTO `accountgroups` VALUES ('WAREN',10,0,14000,'');
INSERT INTO `accountgroups` VALUES ('WARENEINSATZ',40,1,30000,'');
INSERT INTO `accountgroups` VALUES ('WERTBERICHTIGUNGEN',10,0,17000,'');
INSERT INTO `accountgroups` VALUES ('BEZOGENE TEILE',10,0,10000,'');
INSERT INTO `accountgroups` VALUES ('WERTPAPIERE UND ANTEILE',10,0,21000,'');
INSERT INTO `accountgroups` VALUES ('EB,SB,G+V KONTEN',20,0,32767,'');
INSERT INTO `accountgroups` VALUES ('EINLAGEN STILLER GESELLSCHAFTE',20,0,32767,'');
INSERT INTO `accountgroups` VALUES ('FAHRZEUGE',10,0,5000,'');
INSERT INTO `accountgroups` VALUES ('FERTIGE ERZEUGNISSE',10,0,13000,'');

INSERT INTO `chartmaster` VALUES ('0010','Firmenwert','AUFWENDUNGEN F',-1);
INSERT INTO `chartmaster` VALUES ('0110','Rechte','IMMATERIELLE VERM',-1);
INSERT INTO `chartmaster` VALUES ('0210','unbebaute Grundst','GRUNDST',-1);
INSERT INTO `chartmaster` VALUES ('0220','bebaute Grundst','GRUNDST',-1);
INSERT INTO `chartmaster` VALUES ('0229','kum. Abschreibung bebaute Grundst','GRUNDST',-1);
INSERT INTO `chartmaster` VALUES ('0410','Maschinen','MASCHINEN',-1);
INSERT INTO `chartmaster` VALUES ('0419','kum. Abschreibung Maschinen','MASCHINEN',-1);
INSERT INTO `chartmaster` VALUES ('0510','Fahrzeuge','FAHRZEUGE',-1);
INSERT INTO `chartmaster` VALUES ('0519','kum. Abschreibung Fahrzeuge','FAHRZEUGE',-1);
INSERT INTO `chartmaster` VALUES ('0620','B','BETRIEBS- UND GESCH',-1);
INSERT INTO `chartmaster` VALUES ('0625','kum. Abschreibung Betriebs- und Gesch','BETRIEBS- UND GESCH',-1);
INSERT INTO `chartmaster` VALUES ('0810','Beteiligungen','FINANZANLAGEN',-1);
INSERT INTO `chartmaster` VALUES ('0820','Wertpapiere','FINANZANLAGEN',-1);
INSERT INTO `chartmaster` VALUES ('1120','Vorr','ROHSTOFFE',-1);
INSERT INTO `chartmaster` VALUES ('1220','Vorr','BEZOGENE TEILE',-1);
INSERT INTO `chartmaster` VALUES ('1320','Hilfsstoffe','HILFS- UND BETRIEBSSTOFFE',-1);
INSERT INTO `chartmaster` VALUES ('1350','Betriebssstoffe','HILFS- UND BETRIEBSSTOFFE',-1);
INSERT INTO `chartmaster` VALUES ('1420','Vorr','UNFERTIGE ERZEUGNISSE',-1);
INSERT INTO `chartmaster` VALUES ('1520','Vorr','FERTIGE ERZEUGNISSE',-1);
INSERT INTO `chartmaster` VALUES ('1530','Vorr','FERTIGE ERZEUGNISSE',-1);
INSERT INTO `chartmaster` VALUES ('1540','Vorr','FERTIGE ERZEUGNISSE',-1);
INSERT INTO `chartmaster` VALUES ('2010','Forderungen Lieferung & Leistung','FORDEUNGEN AUS LIEFERUNGEN UND',-1);
INSERT INTO `chartmaster` VALUES ('2019','Wertberichtigung uneinbringliche Forderungen','FORDEUNGEN AUS LIEFERUNGEN UND',-1);
INSERT INTO `chartmaster` VALUES ('2320','sonstige Forderungen','SONSTIGE FORDERUNGEN',-1);
INSERT INTO `chartmaster` VALUES ('2520','sonstige Forderungen aus Abgebenverrechnung','FORDERUNGEN AUS ABGABENVERRECH',-1);
INSERT INTO `chartmaster` VALUES ('2620','Wertpapiere Umlaufverm','WERTPAPIERE UND ANTEILE',-1);
INSERT INTO `chartmaster` VALUES ('2701','Kassa','KASSABESTAND',-1);
INSERT INTO `chartmaster` VALUES ('2810','Schecks','SCHECKS, GUTHABEN BEI KREDITIN',-1);
INSERT INTO `chartmaster` VALUES ('2820','Bankguthaben','SCHECKS, GUTHABEN BEI KREDITIN',-1);
INSERT INTO `chartmaster` VALUES ('3110','Bank Verbindlichkeiten','LANGFRISTIGE VERBINDLICHKEITEN',-1);
INSERT INTO `chartmaster` VALUES ('3120','Kredite von Eigent','LANGFRISTIGE VERBINDLICHKEITEN',-1);
INSERT INTO `chartmaster` VALUES ('3310','Verbindlichkeiten aus Lieferungen und Leistungen','VERBINDLICHKEITEN AUS LIEFERUN',-1);
INSERT INTO `chartmaster` VALUES ('3510','Finanzamt Verrechnung K','VERBINDLICHKEITEN FINANZAMT',-1);
INSERT INTO `chartmaster` VALUES ('3520','Finanzamt Verrechnung Umsatzsteuer','VERBINDLICHKEITEN FINANZAMT',-1);
INSERT INTO `chartmaster` VALUES ('3530','Umsatzsteuer 0%','VERBINDLICHKEITEN FINANZAMT',-1);
INSERT INTO `chartmaster` VALUES ('3531','Umsatzsteuer 10%','VERBINDLICHKEITEN FINANZAMT',-1);
INSERT INTO `chartmaster` VALUES ('3532','Umsatzsteuer 20%','VERBINDLICHKEITEN FINANZAMT',-1);
INSERT INTO `chartmaster` VALUES ('3540','Vorsteuer 0%','VERBINDLICHKEITEN FINANZAMT',-1);
INSERT INTO `chartmaster` VALUES ('3541','Vorsteuer 10%','VERBINDLICHKEITEN FINANZAMT',-1);
INSERT INTO `chartmaster` VALUES ('3542','Vorsteuer 20%','VERBINDLICHKEITEN FINANZAMT',-1);
INSERT INTO `chartmaster` VALUES ('4020','Verkauf - Hardware','UMSATZ',-1);
INSERT INTO `chartmaster` VALUES ('4030','Verkauf - Software','UMSATZ',-1);
INSERT INTO `chartmaster` VALUES ('4040','Verkauf - Ersatzteile','UMSATZ',-1);
INSERT INTO `chartmaster` VALUES ('4320','Erl','UMSATZ BERATUNG',-1);
INSERT INTO `chartmaster` VALUES ('4330','Erl','UMSATZ BERATUNG',-1);
INSERT INTO `chartmaster` VALUES ('4630','Frachterl','SONSTIGE ERL',-1);
INSERT INTO `chartmaster` VALUES ('4640','Devisengewinne','SONSTIGE ERL',-1);
INSERT INTO `chartmaster` VALUES ('5020','Wareneinsatz / Hardware','WARENEINSATZ',-1);
INSERT INTO `chartmaster` VALUES ('5030','Wareneinsatz / Software','WARENEINSATZ',-1);
INSERT INTO `chartmaster` VALUES ('5040','Wareneinsatz / Ersatzteile','WARENEINSATZ',-1);
INSERT INTO `chartmaster` VALUES ('5610','Energie, Wasser','VERBRAUCH BRENN- UND TREIBSTOF',-1);
INSERT INTO `chartmaster` VALUES ('6010','Lohn','LOHNAUFWAND',-1);
INSERT INTO `chartmaster` VALUES ('6210','Gehalt','GEAHLTSAUFWAND',-1);
INSERT INTO `chartmaster` VALUES ('6510','Dienstgeberanteile','GESETZLICHER SOZIALAUFWAND',-1);
INSERT INTO `chartmaster` VALUES ('6710','freiwilliger Sozialaufwand','FREIWILLIGER SOZIALAUFWAND',-1);
INSERT INTO `chartmaster` VALUES ('7010','Abschreibungen','ABSCHREIBUNGEN',-1);
INSERT INTO `chartmaster` VALUES ('7020','geringwertige Wirtschaftsg','ABSCHREIBUNGEN',-1);
INSERT INTO `chartmaster` VALUES ('7110','Ertragssteuern','SONSTIGE STEUERN',-1);
INSERT INTO `chartmaster` VALUES ('7120','Grundsteuern','SONSTIGE STEUERN',-1);
INSERT INTO `chartmaster` VALUES ('7210','Reparatur und Instandhaltung','INSTANDHALTUNGSAUFWAND',-1);
INSERT INTO `chartmaster` VALUES ('7310','Frachtaufwand','TRANSPORTKOSTEN',-1);
INSERT INTO `chartmaster` VALUES ('7410','Miete','MIET-,PACHT-,LEASING-, LIZENZA',-1);
INSERT INTO `chartmaster` VALUES ('7411','Lizenzen','MIET-,PACHT-,LEASING-, LIZENZA',-1);
INSERT INTO `chartmaster` VALUES ('7610','Beratungsaufwand','VERWALTUNGSKOSTEN',-1);
INSERT INTO `chartmaster` VALUES ('7611','B','VERWALTUNGSKOSTEN',-1);
INSERT INTO `chartmaster` VALUES ('7615','Werbung und Marketing','VERWALTUNGSKOSTEN',-1);
INSERT INTO `chartmaster` VALUES ('7620','uneinbringliche Forderungen','VERWALTUNGSKOSTEN',-1);
INSERT INTO `chartmaster` VALUES ('7630','Telephonkosten','VERWALTUNGSKOSTEN',-1);
INSERT INTO `chartmaster` VALUES ('7631','Internetkosten','VERWALTUNGSKOSTEN',-1);
INSERT INTO `chartmaster` VALUES ('7632','Reise- und Repr','VERWALTUNGSKOSTEN',-1);
INSERT INTO `chartmaster` VALUES ('7634','Registrierungsgeb','VERWALTUNGSKOSTEN',-1);
INSERT INTO `chartmaster` VALUES ('7710','Versicherung','VERSICHERUNGEN',-1);
INSERT INTO `chartmaster` VALUES ('8020','Bankzinsen und Geb','FINANZERTR',-1);
INSERT INTO `chartmaster` VALUES ('8050','Devisenverluste','FINANZERTR',-1);
INSERT INTO `chartmaster` VALUES ('8110','Ertr','BETEILIGUNGSERTR',-1);
INSERT INTO `chartmaster` VALUES ('9010','Aktien, Gesch','KAPITAL',-1);
INSERT INTO `chartmaster` VALUES ('9020','nicht einbezahltes Kapital','KAPITAL',-1);
INSERT INTO `chartmaster` VALUES ('9210','freie R','KAPITALR',-1);
INSERT INTO `chartmaster` VALUES ('9310','Gewinnvortrag Vorjahr','GEWINN',-1);
INSERT INTO `chartmaster` VALUES ('9320','Jahresgewinn','GEWINN',-1);
INSERT INTO `chartmaster` VALUES ('9420','Abfertigungsr','R',-1);
INSERT INTO `chartmaster` VALUES ('9430','Urlaubsr','R',-1);
