
INSERT INTO `accountsection` VALUES (10,'Aktiven');
INSERT INTO `accountsection` VALUES (20,'Passiven');
INSERT INTO `accountsection` VALUES (30,'Erfolg');
INSERT INTO `accountsection` VALUES (40,'Aufwand');

INSERT INTO `accountgroups` VALUES ('ANLAGEVERM',10,0,1000,'');
INSERT INTO `accountgroups` VALUES ('NEUTRALE AUFWENDUNGEN',40,1,15000,'');
INSERT INTO `accountgroups` VALUES ('NEUTRALE ERTR',30,1,16000,'');
INSERT INTO `accountgroups` VALUES ('PERSONALKOSTEN',40,1,11000,'');
INSERT INTO `accountgroups` VALUES ('R',20,0,6000,'');
INSERT INTO `accountgroups` VALUES ('RAUMKOSTEN',40,1,12000,'');
INSERT INTO `accountgroups` VALUES ('SONSTIGE KOSTEN',40,1,13000,'');
INSERT INTO `accountgroups` VALUES ('WARENBESTAND',10,0,2000,'');
INSERT INTO `accountgroups` VALUES ('WARENEINGANG',40,1,9000,'');
INSERT INTO `accountgroups` VALUES ('Ausserordentl.Ertr',30,1,18000,'');
INSERT INTO `accountgroups` VALUES ('EIGENKAPITAL',20,0,5000,'');
INSERT INTO `accountgroups` VALUES ('ERTR',30,1,14000,'');
INSERT INTO `accountgroups` VALUES ('FORDERUNGEN',10,0,3000,'');
INSERT INTO `accountgroups` VALUES ('FREMDKAPITAL KURZFRISTIG',20,0,8000,'');
INSERT INTO `accountgroups` VALUES ('FREMDKAPITAL LANGFRISTIG',20,0,7000,'');
INSERT INTO `accountgroups` VALUES ('Guthabenzinsen',30,1,17000,'');
INSERT INTO `accountgroups` VALUES ('LIQUIDE MITTEL',10,0,4000,'');

INSERT INTO `chartmaster` VALUES ('0100','Konzessionen & Lizenzen','ANLAGEVERM',-1);
INSERT INTO `chartmaster` VALUES ('0135','EDV-Programme','ANLAGEVERM',-1);
INSERT INTO `chartmaster` VALUES ('0440','Maschinen','ANLAGEVERM',-1);
INSERT INTO `chartmaster` VALUES ('0500','Betriebsausstattung','ANLAGEVERM',-1);
INSERT INTO `chartmaster` VALUES ('0520','PKW','ANLAGEVERM',-1);
INSERT INTO `chartmaster` VALUES ('0650','B','ANLAGEVERM',-1);
INSERT INTO `chartmaster` VALUES ('0670','GWG','ANLAGEVERM',-1);
INSERT INTO `chartmaster` VALUES ('1140','Warenbestand','WARENBESTAND',-1);
INSERT INTO `chartmaster` VALUES ('1201','Geleistete Anzahlungen','FORDERUNGEN',-1);
INSERT INTO `chartmaster` VALUES ('1210','Forderungen ohne Kontokorrent','FORDERUNGEN',-1);
INSERT INTO `chartmaster` VALUES ('1300','Sonstige Forderungen','FORDERUNGEN',-1);
INSERT INTO `chartmaster` VALUES ('1370','Ungekl','FORDERUNGEN',-1);
INSERT INTO `chartmaster` VALUES ('1400','Anrechenbare Vorsteuer','FORDERUNGEN',-1);
INSERT INTO `chartmaster` VALUES ('1401','Anrechenbare Vorsteuer 7%','FORDERUNGEN',-1);
INSERT INTO `chartmaster` VALUES ('1402','Vorsteuer ig Erwerb','FORDERUNGEN',-1);
INSERT INTO `chartmaster` VALUES ('1403','Vorsteuer ig Erwerb 16%','FORDERUNGEN',-1);
INSERT INTO `chartmaster` VALUES ('1405','Anrechenbare Vorsteuer 16%','FORDERUNGEN',-1);
INSERT INTO `chartmaster` VALUES ('1406','Anrechenbare Vorsteuer 15%','FORDERUNGEN',-1);
INSERT INTO `chartmaster` VALUES ('1433','bezahlte Einfuhrumsatzsteuer','FORDERUNGEN',-1);
INSERT INTO `chartmaster` VALUES ('1601','Kasse','LIQUIDE MITTEL',-1);
INSERT INTO `chartmaster` VALUES ('1700','Postgiro','LIQUIDE MITTEL',-1);
INSERT INTO `chartmaster` VALUES ('1800','Bank','LIQUIDE MITTEL',-1);
INSERT INTO `chartmaster` VALUES ('1810','Bank USD','LIQUIDE MITTEL',-1);
INSERT INTO `chartmaster` VALUES ('1820','Kreditkarten','LIQUIDE MITTEL',-1);
INSERT INTO `chartmaster` VALUES ('1890','Geldtransit','LIQUIDE MITTEL',-1);
INSERT INTO `chartmaster` VALUES ('1900','Aktive Rechnungsabgrenzung','LIQUIDE MITTEL',-1);
INSERT INTO `chartmaster` VALUES ('2001','Eigenkapital','EIGENKAPITAL',-1);
INSERT INTO `chartmaster` VALUES ('2100','Privatentnahmen','EIGENKAPITAL',-1);
INSERT INTO `chartmaster` VALUES ('2150','Privatsteuern','EIGENKAPITAL',-1);
INSERT INTO `chartmaster` VALUES ('2180','Privateinlagen','EIGENKAPITAL',-1);
INSERT INTO `chartmaster` VALUES ('2200','Sonderausgaben beschr.abzugsf.','EIGENKAPITAL',-1);
INSERT INTO `chartmaster` VALUES ('2900','Gezeichnetes Kapital','EIGENKAPITAL',-1);
INSERT INTO `chartmaster` VALUES ('2910','Ausstehende Einlagen','EIGENKAPITAL',-1);
INSERT INTO `chartmaster` VALUES ('2970','Gewinnvortrag vor Verwendung','EIGENKAPITAL',-1);
INSERT INTO `chartmaster` VALUES ('2978','Verlustvortrag vor Verwendung','EIGENKAPITAL',-1);
INSERT INTO `chartmaster` VALUES ('3030','Gewerbesteuerr','R',-1);
INSERT INTO `chartmaster` VALUES ('3070','Sonstige R','R',-1);
INSERT INTO `chartmaster` VALUES ('3095','R','R',-1);
INSERT INTO `chartmaster` VALUES ('3160','Bankdarlehen','FREMDKAPITAL LANGFRISTIG',-1);
INSERT INTO `chartmaster` VALUES ('3280','Erhaltene Anzahlungen','FREMDKAPITAL KURZFRISTIG',-1);
INSERT INTO `chartmaster` VALUES ('3310','Kreditoren ohne Kontokorrent','FREMDKAPITAL KURZFRISTIG',-1);
INSERT INTO `chartmaster` VALUES ('3500','Sonstige Verbindlichkeiten','FREMDKAPITAL KURZFRISTIG',-1);
INSERT INTO `chartmaster` VALUES ('3560','Darlehen','FREMDKAPITAL KURZFRISTIG',-1);
INSERT INTO `chartmaster` VALUES ('3700','Verbindl. Betr.steuern u.Abgaben','FREMDKAPITAL KURZFRISTIG',-1);
INSERT INTO `chartmaster` VALUES ('3720','Verbindlichkeiten L','FREMDKAPITAL KURZFRISTIG',-1);
INSERT INTO `chartmaster` VALUES ('3730','Verbindlichkeiten Lohnsteuer','FREMDKAPITAL KURZFRISTIG',-1);
INSERT INTO `chartmaster` VALUES ('3740','Verbindlichkeiten Sozialversicherung','FREMDKAPITAL KURZFRISTIG',-1);
INSERT INTO `chartmaster` VALUES ('3800','Umsatzsteuer','FREMDKAPITAL KURZFRISTIG',-1);
INSERT INTO `chartmaster` VALUES ('3801','Umsatzsteuer 7%','FREMDKAPITAL KURZFRISTIG',-1);
INSERT INTO `chartmaster` VALUES ('3802','Umsatzsteuer ig. Erwerb','FREMDKAPITAL KURZFRISTIG',-1);
INSERT INTO `chartmaster` VALUES ('3803','Umsatzsteuer ig. Erwerb 16%','FREMDKAPITAL KURZFRISTIG',-1);
INSERT INTO `chartmaster` VALUES ('3805','Umsatzsteuer 16%','FREMDKAPITAL KURZFRISTIG',-1);
INSERT INTO `chartmaster` VALUES ('3806','Umsatzsteuer 15%','FREMDKAPITAL KURZFRISTIG',-1);
INSERT INTO `chartmaster` VALUES ('3815','Umsatzsteuer nicht f','FREMDKAPITAL KURZFRISTIG',-1);
INSERT INTO `chartmaster` VALUES ('3816','Umsatzsteuer nicht f','FREMDKAPITAL KURZFRISTIG',-1);
INSERT INTO `chartmaster` VALUES ('3820','Umsatzsteuer-Vorauszahlungen','FREMDKAPITAL KURZFRISTIG',-1);
INSERT INTO `chartmaster` VALUES ('3841','Umsatzsteuer Vorjahr','FREMDKAPITAL KURZFRISTIG',-1);
INSERT INTO `chartmaster` VALUES ('3900','Aktive Rechnungsabgrenzung','FREMDKAPITAL KURZFRISTIG',-1);
INSERT INTO `chartmaster` VALUES ('5200','Wareneingang ohne Vorsteuer','WARENEINGANG',-1);
INSERT INTO `chartmaster` VALUES ('5300','Wareneingang 7%','WARENEINGANG',-1);
INSERT INTO `chartmaster` VALUES ('5400','Wareneingang 15%','WARENEINGANG',-1);
INSERT INTO `chartmaster` VALUES ('5420','ig.Erwerb 7% VoSt. und 7% USt.','WARENEINGANG',-1);
INSERT INTO `chartmaster` VALUES ('5425','ig.Erwerb 15% VoSt. und 15% USt.','WARENEINGANG',-1);
INSERT INTO `chartmaster` VALUES ('5731','Erhaltene Skonti 7% Vorsteuer','WARENEINGANG',-1);
INSERT INTO `chartmaster` VALUES ('5736','Erhaltene Skonti 15% Vorsteuer','WARENEINGANG',-1);
INSERT INTO `chartmaster` VALUES ('5800','Anschaffungsnebenkosten','WARENEINGANG',-1);
INSERT INTO `chartmaster` VALUES ('5900','Fremdarbeiten','WARENEINGANG',-1);
INSERT INTO `chartmaster` VALUES ('6010','L','PERSONALKOSTEN',-1);
INSERT INTO `chartmaster` VALUES ('6020','Geh','PERSONALKOSTEN',-1);
INSERT INTO `chartmaster` VALUES ('6030','Aushilfsl','PERSONALKOSTEN',-1);
INSERT INTO `chartmaster` VALUES ('6040','Lohnsteuer Aushilfen','PERSONALKOSTEN',-1);
INSERT INTO `chartmaster` VALUES ('6080','Verm','PERSONALKOSTEN',-1);
INSERT INTO `chartmaster` VALUES ('6090','Fahrtkostenerst.Whg./Arbeitsst','PERSONALKOSTEN',-1);
INSERT INTO `chartmaster` VALUES ('6110','Sozialversicherung','PERSONALKOSTEN',-1);
INSERT INTO `chartmaster` VALUES ('6120','Berufsgenossenschaft','PERSONALKOSTEN',-1);
INSERT INTO `chartmaster` VALUES ('6130','Freiw. Soz. Aufw. LSt- u. Soz.Vers.frei','PERSONALKOSTEN',-1);
INSERT INTO `chartmaster` VALUES ('6310','Miete','RAUMKOSTEN',-1);
INSERT INTO `chartmaster` VALUES ('6315','Pacht','RAUMKOSTEN',-1);
INSERT INTO `chartmaster` VALUES ('6320','Heizung','RAUMKOSTEN',-1);
INSERT INTO `chartmaster` VALUES ('6325','Gas Strom Wasser','RAUMKOSTEN',-1);
INSERT INTO `chartmaster` VALUES ('6330','Reinigung','RAUMKOSTEN',-1);
INSERT INTO `chartmaster` VALUES ('6335','Instandhaltung betriebliche R','RAUMKOSTEN',-1);
INSERT INTO `chartmaster` VALUES ('6345','Sonstige Raumkosten','RAUMKOSTEN',-1);
INSERT INTO `chartmaster` VALUES ('6402','Abschreibungen','SONSTIGE KOSTEN',-1);
INSERT INTO `chartmaster` VALUES ('6403','Kaufleasing','SONSTIGE KOSTEN',-1);
INSERT INTO `chartmaster` VALUES ('6404','Sofortabschreibung GWG','SONSTIGE KOSTEN',-1);
INSERT INTO `chartmaster` VALUES ('6405','Sonstige Kosten','SONSTIGE KOSTEN',-1);
INSERT INTO `chartmaster` VALUES ('6410','Versicherung','SONSTIGE KOSTEN',-1);
INSERT INTO `chartmaster` VALUES ('6420','Beitr','SONSTIGE KOSTEN',-1);
INSERT INTO `chartmaster` VALUES ('6430','Sonstige Abgaben','SONSTIGE KOSTEN',-1);
INSERT INTO `chartmaster` VALUES ('6470','Rep. und Instandhaltung BGA','SONSTIGE KOSTEN',-1);
INSERT INTO `chartmaster` VALUES ('6520','Kfz-Versicherung','SONSTIGE KOSTEN',-1);
INSERT INTO `chartmaster` VALUES ('6530','Lfd. Kfz-Kosten','SONSTIGE KOSTEN',-1);
INSERT INTO `chartmaster` VALUES ('6540','Kfz-Reparaturen','SONSTIGE KOSTEN',-1);
INSERT INTO `chartmaster` VALUES ('6560','Fremdfahrzeuge','SONSTIGE KOSTEN',-1);
INSERT INTO `chartmaster` VALUES ('6570','Sonstige Kfz-Kosten','SONSTIGE KOSTEN',-1);
INSERT INTO `chartmaster` VALUES ('6600','Werbung','SONSTIGE KOSTEN',-1);
INSERT INTO `chartmaster` VALUES ('6610','Kundengeschenke bis DM 75.','SONSTIGE KOSTEN',-1);
INSERT INTO `chartmaster` VALUES ('6620','Kundengeschenke','SONSTIGE KOSTEN',-1);
INSERT INTO `chartmaster` VALUES ('6630','Repr','SONSTIGE KOSTEN',-1);
INSERT INTO `chartmaster` VALUES ('6640','Bewirtungskosten','SONSTIGE KOSTEN',-1);
INSERT INTO `chartmaster` VALUES ('6644','Nicht abzugsf.Bewirtungskosten','SONSTIGE KOSTEN',-1);
INSERT INTO `chartmaster` VALUES ('6650','Reisekosten Arbeitnehmer','SONSTIGE KOSTEN',-1);
INSERT INTO `chartmaster` VALUES ('6660','Reisekosten Arbeitnehmer 12.3%','SONSTIGE KOSTEN',-1);
INSERT INTO `chartmaster` VALUES ('6665','Reisekosten Arbeitnehmer 9.8%','SONSTIGE KOSTEN',-1);
INSERT INTO `chartmaster` VALUES ('6670','Reisekosten Unternehmer','SONSTIGE KOSTEN',-1);
INSERT INTO `chartmaster` VALUES ('6680','Reisekosten Unternehmer 12.3%','SONSTIGE KOSTEN',-1);
INSERT INTO `chartmaster` VALUES ('6685','Reisekosten Unternehmer 9.8%','SONSTIGE KOSTEN',-1);
INSERT INTO `chartmaster` VALUES ('6688','Reisekosten Unternehmer 5.7%','SONSTIGE KOSTEN',-1);
INSERT INTO `chartmaster` VALUES ('6690','Km-Geld-Erstattung 8.2%','SONSTIGE KOSTEN',-1);
INSERT INTO `chartmaster` VALUES ('6710','Verpackungsmaterial','SONSTIGE KOSTEN',-1);
INSERT INTO `chartmaster` VALUES ('6740','Ausgangsfrachten','SONSTIGE KOSTEN',-1);
INSERT INTO `chartmaster` VALUES ('6780','Fremdarbeiten','SONSTIGE KOSTEN',-1);
INSERT INTO `chartmaster` VALUES ('6800','Porto','SONSTIGE KOSTEN',-1);
INSERT INTO `chartmaster` VALUES ('6805','Telefon','SONSTIGE KOSTEN',-1);
INSERT INTO `chartmaster` VALUES ('6815','B','SONSTIGE KOSTEN',-1);
INSERT INTO `chartmaster` VALUES ('6820','Zeitschriften & B','SONSTIGE KOSTEN',-1);
INSERT INTO `chartmaster` VALUES ('6825','Rechts- und Beratungskosten','SONSTIGE KOSTEN',-1);
INSERT INTO `chartmaster` VALUES ('6835','Mieten f','SONSTIGE KOSTEN',-1);
INSERT INTO `chartmaster` VALUES ('6840','Mietleasing','SONSTIGE KOSTEN',-1);
INSERT INTO `chartmaster` VALUES ('6845','Werkzeuge und Kleinger','SONSTIGE KOSTEN',-1);
INSERT INTO `chartmaster` VALUES ('6850','Betriebsbedarf','SONSTIGE KOSTEN',-1);
INSERT INTO `chartmaster` VALUES ('6852','Gast','SONSTIGE KOSTEN',-1);
INSERT INTO `chartmaster` VALUES ('6855','Nebenkosten des Geldverkehrs','SONSTIGE KOSTEN',-1);
INSERT INTO `chartmaster` VALUES ('6880','Aufwendungen aus Kursdifferenzen','SONSTIGE KOSTEN',-1);
INSERT INTO `chartmaster` VALUES ('6885','Erl','SONSTIGE KOSTEN',-1);
INSERT INTO `chartmaster` VALUES ('7610','Gewerbesteuer','SONSTIGE KOSTEN',-1);
INSERT INTO `chartmaster` VALUES ('7685','Kfz-Steuer','SONSTIGE KOSTEN',-1);
INSERT INTO `chartmaster` VALUES ('8120','Steuerfreie Ums','ERTR',-1);
INSERT INTO `chartmaster` VALUES ('8125','Steuerfreie ig. Lieferungen 1b UStG.','ERTR',-1);
INSERT INTO `chartmaster` VALUES ('8200','Erl','ERTR',-1);
INSERT INTO `chartmaster` VALUES ('8300','Erl','ERTR',-1);
INSERT INTO `chartmaster` VALUES ('8400','Erl','ERTR',-1);
INSERT INTO `chartmaster` VALUES ('8500','Provisionserl','ERTR',-1);
INSERT INTO `chartmaster` VALUES ('8630','Entnahme sonstg. Leistungen 7% USt.','ERTR',-1);
INSERT INTO `chartmaster` VALUES ('8640','Entnahme sonstg. Leistungen 15% USt.','ERTR',-1);
INSERT INTO `chartmaster` VALUES ('8731','Gew. Skonti 7% USt.','ERTR',-1);
INSERT INTO `chartmaster` VALUES ('8736','Gew. Skonti 15% USt.','ERTR',-1);
INSERT INTO `chartmaster` VALUES ('8840','Ertr','ERTR',-1);
INSERT INTO `chartmaster` VALUES ('8845','Erl','ERTR',-1);
INSERT INTO `chartmaster` VALUES ('8900','Ertr','ERTR',-1);
INSERT INTO `chartmaster` VALUES ('9310','Zinsen kurzfr. Verbindlichkeiten','NEUTRALE AUFWENDUNGEN',-1);
INSERT INTO `chartmaster` VALUES ('9320','Zinsen langfr. Verbindlichkeiten','NEUTRALE AUFWENDUNGEN',-1);
INSERT INTO `chartmaster` VALUES ('9500','Ausserordentl.Aufwendungen','NEUTRALE AUFWENDUNGEN',-1);
