
INSERT INTO `accountsection` VALUES (10,'Assets');
INSERT INTO `accountsection` VALUES (20,'Liabilities');
INSERT INTO `accountsection` VALUES (30,'Income');
INSERT INTO `accountsection` VALUES (40,'Costs');

INSERT INTO `accountgroups` VALUES ('CAPITAL ASSETS',10,0,3000,'');
INSERT INTO `accountgroups` VALUES ('PAYROLL EXPENSES',40,1,10000,'');
INSERT INTO `accountgroups` VALUES ('SALES REVENUE',30,1,7000,'');
INSERT INTO `accountgroups` VALUES ('STOCK ON HAND',10,0,2000,'');
INSERT INTO `accountgroups` VALUES ('CAR EXPENSES',40,1,12000,'');
INSERT INTO `accountgroups` VALUES ('COST OF GOODS SOLD',40,1,9000,'');
INSERT INTO `accountgroups` VALUES ('CURRENT ASSETS',10,0,1000,'');
INSERT INTO `accountgroups` VALUES ('CURRENT LIABILITIES',20,0,4000,'');
INSERT INTO `accountgroups` VALUES ('EQUITY',20,0,6000,'');
INSERT INTO `accountgroups` VALUES ('GENERAL & ADMINISTRATIVE EXPEN',40,1,11000,'');
INSERT INTO `accountgroups` VALUES ('LONG TERM LIABILITIES',20,0,5000,'');
INSERT INTO `accountgroups` VALUES ('OTHER REVENUE',30,1,8000,'');

INSERT INTO `chartmaster` VALUES ('1060','Cheque Account','CURRENT ASSETS',-1);
INSERT INTO `chartmaster` VALUES ('1065','Cash / Paid From Private Accounts','CURRENT ASSETS',-1);
INSERT INTO `chartmaster` VALUES ('1205','Less: Provision Doubtful Debts','CURRENT ASSETS',-1);
INSERT INTO `chartmaster` VALUES ('1210','Trade Debtors / Australia - with GST','CURRENT ASSETS',-1);
INSERT INTO `chartmaster` VALUES ('1220','Trade Debtors / Exports - GST free','CURRENT ASSETS',-1);
INSERT INTO `chartmaster` VALUES ('1230','GST / Refund','CURRENT ASSETS',-1);
INSERT INTO `chartmaster` VALUES ('1520','SOH / Leather','STOCK ON HAND',-1);
INSERT INTO `chartmaster` VALUES ('1530','SOH / PVC','STOCK ON HAND',-1);
INSERT INTO `chartmaster` VALUES ('1540','SOH / Fabrics','STOCK ON HAND',-1);
INSERT INTO `chartmaster` VALUES ('1550','SOH / Metal Hardware / Fasteners / Accessories','STOCK ON HAND',-1);
INSERT INTO `chartmaster` VALUES ('1560','SOH / Paint / Glue / Dye','STOCK ON HAND',-1);
INSERT INTO `chartmaster` VALUES ('1570','SOH / Threads / Tapes / Cords / Laces','STOCK ON HAND',-1);
INSERT INTO `chartmaster` VALUES ('1580','SOH / Other Goods','STOCK ON HAND',-1);
INSERT INTO `chartmaster` VALUES ('1820','Plant & Equipment - at Cost','CAPITAL ASSETS',-1);
INSERT INTO `chartmaster` VALUES ('1825','Less: Accumulated Depreciation','CAPITAL ASSETS',-1);
INSERT INTO `chartmaster` VALUES ('1840','Motor Vehicles - at Cost','CAPITAL ASSETS',-1);
INSERT INTO `chartmaster` VALUES ('1845','Less: Accumulated Depreciation','CAPITAL ASSETS',-1);
INSERT INTO `chartmaster` VALUES ('2100','Trade Creditors','CURRENT LIABILITIES',-1);
INSERT INTO `chartmaster` VALUES ('2160','Taxation - Payable','CURRENT LIABILITIES',-1);
INSERT INTO `chartmaster` VALUES ('2210','Workers Compensation - Payable','CURRENT LIABILITIES',-1);
INSERT INTO `chartmaster` VALUES ('2250','Superannuation - Payable','CURRENT LIABILITIES',-1);
INSERT INTO `chartmaster` VALUES ('2260','Insurance - Payable','CURRENT LIABILITIES',-1);
INSERT INTO `chartmaster` VALUES ('2290','GST / Payable','CURRENT LIABILITIES',-1);
INSERT INTO `chartmaster` VALUES ('2300','GST Payments / Refunds','CURRENT LIABILITIES',-1);
INSERT INTO `chartmaster` VALUES ('2310','GST Adjustments','CURRENT LIABILITIES',-1);
INSERT INTO `chartmaster` VALUES ('2620','Bank Loans','LONG TERM LIABILITIES',-1);
INSERT INTO `chartmaster` VALUES ('2640','Hire Purchase','LONG TERM LIABILITIES',-1);
INSERT INTO `chartmaster` VALUES ('2650','Other Loans','LONG TERM LIABILITIES',-1);
INSERT INTO `chartmaster` VALUES ('3350','Issued & Paid up Capital','EQUITY',-1);
INSERT INTO `chartmaster` VALUES ('3360','Payments for G & S for own Use','EQUITY',-1);
INSERT INTO `chartmaster` VALUES ('3370','Opening Account Balance','EQUITY',-1);
INSERT INTO `chartmaster` VALUES ('3380','Credit Payments / Holding Account','EQUITY',-1);
INSERT INTO `chartmaster` VALUES ('3390','Retained Profits','EQUITY',-1);
INSERT INTO `chartmaster` VALUES ('4020','Sales / Manufactured Products','SALES REVENUE',-1);
INSERT INTO `chartmaster` VALUES ('4030','Sales / General','SALES REVENUE',-1);
INSERT INTO `chartmaster` VALUES ('4410','Shop Labour','OTHER REVENUE',-1);
INSERT INTO `chartmaster` VALUES ('4420','Design / Patternmaking','OTHER REVENUE',-1);
INSERT INTO `chartmaster` VALUES ('4430','Shipping & Handling','OTHER REVENUE',-1);
INSERT INTO `chartmaster` VALUES ('4440','Interest Received','OTHER REVENUE',-1);
INSERT INTO `chartmaster` VALUES ('4450','Foreign Exchange Profit','OTHER REVENUE',-1);
INSERT INTO `chartmaster` VALUES ('4460','Mark-Up / Price Adjustment','OTHER REVENUE',-1);
INSERT INTO `chartmaster` VALUES ('4470','Computer Consultancy / Training','OTHER REVENUE',-1);
INSERT INTO `chartmaster` VALUES ('5020','COGS / Leather','COST OF GOODS SOLD',-1);
INSERT INTO `chartmaster` VALUES ('5030','COGS / PVC','COST OF GOODS SOLD',-1);
INSERT INTO `chartmaster` VALUES ('5040','COGS / Fabrics','COST OF GOODS SOLD',-1);
INSERT INTO `chartmaster` VALUES ('5050','COGS / Metal Hardware / Fasteners / Accessories','COST OF GOODS SOLD',-1);
INSERT INTO `chartmaster` VALUES ('5060','COGS / Paint / Glue / Dye','COST OF GOODS SOLD',-1);
INSERT INTO `chartmaster` VALUES ('5070','COGS / Threads / Tapes / Cords / Laces','COST OF GOODS SOLD',-1);
INSERT INTO `chartmaster` VALUES ('5080','COGS / Other Goods','COST OF GOODS SOLD',-1);
INSERT INTO `chartmaster` VALUES ('5410','Wages','PAYROLL EXPENSES',-1);
INSERT INTO `chartmaster` VALUES ('5430','Superannuation','PAYROLL EXPENSES',-1);
INSERT INTO `chartmaster` VALUES ('5440','Workers Compensation','PAYROLL EXPENSES',-1);
INSERT INTO `chartmaster` VALUES ('5470','Staff Amenities','PAYROLL EXPENSES',-1);
INSERT INTO `chartmaster` VALUES ('5605','External labour costs','GENERAL & ADMINISTRATIVE EXPEN',-1);
INSERT INTO `chartmaster` VALUES ('5610','Accountancy','GENERAL & ADMINISTRATIVE EXPEN',-1);
INSERT INTO `chartmaster` VALUES ('5611','Legal Fees','GENERAL & ADMINISTRATIVE EXPEN',-1);
INSERT INTO `chartmaster` VALUES ('5613','Postage / Printing / Stationery','GENERAL & ADMINISTRATIVE EXPEN',-1);
INSERT INTO `chartmaster` VALUES ('5614','Freight and Cartage','GENERAL & ADMINISTRATIVE EXPEN',-1);
INSERT INTO `chartmaster` VALUES ('5615','Advertising & Promotions','GENERAL & ADMINISTRATIVE EXPEN',-1);
INSERT INTO `chartmaster` VALUES ('5620','Bad Debts','GENERAL & ADMINISTRATIVE EXPEN',-1);
INSERT INTO `chartmaster` VALUES ('5650','Capital Cost Allowance Expense','GENERAL & ADMINISTRATIVE EXPEN',-1);
INSERT INTO `chartmaster` VALUES ('5660','Interest Expenses','GENERAL & ADMINISTRATIVE EXPEN',-1);
INSERT INTO `chartmaster` VALUES ('5670','Depreciation Expenses','GENERAL & ADMINISTRATIVE EXPEN',-1);
INSERT INTO `chartmaster` VALUES ('5680','Taxation','GENERAL & ADMINISTRATIVE EXPEN',-1);
INSERT INTO `chartmaster` VALUES ('5685','Insurance','GENERAL & ADMINISTRATIVE EXPEN',-1);
INSERT INTO `chartmaster` VALUES ('5686','Security','GENERAL & ADMINISTRATIVE EXPEN',-1);
INSERT INTO `chartmaster` VALUES ('5690','Bank Fees And Charges','GENERAL & ADMINISTRATIVE EXPEN',-1);
INSERT INTO `chartmaster` VALUES ('5695','Other Fees And Charges','GENERAL & ADMINISTRATIVE EXPEN',-1);
INSERT INTO `chartmaster` VALUES ('5700','Office Supplies','GENERAL & ADMINISTRATIVE EXPEN',-1);
INSERT INTO `chartmaster` VALUES ('5760','Rent on Land & Buildings','GENERAL & ADMINISTRATIVE EXPEN',-1);
INSERT INTO `chartmaster` VALUES ('5765','Repairs & Maintenance','GENERAL & ADMINISTRATIVE EXPEN',-1);
INSERT INTO `chartmaster` VALUES ('5766','Fixtures & Fittings','GENERAL & ADMINISTRATIVE EXPEN',-1);
INSERT INTO `chartmaster` VALUES ('5770','Replacements (tools, etc)','GENERAL & ADMINISTRATIVE EXPEN',-1);
INSERT INTO `chartmaster` VALUES ('5780','Telephone','GENERAL & ADMINISTRATIVE EXPEN',-1);
INSERT INTO `chartmaster` VALUES ('5782','Computer Expenses','GENERAL & ADMINISTRATIVE EXPEN',-1);
INSERT INTO `chartmaster` VALUES ('5783','Research & Development','GENERAL & ADMINISTRATIVE EXPEN',-1);
INSERT INTO `chartmaster` VALUES ('5785','Travel, Accommodation & Conference','GENERAL & ADMINISTRATIVE EXPEN',-1);
INSERT INTO `chartmaster` VALUES ('5790','Hire / Rent of Plant & Equipment','GENERAL & ADMINISTRATIVE EXPEN',-1);
INSERT INTO `chartmaster` VALUES ('5795','Registration & Insurance','GENERAL & ADMINISTRATIVE EXPEN',-1);
INSERT INTO `chartmaster` VALUES ('5800','Licenses','GENERAL & ADMINISTRATIVE EXPEN',-1);
INSERT INTO `chartmaster` VALUES ('5810','Foreign Exchange Loss','GENERAL & ADMINISTRATIVE EXPEN',-1);
INSERT INTO `chartmaster` VALUES ('5811','Electricity','GENERAL & ADMINISTRATIVE EXPEN',-1);
INSERT INTO `chartmaster` VALUES ('5812','Gas','GENERAL & ADMINISTRATIVE EXPEN',-1);
INSERT INTO `chartmaster` VALUES ('5813','Sundry Expenses','GENERAL & ADMINISTRATIVE EXPEN',-1);
INSERT INTO `chartmaster` VALUES ('5820','Goods & Services for own Use','GENERAL & ADMINISTRATIVE EXPEN',-1);
INSERT INTO `chartmaster` VALUES ('5830','Discounts / Refunds / Rounding','GENERAL & ADMINISTRATIVE EXPEN',-1);
INSERT INTO `chartmaster` VALUES ('5840','Fines - NON DEDUCTIBLE EXPENSES','GENERAL & ADMINISTRATIVE EXPEN',-1);
INSERT INTO `chartmaster` VALUES ('6010','M/V Commercial - Fuels / Oils / Parts','CAR EXPENSES',-1);
INSERT INTO `chartmaster` VALUES ('6020','M/V Commercial - Repairs','CAR EXPENSES',-1);
INSERT INTO `chartmaster` VALUES ('6040','M/V Commercial - Reg / Insurance','CAR EXPENSES',-1);
INSERT INTO `chartmaster` VALUES ('6050','M/V Commercial - Depreciation Expenses','CAR EXPENSES',-1);
INSERT INTO `chartmaster` VALUES ('6060','M/V Commercial - Interest Expenses','CAR EXPENSES',-1);
INSERT INTO `chartmaster` VALUES ('6070','M/V Private Use - Depreciation Expenses','CAR EXPENSES',-1);
INSERT INTO `chartmaster` VALUES ('6080','M/V Private Use - Interest Expenses','CAR EXPENSES',-1);
INSERT INTO `chartmaster` VALUES ('6090','M/V Private Use - Other Expenses','CAR EXPENSES',-1);
