
INSERT INTO `accountsection` VALUES (10,'Assets');
INSERT INTO `accountsection` VALUES (20,'Liabilities');
INSERT INTO `accountsection` VALUES (30,'Income');
INSERT INTO `accountsection` VALUES (40,'Costs');

INSERT INTO `accountgroups` VALUES ('CAPITAL ASSETS',10,0,3000,'');
INSERT INTO `accountgroups` VALUES ('PAYROLL EXPENSES',40,1,11000,'');
INSERT INTO `accountgroups` VALUES ('SALES REVENUE',30,1,8000,'');
INSERT INTO `accountgroups` VALUES ('SHARE CAPITAL',20,0,7000,'');
INSERT INTO `accountgroups` VALUES ('COST OF GOODS SOLD',40,1,10000,'');
INSERT INTO `accountgroups` VALUES ('CURRENT ASSETS',10,0,1000,'');
INSERT INTO `accountgroups` VALUES ('CURRENT LIABILITIES',20,0,4000,'');
INSERT INTO `accountgroups` VALUES ('GENERAL & ADMINISTRATIVE EXPEN',40,1,12000,'');
INSERT INTO `accountgroups` VALUES ('INVENTORY ASSETS',10,0,2000,'');
INSERT INTO `accountgroups` VALUES ('LONG TERM LIABILITIES',20,0,6000,'');
INSERT INTO `accountgroups` VALUES ('OTHER REVENUE',30,1,9000,'');
INSERT INTO `accountgroups` VALUES ('PAYROLL DEDUCTIONS',20,0,5000,'');

INSERT INTO `chartmaster` VALUES ('1060','Chequing Account','CURRENT ASSETS',-1);
INSERT INTO `chartmaster` VALUES ('1065','Petty Cash','CURRENT ASSETS',-1);
INSERT INTO `chartmaster` VALUES ('1200','Accounts Receivables','CURRENT ASSETS',-1);
INSERT INTO `chartmaster` VALUES ('1205','Allowance for doubtful accounts','CURRENT ASSETS',-1);
INSERT INTO `chartmaster` VALUES ('1520','Inventory / General','INVENTORY ASSETS',-1);
INSERT INTO `chartmaster` VALUES ('1530','Inventory / Aftermarket Parts','INVENTORY ASSETS',-1);
INSERT INTO `chartmaster` VALUES ('1540','Inventory / Raw Materials','INVENTORY ASSETS',-1);
INSERT INTO `chartmaster` VALUES ('1820','Office Furniture & Equipment','CAPITAL ASSETS',-1);
INSERT INTO `chartmaster` VALUES ('1825','Accum. Amort. -Furn. & Equip.','CAPITAL ASSETS',-1);
INSERT INTO `chartmaster` VALUES ('1840','Vehicle','CAPITAL ASSETS',-1);
INSERT INTO `chartmaster` VALUES ('1845','Accum. Amort. -Vehicle','CAPITAL ASSETS',-1);
INSERT INTO `chartmaster` VALUES ('2100','Accounts Payable','CURRENT LIABILITIES',-1);
INSERT INTO `chartmaster` VALUES ('2160','Federal Taxes Payable','CURRENT LIABILITIES',-1);
INSERT INTO `chartmaster` VALUES ('2170','Provincial Taxes Payable','CURRENT LIABILITIES',-1);
INSERT INTO `chartmaster` VALUES ('2310','GST','CURRENT LIABILITIES',-1);
INSERT INTO `chartmaster` VALUES ('2320','PST','CURRENT LIABILITIES',-1);
INSERT INTO `chartmaster` VALUES ('2380','Vacation Pay Payable','CURRENT LIABILITIES',-1);
INSERT INTO `chartmaster` VALUES ('2390','WCB Payable','CURRENT LIABILITIES',-1);
INSERT INTO `chartmaster` VALUES ('2410','EI Payable','PAYROLL DEDUCTIONS',-1);
INSERT INTO `chartmaster` VALUES ('2420','CPP Payable','PAYROLL DEDUCTIONS',-1);
INSERT INTO `chartmaster` VALUES ('2450','Income Tax Payable','PAYROLL DEDUCTIONS',-1);
INSERT INTO `chartmaster` VALUES ('2620','Bank Loans','LONG TERM LIABILITIES',-1);
INSERT INTO `chartmaster` VALUES ('2680','Loans from Shareholders','LONG TERM LIABILITIES',-1);
INSERT INTO `chartmaster` VALUES ('3350','Common Shares','SHARE CAPITAL',-1);
INSERT INTO `chartmaster` VALUES ('4020','General Sales','SALES REVENUE',-1);
INSERT INTO `chartmaster` VALUES ('4030','Aftermarket Parts','SALES REVENUE',-1);
INSERT INTO `chartmaster` VALUES ('4430','Shipping & Handling','OTHER REVENUE',-1);
INSERT INTO `chartmaster` VALUES ('4440','Interest','OTHER REVENUE',-1);
INSERT INTO `chartmaster` VALUES ('4450','Foreign Exchange Gain / (Loss)','OTHER REVENUE',-1);
INSERT INTO `chartmaster` VALUES ('5010','Purchases','COST OF GOODS SOLD',-1);
INSERT INTO `chartmaster` VALUES ('5050','Aftermarket Parts','COST OF GOODS SOLD',-1);
INSERT INTO `chartmaster` VALUES ('5100','Freight','COST OF GOODS SOLD',-1);
INSERT INTO `chartmaster` VALUES ('5410','Wages & Salaries','PAYROLL EXPENSES',-1);
INSERT INTO `chartmaster` VALUES ('5420','EI Expense','PAYROLL EXPENSES',-1);
INSERT INTO `chartmaster` VALUES ('5430','CPP Expense','PAYROLL EXPENSES',-1);
INSERT INTO `chartmaster` VALUES ('5440','WCB Expense','PAYROLL EXPENSES',-1);
INSERT INTO `chartmaster` VALUES ('5610','Accounting & Legal','GENERAL & ADMINISTRATIVE EXPEN',-1);
INSERT INTO `chartmaster` VALUES ('5615','Advertising & Promotions','GENERAL & ADMINISTRATIVE EXPEN',-1);
INSERT INTO `chartmaster` VALUES ('5620','Bad Debts','GENERAL & ADMINISTRATIVE EXPEN',-1);
INSERT INTO `chartmaster` VALUES ('5660','Amortization Expense','GENERAL & ADMINISTRATIVE EXPEN',-1);
INSERT INTO `chartmaster` VALUES ('5680','Income Taxes','GENERAL & ADMINISTRATIVE EXPEN',-1);
INSERT INTO `chartmaster` VALUES ('5685','Insurance','GENERAL & ADMINISTRATIVE EXPEN',-1);
INSERT INTO `chartmaster` VALUES ('5690','Interest & Bank Charges','GENERAL & ADMINISTRATIVE EXPEN',-1);
INSERT INTO `chartmaster` VALUES ('5700','Office Supplies','GENERAL & ADMINISTRATIVE EXPEN',-1);
INSERT INTO `chartmaster` VALUES ('5760','Rent','GENERAL & ADMINISTRATIVE EXPEN',-1);
INSERT INTO `chartmaster` VALUES ('5765','Repair & Maintenance','GENERAL & ADMINISTRATIVE EXPEN',-1);
INSERT INTO `chartmaster` VALUES ('5780','Telephone','GENERAL & ADMINISTRATIVE EXPEN',-1);
INSERT INTO `chartmaster` VALUES ('5785','Travel & Entertainment','GENERAL & ADMINISTRATIVE EXPEN',-1);
INSERT INTO `chartmaster` VALUES ('5790','Utilities','GENERAL & ADMINISTRATIVE EXPEN',-1);
INSERT INTO `chartmaster` VALUES ('5800','Licenses','GENERAL & ADMINISTRATIVE EXPEN',-1);
