
INSERT INTO `accountsection` VALUES (1,'Aktiva');
INSERT INTO `accountsection` VALUES (2,'Kewajiban');
INSERT INTO `accountsection` VALUES (3,'Pendapatan');
INSERT INTO `accountsection` VALUES (4,'Biaya');

INSERT INTO `accountgroups` VALUES ('Penjualan',3,1,10);
INSERT INTO `accountgroups` VALUES ('Kas Bank',1,0,40);
INSERT INTO `accountgroups` VALUES ('Harga Pokok Penjualan',4,1,20);
INSERT INTO `accountgroups` VALUES ('Piutang Dagang',1,0,50);
INSERT INTO `accountgroups` VALUES ('Utang Dagang',2,0,60);
INSERT INTO `accountgroups` VALUES ('Aktiva Tetap',1,0,70);
INSERT INTO `accountgroups` VALUES ('Inventory',1,0,80);
INSERT INTO `accountgroups` VALUES ('Beban',4,1,30);
INSERT INTO `accountgroups` VALUES ('Modal',2,0,90);
INSERT INTO `accountgroups` VALUES ('Penyusutan',4,1,100);
INSERT INTO `accountgroups` VALUES ('Keuangan',4,1,110);
INSERT INTO `accountgroups` VALUES ('Aktiva Lain-lain',1,0,120);
INSERT INTO `accountgroups` VALUES ('Beban Lain-Lain',4,1,130);
INSERT INTO `accountgroups` VALUES ('Kewajiban Jangka Panjang',2,0,140);
INSERT INTO `accountgroups` VALUES ('Kewajiban',2,0,150);
INSERT INTO `accountgroups` VALUES ('Pendapatan',3,1,160);
INSERT INTO `accountgroups` VALUES ('COGS',4,1,170);
INSERT INTO `accountgroups` VALUES ('Pendapatan Lain',1,0,180);

INSERT INTO `chartmaster` VALUES ('1100','Kas dan Bank IDR','Kas Bank',-1);
INSERT INTO `chartmaster` VALUES ('1200','Mata Uang Asing','Kas Bank',-1);
INSERT INTO `chartmaster` VALUES ('1300','Piutang Dagang/AR','Piutang Dagang',-1);
INSERT INTO `chartmaster` VALUES ('1410','Inventory - Komponen','Inventory',-1);
INSERT INTO `chartmaster` VALUES ('1415','Inventory - Perakitan Barang','Inventory',-1);
INSERT INTO `chartmaster` VALUES ('1501','Uang Muka','Keuangan',-1);
INSERT INTO `chartmaster` VALUES ('1502','Pajak Pembelian - VAT in','Aktiva Lain-lain',-1);
INSERT INTO `chartmaster` VALUES ('1599','Transaksi Aktiva Tetap','Kas Bank',-1);
INSERT INTO `chartmaster` VALUES ('1700','Akumulasi Penyusutan','Penyusutan',-1);
INSERT INTO `chartmaster` VALUES ('2100','Utang Dagang/AP','Utang Dagang',-1);
INSERT INTO `chartmaster` VALUES ('2201','Pembayaran Pajak','Kewajiban',-1);
INSERT INTO `chartmaster` VALUES ('2202','Pembayaran Wajib','Kewajiban',-1);
INSERT INTO `chartmaster` VALUES ('3100','Stok Awal','Modal',-1);
INSERT INTO `chartmaster` VALUES ('3200','Stock Biasa','Modal',-1);
INSERT INTO `chartmaster` VALUES ('3400','Laba ditahan','Modal',-1);
INSERT INTO `chartmaster` VALUES ('4100','Penjualan','Pendapatan',-1);
INSERT INTO `chartmaster` VALUES ('4200','Penjualan Kembali dan Diskon','Pendapatan',-1);
INSERT INTO `chartmaster` VALUES ('5101','Harga Pokok Penjualan','COGS',-1);
INSERT INTO `chartmaster` VALUES ('5102','Diskon Temin Pembelian','COGS',-1);
INSERT INTO `chartmaster` VALUES ('5103','Ongkos Masuk','COGS',-1);
INSERT INTO `chartmaster` VALUES ('6100','Beban Penjualan','Beban',-1);
INSERT INTO `chartmaster` VALUES ('6200','Administrasi dan Beban Umum','Beban',-1);
INSERT INTO `chartmaster` VALUES ('6205','Beban Penyusutan','Beban',-1);
INSERT INTO `chartmaster` VALUES ('6300','Selisih Mata Uang Asing','Penjualan',-1);
INSERT INTO `chartmaster` VALUES ('7101','Pendapatan Bunga Bank','Pendapatan Lain',-1);
INSERT INTO `chartmaster` VALUES ('7102','Pendapatan Kas','Pendapatan Lain',-1);
INSERT INTO `chartmaster` VALUES ('8101','Beban Administrasi Bank','Beban Lain-Lain',-1);
INSERT INTO `chartmaster` VALUES ('8102','Beban Bunga Bank','Beban Lain-Lain',-1);
