
INSERT INTO `accountsection` VALUES (10,'Tillg');
INSERT INTO `accountsection` VALUES (20,'Skulder');
INSERT INTO `accountsection` VALUES (30,'Inkomst');
INSERT INTO `accountsection` VALUES (40,'Kostnad');

INSERT INTO `accountgroups` VALUES ('Avs',20,0,18000,'');
INSERT INTO `accountgroups` VALUES ('Kundfordringar',10,0,6000,'');
INSERT INTO `accountgroups` VALUES ('L',20,0,19000,'');
INSERT INTO `accountgroups` VALUES ('Lager och p',10,0,5000,'');
INSERT INTO `accountgroups` VALUES ('Maskiner och inventarier',10,0,3000,'');
INSERT INTO `accountgroups` VALUES ('Moms och s',20,0,22000,'');
INSERT INTO `accountgroups` VALUES ('Obeskattade reserver',20,0,12000,'');
INSERT INTO `accountgroups` VALUES ('Periodiseringsfond vid 1995',20,0,13000,'');
INSERT INTO `accountgroups` VALUES ('Periodiseringsfond vid 1996',20,0,14000,'');
INSERT INTO `accountgroups` VALUES ('Periodiseringsfond vid 1997',20,0,15000,'');
INSERT INTO `accountgroups` VALUES ('Periodiseringsfond vid 1998',20,0,16000,'');
INSERT INTO `accountgroups` VALUES ('Byggnader och mark',10,0,2000,'');
INSERT INTO `accountgroups` VALUES ('Periodiseringsfond vid 1999',20,0,17000,'');
INSERT INTO `accountgroups` VALUES ('Personalens skatter, avgifter',20,0,23000,'');
INSERT INTO `accountgroups` VALUES ('Skatteskulder',20,0,21000,'');
INSERT INTO `accountgroups` VALUES ('Eget kapital',10,0,11000,'');
INSERT INTO `accountgroups` VALUES ('F',10,0,8000,'');
INSERT INTO `accountgroups` VALUES ('Finansiella anl',10,0,4000,'');
INSERT INTO `accountgroups` VALUES ('Immateriella anl',20,0,1000,'');
INSERT INTO `accountgroups` VALUES ('Kassa och Bank',10,0,10000,'');
INSERT INTO `accountgroups` VALUES ('Kortfristiga placeringar',10,0,9000,'');
INSERT INTO `accountgroups` VALUES ('Kortfristiga skulder till kred',20,0,20000,'');

INSERT INTO `chartmaster` VALUES ('1010','Balanserade utgifter','Immateriella anl',-1);
INSERT INTO `chartmaster` VALUES ('1011','Balanserade utgifter f','Immateriella anl',-1);
INSERT INTO `chartmaster` VALUES ('1012','Balanserade utgifter f','Immateriella anl',-1);
INSERT INTO `chartmaster` VALUES ('1019','Ackumulerade avskrivningar p','Immateriella anl',-1);
INSERT INTO `chartmaster` VALUES ('1020','Koncessioner m m','Immateriella anl',-1);
INSERT INTO `chartmaster` VALUES ('1029','Ackumulerade avskrivningar p','Immateriella anl',-1);
INSERT INTO `chartmaster` VALUES ('1030','Patent','Immateriella anl',-1);
INSERT INTO `chartmaster` VALUES ('1039','Ackumulerade avskrivningar p','Immateriella anl',-1);
INSERT INTO `chartmaster` VALUES ('1040','Licenser','Immateriella anl',-1);
INSERT INTO `chartmaster` VALUES ('1049','Ackumulerade avskrivningar p','Immateriella anl',-1);
INSERT INTO `chartmaster` VALUES ('1050','Varum','Immateriella anl',-1);
INSERT INTO `chartmaster` VALUES ('1059','Ackumulerade avskrivningar p','Immateriella anl',-1);
INSERT INTO `chartmaster` VALUES ('1060','Hyresr','Immateriella anl',-1);
INSERT INTO `chartmaster` VALUES ('1069','Ackumulerade avskrivningar p','Immateriella anl',-1);
INSERT INTO `chartmaster` VALUES ('1070','Goodwill','Immateriella anl',-1);
INSERT INTO `chartmaster` VALUES ('1079','Ackumulerade avskrivningar p','Immateriella anl',-1);
INSERT INTO `chartmaster` VALUES ('1080','P','Immateriella anl',-1);
INSERT INTO `chartmaster` VALUES ('1081','P','Immateriella anl',-1);
INSERT INTO `chartmaster` VALUES ('1088','F','Immateriella anl',-1);
INSERT INTO `chartmaster` VALUES ('1090','','Immateriella anl',-1);
INSERT INTO `chartmaster` VALUES ('1099','Ackumulerade avskrivningar p','Immateriella anl',-1);
INSERT INTO `chartmaster` VALUES ('1110','Byggnader','Byggnader och mark',-1);
INSERT INTO `chartmaster` VALUES ('1111','Byggnader p','Byggnader och mark',-1);
INSERT INTO `chartmaster` VALUES ('1112','Byggnader p','Byggnader och mark',-1);
INSERT INTO `chartmaster` VALUES ('1119','Ackumulerade avskrivningar p','Byggnader och mark',-1);
INSERT INTO `chartmaster` VALUES ('1130','Mark','Byggnader och mark',-1);
INSERT INTO `chartmaster` VALUES ('1140','Tomter och obebyggda markomr','Byggnader och mark',-1);
INSERT INTO `chartmaster` VALUES ('1150','Markanl','Byggnader och mark',-1);
INSERT INTO `chartmaster` VALUES ('1159','Ackumulerade avskrivningar p','Byggnader och mark',-1);
INSERT INTO `chartmaster` VALUES ('1180','P','Byggnader och mark',-1);
INSERT INTO `chartmaster` VALUES ('1181','P','Byggnader och mark',-1);
INSERT INTO `chartmaster` VALUES ('1182','P','Byggnader och mark',-1);
INSERT INTO `chartmaster` VALUES ('1183','P','Byggnader och mark',-1);
INSERT INTO `chartmaster` VALUES ('1188','F','Byggnader och mark',-1);
INSERT INTO `chartmaster` VALUES ('1190','','Byggnader och mark',-1);
INSERT INTO `chartmaster` VALUES ('1199','Ackumulerade avskrivningar p','Byggnader och mark',-1);
INSERT INTO `chartmaster` VALUES ('1200','Maskiner och inventarier (gruppkonto)','Maskiner och inventarier',-1);
INSERT INTO `chartmaster` VALUES ('1209','Ackumulerade avskrivningar p','Maskiner och inventarier',-1);
INSERT INTO `chartmaster` VALUES ('1210','Maskiner och andra tekniska anl','Maskiner och inventarier',-1);
INSERT INTO `chartmaster` VALUES ('1211','Maskiner','Maskiner och inventarier',-1);
INSERT INTO `chartmaster` VALUES ('1212','Byggnadsinventarier','Maskiner och inventarier',-1);
INSERT INTO `chartmaster` VALUES ('1213','Andra tekniska anl','Maskiner och inventarier',-1);
INSERT INTO `chartmaster` VALUES ('1219','Ackumulerade avskrivningar p','Maskiner och inventarier',-1);
INSERT INTO `chartmaster` VALUES ('1220','Inventarier och verktyg','Maskiner och inventarier',-1);
INSERT INTO `chartmaster` VALUES ('1229','Ackumulerade avskrivningar p','Maskiner och inventarier',-1);
INSERT INTO `chartmaster` VALUES ('1230','Installationer','Maskiner och inventarier',-1);
INSERT INTO `chartmaster` VALUES ('1231','Installationer p','Maskiner och inventarier',-1);
INSERT INTO `chartmaster` VALUES ('1232','Installationer p','Maskiner och inventarier',-1);
INSERT INTO `chartmaster` VALUES ('1233','F','Maskiner och inventarier',-1);
INSERT INTO `chartmaster` VALUES ('1239','Ackumulerade avskrivningar p','Maskiner och inventarier',-1);
INSERT INTO `chartmaster` VALUES ('1240','Bilar och andra transportmedel','Maskiner och inventarier',-1);
INSERT INTO `chartmaster` VALUES ('1249','Ackumulerade avskrivningar p','Maskiner och inventarier',-1);
INSERT INTO `chartmaster` VALUES ('1250','Datorer','Maskiner och inventarier',-1);
INSERT INTO `chartmaster` VALUES ('1251','Datorer - f','Maskiner och inventarier',-1);
INSERT INTO `chartmaster` VALUES ('1257','Datorer - personal','Maskiner och inventarier',-1);
INSERT INTO `chartmaster` VALUES ('1259','Ackumulerade avskrivningar p','Maskiner och inventarier',-1);
INSERT INTO `chartmaster` VALUES ('1260','Leasingavtal','Maskiner och inventarier',-1);
INSERT INTO `chartmaster` VALUES ('1269','Ackumulerade avskrivningar p','Maskiner och inventarier',-1);
INSERT INTO `chartmaster` VALUES ('1280','P','Maskiner och inventarier',-1);
INSERT INTO `chartmaster` VALUES ('1281','P','Maskiner och inventarier',-1);
INSERT INTO `chartmaster` VALUES ('1288','F','Maskiner och inventarier',-1);
INSERT INTO `chartmaster` VALUES ('1290','','Maskiner och inventarier',-1);
INSERT INTO `chartmaster` VALUES ('1291','Konst och liknande tillg','Maskiner och inventarier',-1);
INSERT INTO `chartmaster` VALUES ('1292','Inventarier i annans fastighet','Maskiner och inventarier',-1);
INSERT INTO `chartmaster` VALUES ('1299','Ackumulerade avskrivningar p','Maskiner och inventarier',-1);
INSERT INTO `chartmaster` VALUES ('1310','Aktier och andelar i koncernf','Finansiella anl',-1);
INSERT INTO `chartmaster` VALUES ('1311','Aktier och andelar i svenska dotterf','Finansiella anl',-1);
INSERT INTO `chartmaster` VALUES ('1312','Aktier och andelar i utl','Finansiella anl',-1);
INSERT INTO `chartmaster` VALUES ('1313','Aktier och andelar i andra svenska koncernf','Finansiella anl',-1);
INSERT INTO `chartmaster` VALUES ('1314','Aktier och andelar i andra utl','Finansiella anl',-1);
INSERT INTO `chartmaster` VALUES ('1319','V','Finansiella anl',-1);
INSERT INTO `chartmaster` VALUES ('1320','L','Finansiella anl',-1);
INSERT INTO `chartmaster` VALUES ('1321','Fordringar hos moderf','Finansiella anl',-1);
INSERT INTO `chartmaster` VALUES ('1322','Fordringar hos dotterf','Finansiella anl',-1);
INSERT INTO `chartmaster` VALUES ('1323','Fordringar hos andra koncernf','Finansiella anl',-1);
INSERT INTO `chartmaster` VALUES ('1329','V','Finansiella anl',-1);
INSERT INTO `chartmaster` VALUES ('1330','Aktier och andelar i intressef','Finansiella anl',-1);
INSERT INTO `chartmaster` VALUES ('1339','V','Finansiella anl',-1);
INSERT INTO `chartmaster` VALUES ('1340','L','Finansiella anl',-1);
INSERT INTO `chartmaster` VALUES ('1349','V','Finansiella anl',-1);
INSERT INTO `chartmaster` VALUES ('1350','Aktier, andelar och v','Finansiella anl',-1);
INSERT INTO `chartmaster` VALUES ('1351','Aktier i b','Finansiella anl',-1);
INSERT INTO `chartmaster` VALUES ('1352','Andra aktier och andelar','Finansiella anl',-1);
INSERT INTO `chartmaster` VALUES ('1353','Andelar i bostadsr','Finansiella anl',-1);
INSERT INTO `chartmaster` VALUES ('1354','Obligationer','Finansiella anl',-1);
INSERT INTO `chartmaster` VALUES ('1359','V','Finansiella anl',-1);
INSERT INTO `chartmaster` VALUES ('1380','Andra l','Finansiella anl',-1);
INSERT INTO `chartmaster` VALUES ('1381','Reversfordringar','Finansiella anl',-1);
INSERT INTO `chartmaster` VALUES ('1382','Fordringar hos anst','Finansiella anl',-1);
INSERT INTO `chartmaster` VALUES ('1383','L','Finansiella anl',-1);
INSERT INTO `chartmaster` VALUES ('1384','L','Finansiella anl',-1);
INSERT INTO `chartmaster` VALUES ('1385','V','Finansiella anl',-1);
INSERT INTO `chartmaster` VALUES ('1386','F','Finansiella anl',-1);
INSERT INTO `chartmaster` VALUES ('1387','L','Finansiella anl',-1);
INSERT INTO `chartmaster` VALUES ('1388','Olika l','Finansiella anl',-1);
INSERT INTO `chartmaster` VALUES ('1389','V','Finansiella anl',-1);
INSERT INTO `chartmaster` VALUES ('1390','V','Finansiella anl',-1);
INSERT INTO `chartmaster` VALUES ('1400','Lager (gruppkonto)','Lager och p',-1);
INSERT INTO `chartmaster` VALUES ('1401','Inneliggande lager','Lager och p',-1);
INSERT INTO `chartmaster` VALUES ('1402','Varor p','Lager och p',-1);
INSERT INTO `chartmaster` VALUES ('1403','Konsignationslager','Lager och p',-1);
INSERT INTO `chartmaster` VALUES ('1404','Lager av v','Lager och p',-1);
INSERT INTO `chartmaster` VALUES ('1409','F','Lager och p',-1);
INSERT INTO `chartmaster` VALUES ('1410','Lager av r','Lager och p',-1);
INSERT INTO `chartmaster` VALUES ('1419','F','Lager och p',-1);
INSERT INTO `chartmaster` VALUES ('1420','Lager av tillsatsmaterial och f','Lager och p',-1);
INSERT INTO `chartmaster` VALUES ('1429','F','Lager och p',-1);
INSERT INTO `chartmaster` VALUES ('1430','Lager av halvfabrikat','Lager och p',-1);
INSERT INTO `chartmaster` VALUES ('1431','Lager av k','Lager och p',-1);
INSERT INTO `chartmaster` VALUES ('1432','Lager av egentillverkde halvfabrikat','Lager och p',-1);
INSERT INTO `chartmaster` VALUES ('1439','F','Lager och p',-1);
INSERT INTO `chartmaster` VALUES ('1440','Produkter i arbete - (PIA)','Lager och p',-1);
INSERT INTO `chartmaster` VALUES ('1449','F','Lager och p',-1);
INSERT INTO `chartmaster` VALUES ('1450','Lager av f','Lager och p',-1);
INSERT INTO `chartmaster` VALUES ('1459','F','Lager och p',-1);
INSERT INTO `chartmaster` VALUES ('1460','Lager av handelsvaror - Varulager','Lager och p',-1);
INSERT INTO `chartmaster` VALUES ('1469','F','Lager och p',-1);
INSERT INTO `chartmaster` VALUES ('1470','P','Lager och p',-1);
INSERT INTO `chartmaster` VALUES ('1471','P','Lager och p',-1);
INSERT INTO `chartmaster` VALUES ('1472','Oms','Lager och p',-1);
INSERT INTO `chartmaster` VALUES ('1478','P','Lager och p',-1);
INSERT INTO `chartmaster` VALUES ('1479','F','Lager och p',-1);
INSERT INTO `chartmaster` VALUES ('1480','F','Lager och p',-1);
INSERT INTO `chartmaster` VALUES ('1481','Remburs','Lager och p',-1);
INSERT INTO `chartmaster` VALUES ('1489','','Lager och p',-1);
INSERT INTO `chartmaster` VALUES ('1490','F','Lager och p',-1);
INSERT INTO `chartmaster` VALUES ('1500','Kundfordringar (gruppkonto)','Kundfordringar',-1);
INSERT INTO `chartmaster` VALUES ('1510','Kundfordringar','Kundfordringar',-1);
INSERT INTO `chartmaster` VALUES ('1512','Bel','Kundfordringar',-1);
INSERT INTO `chartmaster` VALUES ('1515','Os','Kundfordringar',-1);
INSERT INTO `chartmaster` VALUES ('1516','Tvistiga kundfordringar','Kundfordringar',-1);
INSERT INTO `chartmaster` VALUES ('1518','Ej reskontraf','Kundfordringar',-1);
INSERT INTO `chartmaster` VALUES ('1519','V','Kundfordringar',-1);
INSERT INTO `chartmaster` VALUES ('1520','V','Kundfordringar',-1);
INSERT INTO `chartmaster` VALUES ('1525','Os','Kundfordringar',-1);
INSERT INTO `chartmaster` VALUES ('1529','V','Kundfordringar',-1);
INSERT INTO `chartmaster` VALUES ('1530','Kontraktsfordringar','Kundfordringar',-1);
INSERT INTO `chartmaster` VALUES ('1540','Bel','Kundfordringar',-1);
INSERT INTO `chartmaster` VALUES ('1541','Bel','Kundfordringar',-1);
INSERT INTO `chartmaster` VALUES ('1545','Os','Kundfordringar',-1);
INSERT INTO `chartmaster` VALUES ('1550','Konsignationsfordringar','Kundfordringar',-1);
INSERT INTO `chartmaster` VALUES ('1560','Kundfordringar hos koncernf','Kundfordringar',-1);
INSERT INTO `chartmaster` VALUES ('1561','Kundfordringar hos moderf','Kundfordringar',-1);
INSERT INTO `chartmaster` VALUES ('1562','Kundfordringar hos dotternf','Kundfordringar',-1);
INSERT INTO `chartmaster` VALUES ('1563','Kundfordringar hos andra koncernf','Kundfordringar',-1);
INSERT INTO `chartmaster` VALUES ('1569','V','Kundfordringar',-1);
INSERT INTO `chartmaster` VALUES ('1570','Kundfordringar hos intressef','Kundfordringar',-1);
INSERT INTO `chartmaster` VALUES ('1575','Os','Kundfordringar',-1);
INSERT INTO `chartmaster` VALUES ('1579','V','Kundfordringar',-1);
INSERT INTO `chartmaster` VALUES ('1580','Kontokort och kuponger','Kundfordringar',-1);
INSERT INTO `chartmaster` VALUES ('1590','V','Kundfordringar',-1);
INSERT INTO `chartmaster` VALUES ('1600','','',-1,'');
INSERT INTO `chartmaster` VALUES ('1610','Fordringar hos anst','',-1,'');
INSERT INTO `chartmaster` VALUES ('1611','Resef','',-1,'');
INSERT INTO `chartmaster` VALUES ('1612','Kassaf','',-1,'');
INSERT INTO `chartmaster` VALUES ('1613','','',-1,'');
INSERT INTO `chartmaster` VALUES ('1614','Tillf','',-1,'');
INSERT INTO `chartmaster` VALUES ('1619','','',-1,'');
INSERT INTO `chartmaster` VALUES ('1630','Avr','',-1,'');
INSERT INTO `chartmaster` VALUES ('1640','Skattefordringar','',-1,'');
INSERT INTO `chartmaster` VALUES ('1650','Momsfordringar','',-1,'');
INSERT INTO `chartmaster` VALUES ('1660','Fordringar hos koncernf','',-1,'');
INSERT INTO `chartmaster` VALUES ('1661','Fordringar hos moderf','',-1,'');
INSERT INTO `chartmaster` VALUES ('1662','Fordringar hos dotterf','',-1,'');
INSERT INTO `chartmaster` VALUES ('1663','Fordringar hos andra koncernf','',-1,'');
INSERT INTO `chartmaster` VALUES ('1670','Fordringar hos intressef','',-1,'');
INSERT INTO `chartmaster` VALUES ('1680','Andra kortfristiga fordringar','',-1,'');
INSERT INTO `chartmaster` VALUES ('1681','Utl','',-1,'');
INSERT INTO `chartmaster` VALUES ('1682','Kortfristiga l','',-1,'');
INSERT INTO `chartmaster` VALUES ('1683','Fordringar f','',-1,'');
INSERT INTO `chartmaster` VALUES ('1684','Fordringar hos leverant','',-1,'');
INSERT INTO `chartmaster` VALUES ('1685','Fordringar hos n','',-1,'');
INSERT INTO `chartmaster` VALUES ('1686','Upparbetad men ej fakturerad int','',-1,'');
INSERT INTO `chartmaster` VALUES ('1687','Kortfristig del av l','',-1,'');
INSERT INTO `chartmaster` VALUES ('1689','','',-1,'');
INSERT INTO `chartmaster` VALUES ('1690','V','',-1,'');
INSERT INTO `chartmaster` VALUES ('1700','F','F',-1);
INSERT INTO `chartmaster` VALUES ('1710','F','F',-1);
INSERT INTO `chartmaster` VALUES ('1711','F','F',-1);
INSERT INTO `chartmaster` VALUES ('1720','F','F',-1);
INSERT INTO `chartmaster` VALUES ('1730','F','F',-1);
INSERT INTO `chartmaster` VALUES ('1740','F','F',-1);
INSERT INTO `chartmaster` VALUES ('1750','Upplupna hyresinkomster','F',-1);
INSERT INTO `chartmaster` VALUES ('1760','Upplupna inkomstr','F',-1);
INSERT INTO `chartmaster` VALUES ('1770','Tillg','F',-1);
INSERT INTO `chartmaster` VALUES ('1780','Upplupna avtalsinkomster','F',-1);
INSERT INTO `chartmaster` VALUES ('1790','','F',-1);
INSERT INTO `chartmaster` VALUES ('1800','Kortfristiga placeringar (gruppkonto)','Kortfristiga placeringar',-1);
INSERT INTO `chartmaster` VALUES ('1810','Aktier i b','Kortfristiga placeringar',-1);
INSERT INTO `chartmaster` VALUES ('1820','Obligationer','Kortfristiga placeringar',-1);
INSERT INTO `chartmaster` VALUES ('1830','Konvertibla skuldebrev','Kortfristiga placeringar',-1);
INSERT INTO `chartmaster` VALUES ('1880','Andra kortfristiga placeringar','Kortfristiga placeringar',-1);
INSERT INTO `chartmaster` VALUES ('1882','Egna aktier','Kortfristiga placeringar',-1);
INSERT INTO `chartmaster` VALUES ('1886','Aktier och andelar i koncernf','Kortfristiga placeringar',-1);
INSERT INTO `chartmaster` VALUES ('1889','Aktier och andelar i','Kortfristiga placeringar',-1);
INSERT INTO `chartmaster` VALUES ('1890','V','Kortfristiga placeringar',-1);
INSERT INTO `chartmaster` VALUES ('1900','Obsevationskonto','Kassa och Bank',-1);
INSERT INTO `chartmaster` VALUES ('1910','Kassa','Kassa och Bank',-1);
INSERT INTO `chartmaster` VALUES ('1911','Huvudkassa','Kassa och Bank',-1);
INSERT INTO `chartmaster` VALUES ('1912','Kassa 2','Kassa och Bank',-1);
INSERT INTO `chartmaster` VALUES ('1913','Kassa 3','Kassa och Bank',-1);
INSERT INTO `chartmaster` VALUES ('1920','Postgiro','Kassa och Bank',-1);
INSERT INTO `chartmaster` VALUES ('1921','Postgiro 1','Kassa och Bank',-1);
INSERT INTO `chartmaster` VALUES ('1922','Postgiro 2','Kassa och Bank',-1);
INSERT INTO `chartmaster` VALUES ('1930','Checkr','Kassa och Bank',-1);
INSERT INTO `chartmaster` VALUES ('1931','Checkr','Kassa och Bank',-1);
INSERT INTO `chartmaster` VALUES ('1932','Checkr','Kassa och Bank',-1);
INSERT INTO `chartmaster` VALUES ('1940','Bank och','Kassa och Bank',-1);
INSERT INTO `chartmaster` VALUES ('1941','Bankkonto 1','Kassa och Bank',-1);
INSERT INTO `chartmaster` VALUES ('1942','Bankkonto 2','Kassa och Bank',-1);
INSERT INTO `chartmaster` VALUES ('1950','Bankcertifikat','Kassa och Bank',-1);
INSERT INTO `chartmaster` VALUES ('1960','Koncernkonto moderbolag','Kassa och Bank',-1);
INSERT INTO `chartmaster` VALUES ('1970','S','Kassa och Bank',-1);
INSERT INTO `chartmaster` VALUES ('1971','Allm','Kassa och Bank',-1);
INSERT INTO `chartmaster` VALUES ('1972','Upphovsmannakonto','Kassa och Bank',-1);
INSERT INTO `chartmaster` VALUES ('1973','Skogskonto','Kassa och Bank',-1);
INSERT INTO `chartmaster` VALUES ('1974','Sp','Kassa och Bank',-1);
INSERT INTO `chartmaster` VALUES ('1979','','Kassa och Bank',-1);
INSERT INTO `chartmaster` VALUES ('2010','Eget kapital - f','Eget kapital',-1);
INSERT INTO `chartmaster` VALUES ('2011','Egna varuuttag','Eget kapital',-1);
INSERT INTO `chartmaster` VALUES ('2012','Avr','Eget kapital',-1);
INSERT INTO `chartmaster` VALUES ('2013','','Eget kapital',-1);
INSERT INTO `chartmaster` VALUES ('2014','Upplupna egenavgifer och s','Eget kapital',-1);
INSERT INTO `chartmaster` VALUES ('2017','','Eget kapital',-1);
INSERT INTO `chartmaster` VALUES ('2018','','Eget kapital',-1);
INSERT INTO `chartmaster` VALUES ('2019','','Eget kapital',-1);
INSERT INTO `chartmaster` VALUES ('2020','Eget kapital - del','Eget kapital',-1);
INSERT INTO `chartmaster` VALUES ('2021','Egna varuuttag','Eget kapital',-1);
INSERT INTO `chartmaster` VALUES ('2022','Avr','Eget kapital',-1);
INSERT INTO `chartmaster` VALUES ('2023','','Eget kapital',-1);
INSERT INTO `chartmaster` VALUES ('2024','Upplupna egenavgifter och s','Eget kapital',-1);
INSERT INTO `chartmaster` VALUES ('2027','','Eget kapital',-1);
INSERT INTO `chartmaster` VALUES ('2028','','Eget kapital',-1);
INSERT INTO `chartmaster` VALUES ('2029','','Eget kapital',-1);
INSERT INTO `chartmaster` VALUES ('2030','Eget kapital - del','Eget kapital',-1);
INSERT INTO `chartmaster` VALUES ('2031','Egna varuuttag','Eget kapital',-1);
INSERT INTO `chartmaster` VALUES ('2032','Avr','Eget kapital',-1);
INSERT INTO `chartmaster` VALUES ('2033','','Eget kapital',-1);
INSERT INTO `chartmaster` VALUES ('2034','Upplupna egenavgifer och s','Eget kapital',-1);
INSERT INTO `chartmaster` VALUES ('2037','','Eget kapital',-1);
INSERT INTO `chartmaster` VALUES ('2038','','Eget kapital',-1);
INSERT INTO `chartmaster` VALUES ('2039','','Eget kapital',-1);
INSERT INTO `chartmaster` VALUES ('2050','Avs','Eget kapital',-1);
INSERT INTO `chartmaster` VALUES ('2080','Bundet eget kapital - aktiebolag, ek,f','Eget kapital',-1);
INSERT INTO `chartmaster` VALUES ('2081','Aktiekapital','Eget kapital',-1);
INSERT INTO `chartmaster` VALUES ('2082','Ej registrerat aktiekapital','Eget kapital',-1);
INSERT INTO `chartmaster` VALUES ('2083','Inbetalda insatser - stiftelsekapital i stiftelse','Eget kapital',-1);
INSERT INTO `chartmaster` VALUES ('2084','','Eget kapital',-1);
INSERT INTO `chartmaster` VALUES ('2085','Uppskrivningsfond','Eget kapital',-1);
INSERT INTO `chartmaster` VALUES ('2086','Reservfond - v','Eget kapital',-1);
INSERT INTO `chartmaster` VALUES ('2090','Fritt eget kapital','Eget kapital',-1);
INSERT INTO `chartmaster` VALUES ('2091','Balanserad vinst eller f','Eget kapital',-1);
INSERT INTO `chartmaster` VALUES ('2092','Erh','Eget kapital',-1);
INSERT INTO `chartmaster` VALUES ('2093','Erh','Eget kapital',-1);
INSERT INTO `chartmaster` VALUES ('2098','Vinst eller f','Eget kapital',-1);
INSERT INTO `chartmaster` VALUES ('2099','','Eget kapital',-1);
INSERT INTO `chartmaster` VALUES ('2150','Ackumulerade','Periodiseringsfond vid 1999',-1);
INSERT INTO `chartmaster` VALUES ('2151','Ackumulerade','Periodiseringsfond vid 1999',-1);
INSERT INTO `chartmaster` VALUES ('2152','Ackumulerade','Periodiseringsfond vid 1999',-1);
INSERT INTO `chartmaster` VALUES ('2153','Ackumulerade','Periodiseringsfond vid 1999',-1);
INSERT INTO `chartmaster` VALUES ('2160','Ers','Periodiseringsfond vid 1999',-1);
INSERT INTO `chartmaster` VALUES ('2161','Ers','Periodiseringsfond vid 1999',-1);
INSERT INTO `chartmaster` VALUES ('2162','Ers','Periodiseringsfond vid 1999',-1);
INSERT INTO `chartmaster` VALUES ('2163','Ers','Periodiseringsfond vid 1999',-1);
INSERT INTO `chartmaster` VALUES ('2164','Ers','Periodiseringsfond vid 1999',-1);
INSERT INTO `chartmaster` VALUES ('2170','Avs','Periodiseringsfond vid 1999',-1);
INSERT INTO `chartmaster` VALUES ('2171','Allm','Periodiseringsfond vid 1999',-1);
INSERT INTO `chartmaster` VALUES ('2180','Obeskattade int','Periodiseringsfond vid 1999',-1);
INSERT INTO `chartmaster` VALUES ('2181','Obeskattade upphovsmannaint','Periodiseringsfond vid 1999',-1);
INSERT INTO `chartmaster` VALUES ('2185','Obeskattade skogsint','Periodiseringsfond vid 1999',-1);
INSERT INTO `chartmaster` VALUES ('2190','','Periodiseringsfond vid 1999',-1);
INSERT INTO `chartmaster` VALUES ('2191','Skillnad mellan bokf','Periodiseringsfond vid 1999',-1);
INSERT INTO `chartmaster` VALUES ('2195','Valutakursreserv','Periodiseringsfond vid 1999',-1);
INSERT INTO `chartmaster` VALUES ('2196','Lagerreserv','Periodiseringsfond vid 1999',-1);
INSERT INTO `chartmaster` VALUES ('2197','Skatteutj','Periodiseringsfond vid 1999',-1);
INSERT INTO `chartmaster` VALUES ('2199','','Periodiseringsfond vid 1999',-1);
INSERT INTO `chartmaster` VALUES ('2210','Avs','Avs',-1);
INSERT INTO `chartmaster` VALUES ('2211','Avs','Avs',-1);
INSERT INTO `chartmaster` VALUES ('2219','Avs','Avs',-1);
INSERT INTO `chartmaster` VALUES ('2220','Avs','Avs',-1);
INSERT INTO `chartmaster` VALUES ('2250','Avs','Avs',-1);
INSERT INTO `chartmaster` VALUES ('2251','Avs','Avs',-1);
INSERT INTO `chartmaster` VALUES ('2252','Avs','Avs',-1);
INSERT INTO `chartmaster` VALUES ('2259','Avs','Avs',-1);
INSERT INTO `chartmaster` VALUES ('2290','','Avs',-1);
INSERT INTO `chartmaster` VALUES ('2310','Obligations- och f','L',-1);
INSERT INTO `chartmaster` VALUES ('2320','Konvertibla l','L',-1);
INSERT INTO `chartmaster` VALUES ('2330','Checkr','L',-1);
INSERT INTO `chartmaster` VALUES ('2331','Checkr','L',-1);
INSERT INTO `chartmaster` VALUES ('2332','Checkr','L',-1);
INSERT INTO `chartmaster` VALUES ('2333','Utnyttjad checkr','L',-1);
INSERT INTO `chartmaster` VALUES ('2334','Utnyttjad checkr','L',-1);
INSERT INTO `chartmaster` VALUES ('2335','Beviljad checkr','L',-1);
INSERT INTO `chartmaster` VALUES ('2336','Beviljad checkr','L',-1);
INSERT INTO `chartmaster` VALUES ('2340','Byggnadskreditiv','L',-1);
INSERT INTO `chartmaster` VALUES ('2350','Andra skulder till kreditinstitut','L',-1);
INSERT INTO `chartmaster` VALUES ('2351','Fastighetsl','L',-1);
INSERT INTO `chartmaster` VALUES ('2355','L','L',-1);
INSERT INTO `chartmaster` VALUES ('2359','','L',-1);
INSERT INTO `chartmaster` VALUES ('2360','Skulder till koncernf','L',-1);
INSERT INTO `chartmaster` VALUES ('2361','Skulder till Moderf','L',-1);
INSERT INTO `chartmaster` VALUES ('2362','Skulder till dotterf','L',-1);
INSERT INTO `chartmaster` VALUES ('2363','Skulder till andra koncernf','L',-1);
INSERT INTO `chartmaster` VALUES ('2370','Skulder till intressef','L',-1);
INSERT INTO `chartmaster` VALUES ('2390','','L',-1);
INSERT INTO `chartmaster` VALUES ('2391','Avbetalningskontrakt','L',-1);
INSERT INTO `chartmaster` VALUES ('2392','Villkorliga skulder','L',-1);
INSERT INTO `chartmaster` VALUES ('2393','L','L',-1);
INSERT INTO `chartmaster` VALUES ('2394','L','L',-1);
INSERT INTO `chartmaster` VALUES ('2395','Andra l','L',-1);
INSERT INTO `chartmaster` VALUES ('2397','Mottagna depositioner','L',-1);
INSERT INTO `chartmaster` VALUES ('2399','','L',-1);
INSERT INTO `chartmaster` VALUES ('2410','Kortfristiga skulder till kreditinstitut','Kortfristiga skulder till kred',-1);
INSERT INTO `chartmaster` VALUES ('2411','Kortfristiga l','Kortfristiga skulder till kred',-1);
INSERT INTO `chartmaster` VALUES ('2417','Kortfristig del av l','Kortfristiga skulder till kred',-1);
INSERT INTO `chartmaster` VALUES ('2418','Kortfristig del av checkr','Kortfristiga skulder till kred',-1);
INSERT INTO `chartmaster` VALUES ('2419','','Kortfristiga skulder till kred',-1);
INSERT INTO `chartmaster` VALUES ('2420','F','Kortfristiga skulder till kred',-1);
INSERT INTO `chartmaster` VALUES ('2421','Ej inl','Kortfristiga skulder till kred',-1);
INSERT INTO `chartmaster` VALUES ('2429','','Kortfristiga skulder till kred',-1);
INSERT INTO `chartmaster` VALUES ('2430','P','Kortfristiga skulder till kred',-1);
INSERT INTO `chartmaster` VALUES ('2431','P','Kortfristiga skulder till kred',-1);
INSERT INTO `chartmaster` VALUES ('2435','Fakturerad men ej upparbetad int','Kortfristiga skulder till kred',-1);
INSERT INTO `chartmaster` VALUES ('2438','P','Kortfristiga skulder till kred',-1);
INSERT INTO `chartmaster` VALUES ('2440','Leverant','Kortfristiga skulder till kred',-1);
INSERT INTO `chartmaster` VALUES ('2443','Konsignationsskulder','Kortfristiga skulder till kred',-1);
INSERT INTO `chartmaster` VALUES ('2445','Tvistiga leverant','Kortfristiga skulder till kred',-1);
INSERT INTO `chartmaster` VALUES ('2448','Ej reskontraf','Kortfristiga skulder till kred',-1);
INSERT INTO `chartmaster` VALUES ('2460','Leverant','Kortfristiga skulder till kred',-1);
INSERT INTO `chartmaster` VALUES ('2461','Leverant','Kortfristiga skulder till kred',-1);
INSERT INTO `chartmaster` VALUES ('2462','Leverant','Kortfristiga skulder till kred',-1);
INSERT INTO `chartmaster` VALUES ('2463','Leverant','Kortfristiga skulder till kred',-1);
INSERT INTO `chartmaster` VALUES ('2470','Leverant','Kortfristiga skulder till kred',-1);
INSERT INTO `chartmaster` VALUES ('2490','','Kortfristiga skulder till kred',-1);
INSERT INTO `chartmaster` VALUES ('2491','V','Kortfristiga skulder till kred',-1);
INSERT INTO `chartmaster` VALUES ('2510','Skatteskulder','Skatteskulder',-1);
INSERT INTO `chartmaster` VALUES ('2511','Debiterad kvarst','Skatteskulder',-1);
INSERT INTO `chartmaster` VALUES ('2512','Ber','Skatteskulder',-1);
INSERT INTO `chartmaster` VALUES ('2513','Ber','Skatteskulder',-1);
INSERT INTO `chartmaster` VALUES ('2514','Ber','Skatteskulder',-1);
INSERT INTO `chartmaster` VALUES ('2515','Ber','Skatteskulder',-1);
INSERT INTO `chartmaster` VALUES ('2518','Betald prelimin','Skatteskulder',-1);
INSERT INTO `chartmaster` VALUES ('2610','Utg','Moms och s',-1);
INSERT INTO `chartmaster` VALUES ('2611','Utg','Moms och s',-1);
INSERT INTO `chartmaster` VALUES ('2612','Utg','Moms och s',-1);
INSERT INTO `chartmaster` VALUES ('2613','Utg','Moms och s',-1);
INSERT INTO `chartmaster` VALUES ('2614','Ber','Moms och s',-1);
INSERT INTO `chartmaster` VALUES ('2615','Ber','Moms och s',-1);
INSERT INTO `chartmaster` VALUES ('2618','Vilande utg','Moms och s',-1);
INSERT INTO `chartmaster` VALUES ('2620','Utg','Moms och s',-1);
INSERT INTO `chartmaster` VALUES ('2621','Utg','Moms och s',-1);
INSERT INTO `chartmaster` VALUES ('2622','Utg','Moms och s',-1);
INSERT INTO `chartmaster` VALUES ('2628','Vilande utg','Moms och s',-1);
INSERT INTO `chartmaster` VALUES ('2630','Utg','Moms och s',-1);
INSERT INTO `chartmaster` VALUES ('2631','Utg','Moms och s',-1);
INSERT INTO `chartmaster` VALUES ('2632','Utg','Moms och s',-1);
INSERT INTO `chartmaster` VALUES ('2638','Vilande utg','Moms och s',-1);
INSERT INTO `chartmaster` VALUES ('2640','Ing','Moms och s',-1);
INSERT INTO `chartmaster` VALUES ('2641','Debiterad ing','Moms och s',-1);
INSERT INTO `chartmaster` VALUES ('2642','Debiterad ing','Moms och s',-1);
INSERT INTO `chartmaster` VALUES ('2645','Ber','Moms och s',-1);
INSERT INTO `chartmaster` VALUES ('2648','Vilande ing','Moms och s',-1);
INSERT INTO `chartmaster` VALUES ('2649','Ing','Moms och s',-1);
INSERT INTO `chartmaster` VALUES ('2650','Redovisningskonto f','Moms och s',-1);
INSERT INTO `chartmaster` VALUES ('2660','S','Moms och s',-1);
INSERT INTO `chartmaster` VALUES ('2661','Reklamskatt','Moms och s',-1);
INSERT INTO `chartmaster` VALUES ('2669','','Moms och s',-1);
INSERT INTO `chartmaster` VALUES ('2710','Personalens k','Personalens skatter, avgifter',-1);
INSERT INTO `chartmaster` VALUES ('2711','Inneh','Personalens skatter, avgifter',-1);
INSERT INTO `chartmaster` VALUES ('2718','Betald k','Personalens skatter, avgifter',-1);
INSERT INTO `chartmaster` VALUES ('2730','Lagstadgade sociala avgifter och s','Personalens skatter, avgifter',-1);
INSERT INTO `chartmaster` VALUES ('2731','Avr','Personalens skatter, avgifter',-1);
INSERT INTO `chartmaster` VALUES ('2732','Avr','Personalens skatter, avgifter',-1);
INSERT INTO `chartmaster` VALUES ('2738','Betalda lagstadgade sociala avgifter och s','Personalens skatter, avgifter',-1);
INSERT INTO `chartmaster` VALUES ('2740','Avtalade sociala avgifter','Personalens skatter, avgifter',-1);
INSERT INTO `chartmaster` VALUES ('2741','Avr','Personalens skatter, avgifter',-1);
INSERT INTO `chartmaster` VALUES ('2748','Betalade avtalade sociala avgifter','Personalens skatter, avgifter',-1);
INSERT INTO `chartmaster` VALUES ('2750','Utm','Personalens skatter, avgifter',-1);
INSERT INTO `chartmaster` VALUES ('2760','Semesterkassa','Personalens skatter, avgifter',-1);
INSERT INTO `chartmaster` VALUES ('2790','','Personalens skatter, avgifter',-1);
INSERT INTO `chartmaster` VALUES ('2791','Personalens intressekonto','Personalens skatter, avgifter',-1);
INSERT INTO `chartmaster` VALUES ('2792','L','Personalens skatter, avgifter',-1);
INSERT INTO `chartmaster` VALUES ('2793','Gruppf','Personalens skatter, avgifter',-1);
INSERT INTO `chartmaster` VALUES ('2794','Fackf','Personalens skatter, avgifter',-1);
INSERT INTO `chartmaster` VALUES ('2795','M','Personalens skatter, avgifter',-1);
INSERT INTO `chartmaster` VALUES ('3439','F','Kortfristiga skulder till kred',-1);
