--
-- PostgreSQL database dump
--

SET client_encoding = 'SQL_ASCII';
SET check_function_bodies = false;

SET SESSION AUTHORIZATION 'postgres';

SET search_path = public, pg_catalog;

--
-- TOC entry 447 (OID 35739)
-- Name: plpgsql_call_handler(); Type: FUNC PROCEDURAL LANGUAGE; Schema: public; Owner: postgres
--

CREATE FUNCTION plpgsql_call_handler() RETURNS language_handler
    AS 'plpgsql.so', 'plpgsql_call_handler'
    LANGUAGE c;


SET SESSION AUTHORIZATION DEFAULT;

--
-- TOC entry 446 (OID 35740)
-- Name: plpgsql; Type: PROCEDURAL LANGUAGE; Schema: public; Owner: 
--

CREATE TRUSTED PROCEDURAL LANGUAGE plpgsql HANDLER plpgsql_call_handler;


SET SESSION AUTHORIZATION 'postgres';

--
-- TOC entry 4 (OID 2200)
-- Name: public; Type: ACL; Schema: -; Owner: postgres
--

REVOKE ALL ON SCHEMA public FROM PUBLIC;
GRANT ALL ON SCHEMA public TO PUBLIC;


SET SESSION AUTHORIZATION 'weberp_db_user';

--
-- TOC entry 5 (OID 35741)
-- Name: pgblob; Type: DOMAIN; Schema: public; Owner: weberp_db_user
--

CREATE DOMAIN pgblob AS text;


--
-- TOC entry 8 (OID 35742)
-- Name: holdreasons; Type: TABLE; Schema: public; Owner: weberp_db_user
--

CREATE TABLE holdreasons (
    reasoncode integer DEFAULT 1 NOT NULL,
    reasondescription text DEFAULT ''::text NOT NULL,
    dissallowinvoices integer DEFAULT -1 NOT NULL
);


--
-- TOC entry 9 (OID 35750)
-- Name: currencies; Type: TABLE; Schema: public; Owner: weberp_db_user
--

CREATE TABLE currencies (
    currency text DEFAULT ''::text NOT NULL,
    currabrev text DEFAULT ''::text NOT NULL,
    country text DEFAULT ''::text NOT NULL,
    hundredsname text DEFAULT 'Cents'::text NOT NULL,
    rate numeric(16,4) DEFAULT 1.0000 NOT NULL
);


--
-- TOC entry 10 (OID 35760)
-- Name: paymentterms; Type: TABLE; Schema: public; Owner: weberp_db_user
--

CREATE TABLE paymentterms (
    termsindicator text DEFAULT ''::text NOT NULL,
    terms text DEFAULT ''::text NOT NULL,
    daysbeforedue integer DEFAULT 0 NOT NULL,
    dayinfollowingmonth integer DEFAULT 0 NOT NULL
);


--
-- TOC entry 11 (OID 35769)
-- Name: systypes; Type: TABLE; Schema: public; Owner: weberp_db_user
--

CREATE TABLE systypes (
    typeid integer DEFAULT 0 NOT NULL,
    typename text DEFAULT ''::text NOT NULL,
    typeno integer DEFAULT 1 NOT NULL
);


--
-- TOC entry 12 (OID 35777)
-- Name: periods; Type: TABLE; Schema: public; Owner: weberp_db_user
--

CREATE TABLE periods (
    periodno integer DEFAULT 0 NOT NULL,
    lastdate_in_period date
);


--
-- TOC entry 13 (OID 35780)
-- Name: accountgroups; Type: TABLE; Schema: public; Owner: weberp_db_user
--

CREATE TABLE accountgroups (
    groupname text DEFAULT ''::text NOT NULL,
    sectioninaccounts integer DEFAULT 0 NOT NULL,
    pandl integer DEFAULT 1 NOT NULL,
    sequenceintb integer DEFAULT 0 NOT NULL
);


--
-- TOC entry 14 (OID 35791)
-- Name: cogsglpostings; Type: TABLE; Schema: public; Owner: weberp_db_user
--

CREATE TABLE cogsglpostings (
    id serial NOT NULL,
    area text DEFAULT ''::text NOT NULL,
    stkcat text DEFAULT ''::text NOT NULL,
    glcode integer DEFAULT 0 NOT NULL,
    salestype text DEFAULT 'AN'::text NOT NULL
);


--
-- TOC entry 15 (OID 35801)
-- Name: chartmaster; Type: TABLE; Schema: public; Owner: weberp_db_user
--

CREATE TABLE chartmaster (
    accountcode integer DEFAULT 0 NOT NULL,
    accountname text DEFAULT ''::text NOT NULL,
    group_ text DEFAULT ''::text NOT NULL
);


--
-- TOC entry 16 (OID 35811)
-- Name: taxauthorities; Type: TABLE; Schema: public; Owner: weberp_db_user
--

CREATE TABLE taxauthorities (
    taxid serial NOT NULL,
    description text DEFAULT ''::text NOT NULL,
    taxglcode integer DEFAULT 0 NOT NULL,
    purchtaxglaccount integer DEFAULT 0 NOT NULL,
    bank text,
    bankacctype text,
    bankacc text,
    bankswift text
);


--
-- TOC entry 17 (OID 35820)
-- Name: companies; Type: TABLE; Schema: public; Owner: weberp_db_user
--

CREATE TABLE companies (
    coycode integer DEFAULT 1 NOT NULL,
    coyname text DEFAULT ''::text NOT NULL,
    gstno text DEFAULT ''::text NOT NULL,
    companynumber text DEFAULT '0'::text NOT NULL,
    regoffice1 text DEFAULT ''::text NOT NULL,
    regoffice2 text DEFAULT ''::text NOT NULL,
    regoffice3 text DEFAULT ''::text NOT NULL,
    regoffice4 text DEFAULT ''::text NOT NULL,
    telephone text DEFAULT ''::text NOT NULL,
    fax text DEFAULT ''::text NOT NULL,
    email text DEFAULT ''::text NOT NULL,
    currencydefault text DEFAULT ''::text NOT NULL,
    debtorsact integer DEFAULT 70000 NOT NULL,
    pytdiscountact integer DEFAULT 55000 NOT NULL,
    creditorsact integer DEFAULT 80000 NOT NULL,
    payrollact integer DEFAULT 84000 NOT NULL,
    grnact integer DEFAULT 72000 NOT NULL,
    exchangediffact integer DEFAULT 65000 NOT NULL,
    purchasesexchangediffact integer DEFAULT 0 NOT NULL,
    retainedearnings integer DEFAULT 90000 NOT NULL,
    gllink_debtors integer DEFAULT 1,
    gllink_creditors integer DEFAULT 1,
    gllink_stock integer DEFAULT 1,
    freightact integer DEFAULT 0 NOT NULL,
    regoffice5 character varying(20) DEFAULT ''::text,
    regoffice6 character varying(15) DEFAULT ''::text
);


--
-- TOC entry 18 (OID 35849)
-- Name: ediitemmapping; Type: TABLE; Schema: public; Owner: weberp_db_user
--

CREATE TABLE ediitemmapping (
    supporcust text DEFAULT ''::text NOT NULL,
    partnercode text DEFAULT ''::text NOT NULL,
    stockid text DEFAULT ''::text NOT NULL,
    partnerstockid text DEFAULT ''::text NOT NULL
);


--
-- TOC entry 19 (OID 35860)
-- Name: edimessageformat; Type: TABLE; Schema: public; Owner: weberp_db_user
--

CREATE TABLE edimessageformat (
    id serial NOT NULL,
    partnercode text DEFAULT ''::text NOT NULL,
    messagetype text DEFAULT ''::text NOT NULL,
    section text DEFAULT ''::text NOT NULL,
    sequenceno integer DEFAULT 0 NOT NULL,
    linetext text DEFAULT ''::text NOT NULL
);


--
-- TOC entry 20 (OID 35871)
-- Name: edi_orders_seg_groups; Type: TABLE; Schema: public; Owner: weberp_db_user
--

CREATE TABLE edi_orders_seg_groups (
    seggroupno integer DEFAULT 0 NOT NULL,
    maxoccur integer DEFAULT 0 NOT NULL,
    parentseggroup integer DEFAULT 0 NOT NULL
);


--
-- TOC entry 21 (OID 35878)
-- Name: edi_orders_segs; Type: TABLE; Schema: public; Owner: weberp_db_user
--

CREATE TABLE edi_orders_segs (
    id serial NOT NULL,
    segtag text DEFAULT ''::text NOT NULL,
    seggroup integer DEFAULT 0 NOT NULL,
    maxoccur integer DEFAULT 0 NOT NULL
);


--
-- TOC entry 22 (OID 35889)
-- Name: gltrans; Type: TABLE; Schema: public; Owner: weberp_db_user
--

CREATE TABLE gltrans (
    counterindex serial NOT NULL,
    "type" integer DEFAULT 0 NOT NULL,
    typeno bigint DEFAULT (1)::bigint NOT NULL,
    chequeno integer DEFAULT 0 NOT NULL,
    trandate date,
    periodno integer DEFAULT 0 NOT NULL,
    account integer DEFAULT 0 NOT NULL,
    narrative text DEFAULT ''::text NOT NULL,
    amount double precision DEFAULT (0)::double precision NOT NULL,
    posted integer DEFAULT 0 NOT NULL,
    jobref text DEFAULT ''::text NOT NULL
);


--
-- TOC entry 23 (OID 35904)
-- Name: lastcostrollup; Type: TABLE; Schema: public; Owner: weberp_db_user
--

CREATE TABLE lastcostrollup (
    stockid text DEFAULT ''::text NOT NULL,
    totalonhand numeric(16,4) DEFAULT 0.0000 NOT NULL,
    matcost numeric(20,4) DEFAULT 0.0000 NOT NULL,
    labcost numeric(20,4) DEFAULT 0.0000 NOT NULL,
    oheadcost numeric(20,4) DEFAULT 0.0000 NOT NULL,
    categoryid text DEFAULT ''::text NOT NULL,
    stockact integer DEFAULT 0 NOT NULL,
    adjglact integer DEFAULT 0 NOT NULL,
    newmatcost numeric(20,4) DEFAULT 0.0000 NOT NULL,
    newlabcost numeric(20,4) DEFAULT 0.0000 NOT NULL,
    newoheadcost numeric(20,4) DEFAULT 0.0000 NOT NULL
);


--
-- TOC entry 24 (OID 35920)
-- Name: locations; Type: TABLE; Schema: public; Owner: weberp_db_user
--

CREATE TABLE locations (
    loccode text DEFAULT ''::text NOT NULL,
    locationname text DEFAULT ''::text NOT NULL,
    deladd1 text DEFAULT ''::text NOT NULL,
    deladd2 text DEFAULT ''::text NOT NULL,
    deladd3 text DEFAULT ''::text NOT NULL,
    tel text DEFAULT ''::text NOT NULL,
    fax text DEFAULT ''::text NOT NULL,
    email text DEFAULT ''::text NOT NULL,
    contact text DEFAULT ''::text NOT NULL,
    taxprovinceid integer DEFAULT 1 NOT NULL,
    managed integer DEFAULT 0,
    deladd4 character varying(40) DEFAULT ''::text,
    deladd5 character varying(20) DEFAULT ''::text,
    deladd6 character varying(15) DEFAULT ''::text
);


--
-- TOC entry 25 (OID 35937)
-- Name: reportheaders; Type: TABLE; Schema: public; Owner: weberp_db_user
--

CREATE TABLE reportheaders (
    reportid serial NOT NULL,
    reportheading text DEFAULT ''::text NOT NULL,
    groupbydata1 text DEFAULT ''::text NOT NULL,
    newpageafter1 integer DEFAULT 0 NOT NULL,
    lower1 text DEFAULT ''::text NOT NULL,
    upper1 text DEFAULT ''::text NOT NULL,
    groupbydata2 text,
    newpageafter2 integer DEFAULT 0 NOT NULL,
    lower2 text,
    upper2 text,
    groupbydata3 text,
    newpageafter3 integer DEFAULT 0 NOT NULL,
    lower3 text,
    upper3 text,
    groupbydata4 text DEFAULT ''::text NOT NULL,
    newpageafter4 integer DEFAULT 0 NOT NULL,
    upper4 text DEFAULT ''::text NOT NULL,
    lower4 text DEFAULT ''::text NOT NULL
);


--
-- TOC entry 26 (OID 35954)
-- Name: reportcolumns; Type: TABLE; Schema: public; Owner: weberp_db_user
--

CREATE TABLE reportcolumns (
    reportid integer DEFAULT 0 NOT NULL,
    colno integer DEFAULT 0 NOT NULL,
    heading1 text DEFAULT ''::text NOT NULL,
    heading2 text,
    calculation integer DEFAULT 0 NOT NULL,
    periodfrom integer,
    periodto integer,
    datatype text,
    colnumerator integer,
    coldenominator integer,
    calcoperator text,
    budgetoractual integer DEFAULT 0 NOT NULL,
    valformat text DEFAULT 'N'::text NOT NULL,
    constant double precision DEFAULT (0)::double precision NOT NULL
);


--
-- TOC entry 27 (OID 35968)
-- Name: salesanalysis; Type: TABLE; Schema: public; Owner: weberp_db_user
--

CREATE TABLE salesanalysis (
    typeabbrev text DEFAULT ''::text NOT NULL,
    periodno integer DEFAULT 0 NOT NULL,
    amt numeric(16,4) DEFAULT 0.0000 NOT NULL,
    cost numeric(16,4) DEFAULT 0.0000 NOT NULL,
    cust text DEFAULT ''::text NOT NULL,
    custbranch text DEFAULT ''::text NOT NULL,
    qty numeric(16,4) DEFAULT 0.0000 NOT NULL,
    disc numeric(16,4) DEFAULT 0.0000 NOT NULL,
    stockid text DEFAULT ''::text NOT NULL,
    area text DEFAULT ''::text NOT NULL,
    budgetoractual integer DEFAULT 0 NOT NULL,
    salesperson text DEFAULT ''::text NOT NULL,
    stkcategory text DEFAULT ''::text NOT NULL,
    id serial NOT NULL
);


--
-- TOC entry 28 (OID 35989)
-- Name: salesglpostings; Type: TABLE; Schema: public; Owner: weberp_db_user
--

CREATE TABLE salesglpostings (
    id serial NOT NULL,
    area text DEFAULT ''::text NOT NULL,
    stkcat text DEFAULT ''::text NOT NULL,
    discountglcode integer DEFAULT 0 NOT NULL,
    salesglcode integer DEFAULT 0 NOT NULL,
    salestype text DEFAULT 'AN'::text NOT NULL
);


--
-- TOC entry 29 (OID 36000)
-- Name: salestypes; Type: TABLE; Schema: public; Owner: weberp_db_user
--

CREATE TABLE salestypes (
    typeabbrev text DEFAULT ''::text NOT NULL,
    sales_type text DEFAULT ''::text NOT NULL
);


--
-- TOC entry 30 (OID 36007)
-- Name: discountmatrix; Type: TABLE; Schema: public; Owner: weberp_db_user
--

CREATE TABLE discountmatrix (
    salestype text DEFAULT ''::text NOT NULL,
    discountcategory text DEFAULT ''::text NOT NULL,
    quantitybreak integer DEFAULT 1 NOT NULL,
    discountrate numeric(16,4) DEFAULT 0.0000 NOT NULL
);


--
-- TOC entry 31 (OID 36016)
-- Name: salesman; Type: TABLE; Schema: public; Owner: weberp_db_user
--

CREATE TABLE salesman (
    salesmancode text DEFAULT ''::text NOT NULL,
    salesmanname text DEFAULT ''::text NOT NULL,
    smantel text DEFAULT ''::text NOT NULL,
    smanfax text DEFAULT ''::text NOT NULL,
    commissionrate1 numeric(16,4) DEFAULT 0.0000 NOT NULL,
    breakpoint numeric(20,4) DEFAULT 0.0000 NOT NULL,
    commissionrate2 numeric(16,4) DEFAULT 0.0000 NOT NULL
);


--
-- TOC entry 32 (OID 36036)
-- Name: suppliers; Type: TABLE; Schema: public; Owner: weberp_db_user
--

CREATE TABLE suppliers (
    supplierid text DEFAULT ''::text NOT NULL,
    suppname text DEFAULT ''::text NOT NULL,
    address1 text DEFAULT ''::text NOT NULL,
    address2 text DEFAULT ''::text NOT NULL,
    address3 text DEFAULT ''::text NOT NULL,
    address4 text DEFAULT ''::text NOT NULL,
    currcode text DEFAULT ''::text NOT NULL,
    suppliersince date,
    paymentterms text DEFAULT ''::text NOT NULL,
    lastpaid numeric(16,4) DEFAULT 0.0000 NOT NULL,
    lastpaiddate timestamp without time zone,
    bankact text DEFAULT ''::text NOT NULL,
    bankref text DEFAULT ''::text NOT NULL,
    bankpartics text DEFAULT ''::text NOT NULL,
    remittance integer DEFAULT 1 NOT NULL,
    taxgroupid integer DEFAULT 1 NOT NULL,
    address5 character varying(20) DEFAULT ''::text,
    address6 character varying(20) DEFAULT ''::text
);


--
-- TOC entry 33 (OID 36055)
-- Name: shipments; Type: TABLE; Schema: public; Owner: weberp_db_user
--

CREATE TABLE shipments (
    shiptref integer DEFAULT 0 NOT NULL,
    voyageref text DEFAULT '0'::text NOT NULL,
    vessel text DEFAULT ''::text NOT NULL,
    eta timestamp without time zone,
    accumvalue numeric(16,4) DEFAULT 0.0000 NOT NULL,
    supplierid text DEFAULT ''::text NOT NULL,
    closed integer DEFAULT 0 NOT NULL
);


--
-- TOC entry 34 (OID 36068)
-- Name: shipmentcharges; Type: TABLE; Schema: public; Owner: weberp_db_user
--

CREATE TABLE shipmentcharges (
    shiptchgid serial NOT NULL,
    shiptref integer DEFAULT 0 NOT NULL,
    transtype integer DEFAULT 0 NOT NULL,
    transno integer DEFAULT 0 NOT NULL,
    stockid text DEFAULT ''::text NOT NULL,
    value double precision DEFAULT (0)::double precision NOT NULL
);


--
-- TOC entry 35 (OID 36081)
-- Name: shippers; Type: TABLE; Schema: public; Owner: weberp_db_user
--

CREATE TABLE shippers (
    shipper_id serial NOT NULL,
    shippername text DEFAULT ''::text NOT NULL,
    mincharge numeric(16,4) DEFAULT 0.0000 NOT NULL
);


--
-- TOC entry 36 (OID 36091)
-- Name: freightcosts; Type: TABLE; Schema: public; Owner: weberp_db_user
--

CREATE TABLE freightcosts (
    shipcostfromid serial NOT NULL,
    locationfrom text DEFAULT ''::text NOT NULL,
    destination text DEFAULT ''::text NOT NULL,
    shipperid integer DEFAULT 0 NOT NULL,
    cubrate numeric(16,2) DEFAULT 0.00 NOT NULL,
    kgrate numeric(16,2) DEFAULT 0.00 NOT NULL,
    maxkgs numeric(16,2) DEFAULT 999999.00 NOT NULL,
    maxcub numeric(16,2) DEFAULT 999999.00 NOT NULL,
    fixedprice numeric(16,2) DEFAULT 0.00 NOT NULL,
    minimumchg numeric(16,2) DEFAULT 0.00 NOT NULL
);


--
-- TOC entry 37 (OID 36106)
-- Name: stockcategory; Type: TABLE; Schema: public; Owner: weberp_db_user
--

CREATE TABLE stockcategory (
    categoryid text DEFAULT ''::text NOT NULL,
    categorydescription text DEFAULT ''::text NOT NULL,
    stocktype text DEFAULT 'F'::text NOT NULL,
    stockact integer DEFAULT 0 NOT NULL,
    adjglact integer DEFAULT 0 NOT NULL,
    purchpricevaract integer DEFAULT 80000 NOT NULL,
    materialuseagevarac integer DEFAULT 80000 NOT NULL,
    wipact integer DEFAULT 0 NOT NULL
);


--
-- TOC entry 38 (OID 36119)
-- Name: stockmaster; Type: TABLE; Schema: public; Owner: weberp_db_user
--

CREATE TABLE stockmaster (
    stockid text DEFAULT ''::text NOT NULL,
    categoryid text DEFAULT ''::text NOT NULL,
    description text DEFAULT ''::text NOT NULL,
    longdescription text NOT NULL,
    units text DEFAULT 'each'::text NOT NULL,
    mbflag text DEFAULT 'B'::text NOT NULL,
    lastcurcostdate date DEFAULT '1800-01-01'::date NOT NULL,
    actualcost numeric(20,4) DEFAULT 0.0000 NOT NULL,
    lastcost numeric(20,4) DEFAULT 0.0000 NOT NULL,
    materialcost numeric(20,4) DEFAULT 0.0000 NOT NULL,
    labourcost numeric(20,4) DEFAULT 0.0000 NOT NULL,
    overheadcost numeric(20,4) DEFAULT 0.0000 NOT NULL,
    lowestlevel integer DEFAULT 0 NOT NULL,
    discontinued integer DEFAULT 0 NOT NULL,
    controlled integer DEFAULT 0 NOT NULL,
    eoq numeric(10,2) DEFAULT 0.00 NOT NULL,
    volume numeric(20,4) DEFAULT 0.0000 NOT NULL,
    kgs numeric(20,4) DEFAULT 0.0000 NOT NULL,
    barcode text DEFAULT ''::text NOT NULL,
    discountcategory text DEFAULT ''::text NOT NULL,
    taxcatid integer DEFAULT 1 NOT NULL,
    serialised integer DEFAULT 0 NOT NULL,
    decimalplaces integer DEFAULT 0 NOT NULL
);


--
-- TOC entry 39 (OID 36148)
-- Name: stockcounts; Type: TABLE; Schema: public; Owner: weberp_db_user
--

CREATE TABLE stockcounts (
    id serial NOT NULL,
    stockid text DEFAULT ''::text NOT NULL,
    loccode text DEFAULT ''::text NOT NULL,
    qtycounted double precision DEFAULT (0)::double precision NOT NULL,
    reference text DEFAULT ''::text NOT NULL
);


--
-- TOC entry 40 (OID 36158)
-- Name: stockcheckfreeze; Type: TABLE; Schema: public; Owner: weberp_db_user
--

CREATE TABLE stockcheckfreeze (
    stockid text DEFAULT ''::text NOT NULL,
    loccode text DEFAULT ''::text NOT NULL,
    qoh double precision DEFAULT (0)::double precision NOT NULL
);


--
-- TOC entry 41 (OID 36166)
-- Name: prices; Type: TABLE; Schema: public; Owner: weberp_db_user
--

CREATE TABLE prices (
    stockid text DEFAULT ''::text NOT NULL,
    typeabbrev text DEFAULT ''::text NOT NULL,
    currabrev text DEFAULT ''::text NOT NULL,
    debtorno text DEFAULT ''::text NOT NULL,
    price numeric(20,4) DEFAULT 0.0000 NOT NULL,
    branchcode text DEFAULT ''::text NOT NULL
);


--
-- TOC entry 42 (OID 36177)
-- Name: purchdata; Type: TABLE; Schema: public; Owner: weberp_db_user
--

CREATE TABLE purchdata (
    supplierno text DEFAULT ''::text NOT NULL,
    stockid text DEFAULT ''::text NOT NULL,
    price numeric(20,4) DEFAULT 0.0000 NOT NULL,
    suppliersuom text DEFAULT ''::text NOT NULL,
    conversionfactor numeric(16,4) DEFAULT 1.0000 NOT NULL,
    supplierdescription text DEFAULT ''::text NOT NULL,
    leadtime integer DEFAULT 1 NOT NULL,
    preferred integer DEFAULT 0 NOT NULL
);


--
-- TOC entry 43 (OID 36190)
-- Name: locstock; Type: TABLE; Schema: public; Owner: weberp_db_user
--

CREATE TABLE locstock (
    loccode text DEFAULT ''::text NOT NULL,
    stockid text DEFAULT ''::text NOT NULL,
    quantity numeric(16,1) DEFAULT 0.0 NOT NULL,
    reorderlevel bigint DEFAULT (0)::bigint NOT NULL
);


--
-- TOC entry 44 (OID 36199)
-- Name: loctransfers; Type: TABLE; Schema: public; Owner: weberp_db_user
--

CREATE TABLE loctransfers (
    reference integer DEFAULT 0 NOT NULL,
    stockid text DEFAULT ''::text NOT NULL,
    shipqty integer DEFAULT 0 NOT NULL,
    recqty integer DEFAULT 0 NOT NULL,
    shipdate date,
    recdate date,
    shiploc text DEFAULT ''::text NOT NULL,
    recloc text DEFAULT ''::text NOT NULL
);


--
-- TOC entry 45 (OID 36212)
-- Name: stockmoves; Type: TABLE; Schema: public; Owner: weberp_db_user
--

CREATE TABLE stockmoves (
    stkmoveno serial NOT NULL,
    stockid text DEFAULT ''::text NOT NULL,
    "type" integer DEFAULT 0 NOT NULL,
    transno integer DEFAULT 0 NOT NULL,
    loccode text DEFAULT ''::text NOT NULL,
    trandate date,
    debtorno text DEFAULT ''::text NOT NULL,
    branchcode text DEFAULT ''::text NOT NULL,
    price numeric(20,4) DEFAULT 0.0000 NOT NULL,
    prd integer DEFAULT 0 NOT NULL,
    reference text DEFAULT ''::text NOT NULL,
    qty numeric(16,4) DEFAULT 1.0000 NOT NULL,
    discountpercent numeric(16,4) DEFAULT 0.0000 NOT NULL,
    standardcost numeric(16,4) DEFAULT 0.0000 NOT NULL,
    show_on_inv_crds integer DEFAULT 1 NOT NULL,
    newqoh double precision DEFAULT (0)::double precision NOT NULL,
    hidemovt integer DEFAULT 0 NOT NULL,
    narrative text DEFAULT ''::text NOT NULL
);


--
-- TOC entry 46 (OID 36235)
-- Name: stockserialitems; Type: TABLE; Schema: public; Owner: weberp_db_user
--

CREATE TABLE stockserialitems (
    stockid text DEFAULT ''::text NOT NULL,
    loccode text DEFAULT ''::text NOT NULL,
    serialno text DEFAULT ''::text NOT NULL,
    quantity double precision DEFAULT (0)::double precision NOT NULL
);


--
-- TOC entry 47 (OID 36246)
-- Name: stockserialmoves; Type: TABLE; Schema: public; Owner: weberp_db_user
--

CREATE TABLE stockserialmoves (
    stkitmmoveno serial NOT NULL,
    stockmoveno integer DEFAULT 0 NOT NULL,
    stockid text DEFAULT ''::text NOT NULL,
    serialno text DEFAULT ''::text NOT NULL,
    moveqty double precision DEFAULT (0)::double precision NOT NULL
);


--
-- TOC entry 48 (OID 36258)
-- Name: supptrans; Type: TABLE; Schema: public; Owner: weberp_db_user
--

CREATE TABLE supptrans (
    transno integer DEFAULT 0 NOT NULL,
    "type" integer DEFAULT 0 NOT NULL,
    supplierno text DEFAULT ''::text NOT NULL,
    suppreference text DEFAULT ''::text NOT NULL,
    trandate date,
    duedate date,
    settled integer DEFAULT 0 NOT NULL,
    rate numeric(16,6) DEFAULT 1.000000 NOT NULL,
    ovamount numeric(16,4) DEFAULT 0.0000 NOT NULL,
    ovgst numeric(16,4) DEFAULT 0.0000 NOT NULL,
    diffonexch numeric(16,4) DEFAULT 0.0000 NOT NULL,
    alloc numeric(16,4) DEFAULT 0.0000 NOT NULL,
    transtext pgblob,
    "hold" integer DEFAULT 0 NOT NULL,
    id serial NOT NULL
);


--
-- TOC entry 49 (OID 36277)
-- Name: suppallocs; Type: TABLE; Schema: public; Owner: weberp_db_user
--

CREATE TABLE suppallocs (
    id serial NOT NULL,
    amt numeric(20,2) DEFAULT 0.00 NOT NULL,
    datealloc date,
    transid_allocfrom integer DEFAULT 0 NOT NULL,
    transid_allocto integer DEFAULT 0 NOT NULL
);


--
-- TOC entry 50 (OID 36283)
-- Name: suppliercontacts; Type: TABLE; Schema: public; Owner: weberp_db_user
--

CREATE TABLE suppliercontacts (
    supplierid text DEFAULT ''::text NOT NULL,
    contact text DEFAULT ''::text NOT NULL,
    "position" text DEFAULT ''::text NOT NULL,
    tel text DEFAULT ''::text NOT NULL,
    fax text DEFAULT ''::text NOT NULL,
    mobile text DEFAULT ''::text NOT NULL,
    email text DEFAULT ''::text NOT NULL,
    ordercontact integer DEFAULT 0 NOT NULL
);


--
-- TOC entry 51 (OID 36298)
-- Name: purchorders; Type: TABLE; Schema: public; Owner: weberp_db_user
--

CREATE TABLE purchorders (
    orderno serial NOT NULL,
    supplierno text DEFAULT ''::text NOT NULL,
    comments pgblob,
    orddate timestamp without time zone,
    rate numeric(16,4) DEFAULT 1.0000 NOT NULL,
    dateprinted timestamp without time zone,
    allowprint integer DEFAULT 1 NOT NULL,
    initiator text,
    requisitionno text,
    intostocklocation text DEFAULT ''::text NOT NULL,
    deladd1 text DEFAULT ''::text NOT NULL,
    deladd2 text DEFAULT ''::text NOT NULL,
    deladd3 text DEFAULT ''::text NOT NULL,
    deladd4 text DEFAULT ''::text NOT NULL,
    deladd5 character varying(20) DEFAULT ''::text,
    deladd6 character varying(15) DEFAULT ''::text,
    contact character varying(30) DEFAULT ''::text
);


--
-- TOC entry 52 (OID 36314)
-- Name: purchorderdetails; Type: TABLE; Schema: public; Owner: weberp_db_user
--

CREATE TABLE purchorderdetails (
    podetailitem serial NOT NULL,
    orderno integer DEFAULT 0 NOT NULL,
    itemcode text DEFAULT ''::text NOT NULL,
    deliverydate date,
    itemdescription text DEFAULT ''::text NOT NULL,
    glcode integer DEFAULT 0 NOT NULL,
    qtyinvoiced numeric(16,4) DEFAULT 0.0000 NOT NULL,
    unitprice numeric(16,4) DEFAULT 0.0000 NOT NULL,
    actprice numeric(16,4) DEFAULT 0.0000 NOT NULL,
    stdcostunit numeric(16,4) DEFAULT 0.0000 NOT NULL,
    quantityord numeric(16,4) DEFAULT 0.0000 NOT NULL,
    quantityrecd numeric(16,4) DEFAULT 0.0000 NOT NULL,
    shiptref integer DEFAULT 0 NOT NULL,
    jobref text DEFAULT ''::text,
    completed integer DEFAULT 0 NOT NULL
);


--
-- TOC entry 53 (OID 36335)
-- Name: grns; Type: TABLE; Schema: public; Owner: weberp_db_user
--

CREATE TABLE grns (
    grnbatch integer DEFAULT 0 NOT NULL,
    grnno serial NOT NULL,
    podetailitem integer DEFAULT 0 NOT NULL,
    itemcode text DEFAULT ''::text NOT NULL,
    deliverydate date,
    itemdescription text DEFAULT ''::text NOT NULL,
    qtyrecd numeric(16,4) DEFAULT 0.0000 NOT NULL,
    quantityinv numeric(16,4) DEFAULT 0.0000 NOT NULL,
    supplierid text DEFAULT ''::text NOT NULL
);


--
-- TOC entry 54 (OID 36348)
-- Name: taxauthrates; Type: TABLE; Schema: public; Owner: weberp_db_user
--

CREATE TABLE taxauthrates (
    taxauthority integer DEFAULT 1 NOT NULL,
    dispatchtaxprovince integer DEFAULT 1 NOT NULL,
    taxcatid integer DEFAULT 0 NOT NULL,
    taxrate double precision DEFAULT (0)::double precision NOT NULL
);


--
-- TOC entry 55 (OID 36354)
-- Name: www_users; Type: TABLE; Schema: public; Owner: weberp_db_user
--

CREATE TABLE www_users (
    userid text DEFAULT ''::text NOT NULL,
    "password" text DEFAULT ''::text NOT NULL,
    realname text DEFAULT ''::text NOT NULL,
    customerid text DEFAULT ''::text NOT NULL,
    phone text DEFAULT ''::text NOT NULL,
    email text,
    defaultlocation text DEFAULT ''::text,
    fullaccess integer DEFAULT 1 NOT NULL,
    lastvisitdate timestamp without time zone,
    branchcode text DEFAULT ''::text NOT NULL,
    pagesize text DEFAULT 'A4'::text NOT NULL,
    modulesallowed text DEFAULT ''::text NOT NULL,
    blocked integer DEFAULT 0 NOT NULL,
    displayrecordsmax integer DEFAULT 0 NOT NULL,
    theme text DEFAULT 'fresh'::text NOT NULL,
    "language" text DEFAULT 'en_GB'::text NOT NULL
);


--
-- TOC entry 56 (OID 36373)
-- Name: workcentres; Type: TABLE; Schema: public; Owner: weberp_db_user
--

CREATE TABLE workcentres (
    code text DEFAULT ''::text NOT NULL,
    "location" text DEFAULT ''::text NOT NULL,
    description text DEFAULT ''::text NOT NULL,
    capacity numeric(16,4) DEFAULT 1.0000 NOT NULL,
    overheadperhour numeric(20,4) DEFAULT 0.0000 NOT NULL,
    overheadrecoveryact integer DEFAULT 0 NOT NULL,
    setuphrs numeric(20,4) DEFAULT 0.0000 NOT NULL
);


--
-- TOC entry 57 (OID 36385)
-- Name: worksorders; Type: TABLE; Schema: public; Owner: weberp_db_user
--

CREATE TABLE worksorders (
    woref text DEFAULT ''::text NOT NULL,
    loccode text DEFAULT ''::text NOT NULL,
    unitsreqd integer DEFAULT 1 NOT NULL,
    stockid text DEFAULT ''::text NOT NULL,
    stdcost numeric(20,4) DEFAULT 0.0000 NOT NULL,
    requiredby date,
    releaseddate date DEFAULT '1800-01-01'::date NOT NULL,
    accumvalueissued numeric(20,4) DEFAULT 0.0000 NOT NULL,
    accumvaluetrfd numeric(20,4) DEFAULT 0.0000 NOT NULL,
    closed integer DEFAULT 0 NOT NULL,
    released integer DEFAULT 0 NOT NULL
);


--
-- TOC entry 58 (OID 36400)
-- Name: woissues; Type: TABLE; Schema: public; Owner: weberp_db_user
--

CREATE TABLE woissues (
    issueno integer DEFAULT 0 NOT NULL,
    woref text DEFAULT ''::text NOT NULL,
    stockid text DEFAULT ''::text NOT NULL,
    issuetype text DEFAULT 'M'::text NOT NULL,
    workcentre text DEFAULT ''::text NOT NULL,
    qtyissued numeric(16,4) DEFAULT 0.0000 NOT NULL,
    stdcost numeric(20,4) DEFAULT 0.0000 NOT NULL
);


--
-- TOC entry 59 (OID 36414)
-- Name: worequirements; Type: TABLE; Schema: public; Owner: weberp_db_user
--

CREATE TABLE worequirements (
    id serial NOT NULL,
    woref text DEFAULT ''::text NOT NULL,
    stockid text DEFAULT ''::text NOT NULL,
    wrkcentre text DEFAULT ''::text NOT NULL,
    unitsreq numeric(16,4) DEFAULT 1.0000 NOT NULL,
    stdcost numeric(20,4) DEFAULT 0.0000 NOT NULL,
    resourcetype text DEFAULT 'M'::text NOT NULL
);


--
-- TOC entry 60 (OID 36426)
-- Name: bom; Type: TABLE; Schema: public; Owner: weberp_db_user
--

CREATE TABLE bom (
    parent text DEFAULT ''::text NOT NULL,
    component text DEFAULT ''::text NOT NULL,
    workcentreadded text DEFAULT ''::text NOT NULL,
    loccode text DEFAULT ''::text NOT NULL,
    effectiveafter date,
    effectiveto date DEFAULT '9999-12-31'::date NOT NULL,
    quantity numeric(16,4) DEFAULT 1.0000 NOT NULL
);


--
-- TOC entry 61 (OID 36437)
-- Name: bankaccounts; Type: TABLE; Schema: public; Owner: weberp_db_user
--

CREATE TABLE bankaccounts (
    accountcode integer DEFAULT 0 NOT NULL,
    bankaccountname text DEFAULT ''::text NOT NULL,
    bankaccountnumber text DEFAULT ''::text NOT NULL,
    bankaddress text
);


--
-- TOC entry 62 (OID 36447)
-- Name: banktrans; Type: TABLE; Schema: public; Owner: weberp_db_user
--

CREATE TABLE banktrans (
    banktransid serial NOT NULL,
    "type" integer DEFAULT 0 NOT NULL,
    transno bigint DEFAULT (0)::bigint NOT NULL,
    bankact integer DEFAULT 0 NOT NULL,
    ref text DEFAULT ''::text NOT NULL,
    amountcleared double precision DEFAULT (0)::double precision NOT NULL,
    exrate double precision DEFAULT (1)::double precision NOT NULL,
    transdate date,
    banktranstype text DEFAULT ''::text NOT NULL,
    amount double precision DEFAULT (0)::double precision NOT NULL,
    currcode text DEFAULT ''::text NOT NULL
);


--
-- TOC entry 63 (OID 36462)
-- Name: buckets; Type: TABLE; Schema: public; Owner: weberp_db_user
--

CREATE TABLE buckets (
    workcentre text DEFAULT ''::text NOT NULL,
    availdate timestamp without time zone NOT NULL,
    capacity numeric(10,2) DEFAULT 0.00 NOT NULL
);


--
-- TOC entry 64 (OID 36469)
-- Name: chartdetails; Type: TABLE; Schema: public; Owner: weberp_db_user
--

CREATE TABLE chartdetails (
    accountcode integer DEFAULT 0 NOT NULL,
    period integer DEFAULT 0 NOT NULL,
    budget double precision DEFAULT (0)::double precision NOT NULL,
    actual double precision DEFAULT (0)::double precision NOT NULL,
    bfwd double precision DEFAULT (0)::double precision NOT NULL,
    bfwdbudget double precision DEFAULT (0)::double precision NOT NULL
);


--
-- TOC entry 65 (OID 36477)
-- Name: contractbom; Type: TABLE; Schema: public; Owner: weberp_db_user
--

CREATE TABLE contractbom (
    contractref text DEFAULT ''::text NOT NULL,
    component text DEFAULT ''::text NOT NULL,
    workcentreadded text DEFAULT ''::text NOT NULL,
    loccode text DEFAULT ''::text NOT NULL,
    quantity numeric(16,4) DEFAULT 1.0000 NOT NULL
);


--
-- TOC entry 66 (OID 36487)
-- Name: debtorsmaster; Type: TABLE; Schema: public; Owner: weberp_db_user
--

CREATE TABLE debtorsmaster (
    debtorno text DEFAULT ''::text NOT NULL,
    name text DEFAULT ''::text NOT NULL,
    address1 text DEFAULT ''::text NOT NULL,
    address2 text DEFAULT ''::text NOT NULL,
    address3 text DEFAULT ''::text NOT NULL,
    address4 text DEFAULT ''::text NOT NULL,
    currcode text DEFAULT ''::text NOT NULL,
    salestype text DEFAULT ''::text NOT NULL,
    clientsince timestamp without time zone,
    holdreason integer DEFAULT 0 NOT NULL,
    paymentterms text DEFAULT 'f'::text NOT NULL,
    discount numeric(16,4) DEFAULT 0.0000 NOT NULL,
    pymtdiscount numeric(16,4) DEFAULT 0.0000 NOT NULL,
    lastpaid numeric(16,4) DEFAULT 0.0000 NOT NULL,
    lastpaiddate timestamp without time zone,
    creditlimit double precision DEFAULT (1000)::double precision NOT NULL,
    invaddrbranch integer DEFAULT 0 NOT NULL,
    discountcode text DEFAULT ''::text NOT NULL,
    ediinvoices integer DEFAULT 0 NOT NULL,
    ediorders integer DEFAULT 0 NOT NULL,
    edireference text DEFAULT ''::text NOT NULL,
    editransport text DEFAULT 'email'::text NOT NULL,
    ediaddress text DEFAULT ''::text NOT NULL,
    ediserveruser text DEFAULT ''::text NOT NULL,
    ediserverpwd text DEFAULT ''::text NOT NULL,
    taxref text DEFAULT ''::text,
    address5 character varying(20) DEFAULT ''::text NOT NULL,
    address6 character varying(15) DEFAULT ''::text NOT NULL
);


--
-- TOC entry 67 (OID 36516)
-- Name: custbranch; Type: TABLE; Schema: public; Owner: weberp_db_user
--

CREATE TABLE custbranch (
    branchcode text DEFAULT ''::text NOT NULL,
    debtorno text DEFAULT ''::text NOT NULL,
    brname text DEFAULT ''::text NOT NULL,
    braddress1 text DEFAULT ''::text NOT NULL,
    braddress2 text DEFAULT ''::text NOT NULL,
    braddress3 text DEFAULT ''::text NOT NULL,
    braddress4 text DEFAULT ''::text NOT NULL,
    estdeliverydays integer DEFAULT 1 NOT NULL,
    area text DEFAULT ''::text NOT NULL,
    salesman text DEFAULT ''::text NOT NULL,
    fwddate integer DEFAULT 0 NOT NULL,
    phoneno text DEFAULT ''::text NOT NULL,
    faxno text DEFAULT ''::text NOT NULL,
    contactname text DEFAULT ''::text NOT NULL,
    email text DEFAULT ''::text NOT NULL,
    defaultlocation text DEFAULT ''::text NOT NULL,
    taxgroupid integer DEFAULT 1 NOT NULL,
    defaultshipvia integer DEFAULT 1 NOT NULL,
    disabletrans integer DEFAULT 0 NOT NULL,
    brpostaddr1 text DEFAULT ''::text NOT NULL,
    brpostaddr2 text DEFAULT ''::text NOT NULL,
    brpostaddr3 text DEFAULT ''::text NOT NULL,
    brpostaddr4 text DEFAULT ''::text NOT NULL,
    custbranchcode text DEFAULT ''::text NOT NULL,
    deliverblind integer DEFAULT 1,
    braddress5 character varying(20) DEFAULT ''::text NOT NULL,
    braddress6 character varying(15) DEFAULT ''::text NOT NULL,
    brpostaddr5 character varying(20) DEFAULT ''::text NOT NULL,
    brpostaddr6 character varying(15) DEFAULT ''::text NOT NULL
);


--
-- TOC entry 68 (OID 36545)
-- Name: contracts; Type: TABLE; Schema: public; Owner: weberp_db_user
--

CREATE TABLE contracts (
    contractref text DEFAULT ''::text NOT NULL,
    contractdescription text DEFAULT ''::text NOT NULL,
    debtorno text DEFAULT ''::text NOT NULL,
    branchcode text DEFAULT ''::text NOT NULL,
    status text DEFAULT 'Quotation'::text NOT NULL,
    categoryid text DEFAULT ''::text NOT NULL,
    typeabbrev text DEFAULT ''::text NOT NULL,
    orderno integer DEFAULT 0 NOT NULL,
    quotedpricefx numeric(20,4) DEFAULT 0.0000 NOT NULL,
    margin numeric(16,4) DEFAULT 1.0000 NOT NULL,
    woref text DEFAULT ''::text NOT NULL,
    requireddate timestamp without time zone,
    canceldate timestamp without time zone,
    quantityreqd numeric(16,4) DEFAULT 1.0000 NOT NULL,
    specifications pgblob NOT NULL,
    datequoted timestamp without time zone,
    units text DEFAULT 'Each'::text NOT NULL,
    drawing pgblob NOT NULL,
    rate numeric(16,4) DEFAULT 1.0000 NOT NULL
);


--
-- TOC entry 69 (OID 36566)
-- Name: contractreqts; Type: TABLE; Schema: public; Owner: weberp_db_user
--

CREATE TABLE contractreqts (
    contractreqid serial NOT NULL,
    contract text DEFAULT ''::text NOT NULL,
    component text DEFAULT ''::text NOT NULL,
    quantity numeric(16,4) DEFAULT 1.0000 NOT NULL,
    priceperunit numeric(20,4) DEFAULT 0.0000 NOT NULL
);


--
-- TOC entry 70 (OID 36578)
-- Name: salesorders; Type: TABLE; Schema: public; Owner: weberp_db_user
--

CREATE TABLE salesorders (
    orderno serial NOT NULL,
    debtorno text DEFAULT ''::text NOT NULL,
    branchcode text DEFAULT ''::text NOT NULL,
    customerref text DEFAULT ''::text NOT NULL,
    buyername text,
    comments pgblob,
    orddate date,
    ordertype text DEFAULT ''::text NOT NULL,
    shipvia integer DEFAULT 0 NOT NULL,
    deladd1 text DEFAULT ''::text NOT NULL,
    deladd2 text DEFAULT ''::text NOT NULL,
    deladd3 text DEFAULT ''::text NOT NULL,
    deladd4 text,
    contactphone text,
    contactemail text,
    deliverto text DEFAULT ''::text NOT NULL,
    freightcost numeric(10,2) DEFAULT 0.00 NOT NULL,
    fromstkloc text DEFAULT ''::text NOT NULL,
    deliverydate date,
    printedpackingslip integer DEFAULT 0 NOT NULL,
    datepackingslipprinted date,
    quotation integer DEFAULT 0,
    deliverblind integer DEFAULT 1,
    deladd5 character varying(20) DEFAULT ''::text,
    deladd6 character varying(20) DEFAULT ''::text
);


--
-- TOC entry 71 (OID 36597)
-- Name: orderdeliverydifferenceslog; Type: TABLE; Schema: public; Owner: weberp_db_user
--

CREATE TABLE orderdeliverydifferenceslog (
    orderno integer DEFAULT 0 NOT NULL,
    invoiceno integer DEFAULT 0 NOT NULL,
    stockid text DEFAULT ''::text NOT NULL,
    quantitydiff numeric(16,4) DEFAULT 0.0000 NOT NULL,
    debtorno text DEFAULT ''::text NOT NULL,
    branch text DEFAULT ''::text NOT NULL,
    can_or_bo text DEFAULT 'CAN'::text NOT NULL
);


--
-- TOC entry 72 (OID 36609)
-- Name: salesorderdetails; Type: TABLE; Schema: public; Owner: weberp_db_user
--

CREATE TABLE salesorderdetails (
    orderno integer DEFAULT 0 NOT NULL,
    stkcode text DEFAULT ''::text NOT NULL,
    qtyinvoiced numeric(16,4) DEFAULT 0.0000 NOT NULL,
    unitprice numeric(16,4) DEFAULT 0.0000 NOT NULL,
    quantity numeric(16,4) DEFAULT 0.0000 NOT NULL,
    estimate integer DEFAULT 0 NOT NULL,
    discountpercent numeric(16,4) DEFAULT 0.0000 NOT NULL,
    actualdispatchdate timestamp without time zone,
    completed integer DEFAULT 0 NOT NULL,
    narrative text NOT NULL,
    orderlineno integer
);


--
-- TOC entry 73 (OID 36624)
-- Name: debtortrans; Type: TABLE; Schema: public; Owner: weberp_db_user
--

CREATE TABLE debtortrans (
    id serial NOT NULL,
    transno integer DEFAULT 0 NOT NULL,
    "type" integer DEFAULT 0 NOT NULL,
    debtorno text DEFAULT ''::text NOT NULL,
    branchcode text DEFAULT ''::text NOT NULL,
    trandate timestamp without time zone,
    prd integer DEFAULT 0 NOT NULL,
    settled integer DEFAULT 0 NOT NULL,
    reference text DEFAULT ''::text NOT NULL,
    tpe text DEFAULT ''::text NOT NULL,
    order_ integer DEFAULT 0 NOT NULL,
    rate numeric(16,6) DEFAULT 0.000000 NOT NULL,
    ovamount double precision DEFAULT (0)::double precision NOT NULL,
    ovgst double precision DEFAULT (0)::double precision NOT NULL,
    ovfreight double precision DEFAULT (0)::double precision NOT NULL,
    ovdiscount double precision DEFAULT (0)::double precision NOT NULL,
    diffonexch double precision DEFAULT (0)::double precision NOT NULL,
    alloc double precision DEFAULT (0)::double precision NOT NULL,
    invtext text,
    shipvia text DEFAULT ''::text NOT NULL,
    edisent integer DEFAULT 0 NOT NULL,
    consignment text DEFAULT ''::text NOT NULL
);


--
-- TOC entry 74 (OID 36651)
-- Name: custallocns; Type: TABLE; Schema: public; Owner: weberp_db_user
--

CREATE TABLE custallocns (
    id serial NOT NULL,
    amt numeric(20,4) DEFAULT 0.0000 NOT NULL,
    datealloc date,
    transid_allocfrom integer DEFAULT 0 NOT NULL,
    transid_allocto integer DEFAULT 0 NOT NULL
);


--
-- TOC entry 75 (OID 36657)
-- Name: areas; Type: TABLE; Schema: public; Owner: weberp_db_user
--

CREATE TABLE areas (
    areacode text DEFAULT ''::text NOT NULL,
    areadescription text DEFAULT ''::text NOT NULL
);


SET SESSION AUTHORIZATION 'postgres';

--
-- TOC entry 448 (OID 36664)
-- Name: getstkmoveloc(integer); Type: FUNCTION; Schema: public; Owner: postgres
--

CREATE FUNCTION getstkmoveloc(integer) RETURNS text
    AS '
DECLARE
  pStockMoveID ALIAS FOR $1;
  pLocCode INTEGER;
BEGIN
	SELECT INTO pLocCode LocCode FROM StockMoves WHERE StockMoveNo = pStockMoveID;
	IF pLocCode ISNULL THEN
		RAISE EXCEPTION "StockNoveNo does not spec a valid LocCode.";
	ELSE
		RETURN pLocCode;
	END IF;
END;'
    LANGUAGE plpgsql;


--
-- TOC entry 449 (OID 36665)
-- Name: chkstockserialmoves(); Type: FUNCTION; Schema: public; Owner: postgres
--

CREATE FUNCTION chkstockserialmoves() RETURNS "trigger"
    AS '
BEGIN
	NEW.LocCode := getStkMoveLoc( NEW.StockMoveNo );
	RETURN NEW;
END;
'
    LANGUAGE plpgsql;


--
-- TOC entry 450 (OID 36666)
-- Name: to_days(timestamp without time zone); Type: FUNCTION; Schema: public; Owner: postgres
--

CREATE FUNCTION to_days(timestamp without time zone) RETURNS integer
    AS '
DECLARE
  pDate ALIAS FOR $1;
BEGIN
  RETURN to_days(pDate::timestamp with time zone);
END;
'
    LANGUAGE plpgsql;


--
-- TOC entry 451 (OID 36667)
-- Name: to_days(timestamp with time zone); Type: FUNCTION; Schema: public; Owner: postgres
--

CREATE FUNCTION to_days(timestamp with time zone) RETURNS integer
    AS '
DECLARE
  pDate ALIAS FOR $1;
  vDays interval;
  vResult integer;
BEGIN
  vDays := (DATE_TRUNC(''day'', pDate) - DATE_TRUNC(''day'', ''0000-01-01''::timestamp));
  vResult := EXTRACT(''day'' FROM vDays);
  RETURN vResult;
END;
'
    LANGUAGE plpgsql;


--
-- TOC entry 452 (OID 36668)
-- Name: dayofmonth(timestamp without time zone); Type: FUNCTION; Schema: public; Owner: postgres
--

CREATE FUNCTION dayofmonth(timestamp without time zone) RETURNS integer
    AS '
DECLARE
  pDate ALIAS FOR $1;
BEGIN
  RETURN EXTRACT(''day'' FROM pDate);
END;
'
    LANGUAGE plpgsql;


--
-- TOC entry 453 (OID 36669)
-- Name: dayofmonth(timestamp with time zone); Type: FUNCTION; Schema: public; Owner: postgres
--

CREATE FUNCTION dayofmonth(timestamp with time zone) RETURNS integer
    AS '
DECLARE
  pDate ALIAS FOR $1;
BEGIN
  RETURN EXTRACT(''day'' FROM pDate);
END;
'
    LANGUAGE plpgsql;


--
-- TOC entry 454 (OID 36670)
-- Name: to_days(date); Type: FUNCTION; Schema: public; Owner: postgres
--

CREATE FUNCTION to_days(date) RETURNS integer
    AS '
DECLARE
  pDate ALIAS FOR $1;
BEGIN
  RETURN to_days(pDate::timestamp);
END;
'
    LANGUAGE plpgsql;


--
-- TOC entry 455 (OID 36671)
-- Name: date_add(date, interval); Type: FUNCTION; Schema: public; Owner: postgres
--

CREATE FUNCTION date_add(date, interval) RETURNS date
    AS '
DECLARE
  pDate     ALIAS FOR $1;
  pInterval ALIAS FOR $2;
BEGIN
  RETURN (pDate + pInterval)::date;
END;
'
    LANGUAGE plpgsql;


--
-- TOC entry 456 (OID 36672)
-- Name: time_add_hours(timestamp with time zone, integer); Type: FUNCTION; Schema: public; Owner: postgres
--

CREATE FUNCTION time_add_hours(timestamp with time zone, integer) RETURNS timestamp without time zone
    AS '
DECLARE
  pTime  ALIAS FOR $1;
  pHours ALIAS FOR $2;
BEGIN
  RETURN (pTime + (pHours || '' hours'')::interval)::timestamp ;
END;
'
    LANGUAGE plpgsql;


--
-- TOC entry 457 (OID 36673)
-- Name: time_add_hours(timestamp without time zone, integer); Type: FUNCTION; Schema: public; Owner: postgres
--

CREATE FUNCTION time_add_hours(timestamp without time zone, integer) RETURNS timestamp without time zone
    AS '
DECLARE
  pTime  ALIAS FOR $1;
  pHours ALIAS FOR $2;
BEGIN
  RETURN time_add_hours(pTime::timestamp with time zone, pHours);
END;
'
    LANGUAGE plpgsql;


--
-- TOC entry 458 (OID 36674)
-- Name: time_add_hours(time without time zone, integer); Type: FUNCTION; Schema: public; Owner: postgres
--

CREATE FUNCTION time_add_hours(time without time zone, integer) RETURNS time without time zone
    AS '
DECLARE
  pTime  ALIAS FOR $1;
  pHours ALIAS FOR $2;
BEGIN
  RETURN (pTime + (pHours || '' hours'')::interval)::time;
END;
'
    LANGUAGE plpgsql;


--
-- TOC entry 459 (OID 36675)
-- Name: time_add_minutes(timestamp with time zone, integer); Type: FUNCTION; Schema: public; Owner: postgres
--

CREATE FUNCTION time_add_minutes(timestamp with time zone, integer) RETURNS timestamp without time zone
    AS '
DECLARE
  pTime    ALIAS FOR $1;
  pMinutes ALIAS FOR $2;
BEGIN
  RETURN (pTime + (pMinutes || '' minutes'')::interval)::timestamp;
END;
'
    LANGUAGE plpgsql;


--
-- TOC entry 460 (OID 36676)
-- Name: time_add_minutes(timestamp without time zone, integer); Type: FUNCTION; Schema: public; Owner: postgres
--

CREATE FUNCTION time_add_minutes(timestamp without time zone, integer) RETURNS timestamp without time zone
    AS '
DECLARE
  pTime    ALIAS FOR $1;
  pMinutes ALIAS FOR $2;
BEGIN
  RETURN time_add_minutes(pTime::timestamp with time zone, pMinutes)::timestamp;
END;
'
    LANGUAGE plpgsql;


--
-- TOC entry 461 (OID 36677)
-- Name: time_add_minutes(time without time zone, integer); Type: FUNCTION; Schema: public; Owner: postgres
--

CREATE FUNCTION time_add_minutes(time without time zone, integer) RETURNS time without time zone
    AS '
DECLARE
  pTime    ALIAS FOR $1;
  pMinutes ALIAS FOR $2;
BEGIN
  RETURN (pTime + (pMinutes || '' minutes'')::interval)::time;
END;
'
    LANGUAGE plpgsql;


--
-- TOC entry 462 (OID 36678)
-- Name: date_add_days(timestamp with time zone, integer); Type: FUNCTION; Schema: public; Owner: postgres
--

CREATE FUNCTION date_add_days(timestamp with time zone, integer) RETURNS timestamp without time zone
    AS '
DECLARE
  pDate ALIAS FOR $1;
  pDays ALIAS FOR $2;
BEGIN
  RETURN (pDate + (pDays || '' days'')::interval)::timestamp;
END;
'
    LANGUAGE plpgsql;


--
-- TOC entry 463 (OID 36679)
-- Name: date_add_days(timestamp without time zone, integer); Type: FUNCTION; Schema: public; Owner: postgres
--

CREATE FUNCTION date_add_days(timestamp without time zone, integer) RETURNS timestamp without time zone
    AS '
DECLARE
  pDate ALIAS FOR $1;
  pDays ALIAS FOR $2;
BEGIN
  RETURN date_add_days(pDate::timestamp with time zone, pDays)::timestamp;
END;
'
    LANGUAGE plpgsql;


--
-- TOC entry 464 (OID 36680)
-- Name: date_add_days(date, integer); Type: FUNCTION; Schema: public; Owner: postgres
--

CREATE FUNCTION date_add_days(date, integer) RETURNS date
    AS '
DECLARE
  pDate ALIAS FOR $1;
  pDays ALIAS FOR $2;
BEGIN
  RETURN date_add_days(pDate::timestamp with time zone, pDays)::date;
END;
'
    LANGUAGE plpgsql;


--
-- TOC entry 465 (OID 36681)
-- Name: date_add_months(timestamp with time zone, integer); Type: FUNCTION; Schema: public; Owner: postgres
--

CREATE FUNCTION date_add_months(timestamp with time zone, integer) RETURNS timestamp without time zone
    AS '
DECLARE
  pDate   ALIAS FOR $1;
  pMonths ALIAS FOR $2;
BEGIN
  RETURN (pDate + (pMonths || '' months'')::interval)::timestamp;
END;
'
    LANGUAGE plpgsql;


--
-- TOC entry 466 (OID 36682)
-- Name: date_add_months(timestamp without time zone, integer); Type: FUNCTION; Schema: public; Owner: postgres
--

CREATE FUNCTION date_add_months(timestamp without time zone, integer) RETURNS timestamp without time zone
    AS '
DECLARE
  pDate   ALIAS FOR $1;
  pMonths ALIAS FOR $2;
BEGIN
  RETURN date_add_months(pDate::timestamp with time zone, pMonths);
END;
'
    LANGUAGE plpgsql;


--
-- TOC entry 467 (OID 36683)
-- Name: date_add_months(date, integer); Type: FUNCTION; Schema: public; Owner: postgres
--

CREATE FUNCTION date_add_months(date, integer) RETURNS date
    AS '
DECLARE
  pDate   ALIAS FOR $1;
  pMonths ALIAS FOR $2;
BEGIN
  RETURN date_add_months(pDate::timestamp with time zone, pMonths)::date;
END;
'
    LANGUAGE plpgsql;


--
-- TOC entry 468 (OID 36684)
-- Name: date_add_years(timestamp with time zone, integer); Type: FUNCTION; Schema: public; Owner: postgres
--

CREATE FUNCTION date_add_years(timestamp with time zone, integer) RETURNS timestamp without time zone
    AS '
DECLARE
  pDate  ALIAS FOR $1;
  pYears ALIAS FOR $2;
BEGIN
  RETURN (pDate + (pYears || '' years'')::interval)::timestamp;
END;
'
    LANGUAGE plpgsql;


--
-- TOC entry 469 (OID 36685)
-- Name: date_add_years(timestamp without time zone, integer); Type: FUNCTION; Schema: public; Owner: postgres
--

CREATE FUNCTION date_add_years(timestamp without time zone, integer) RETURNS timestamp without time zone
    AS '
DECLARE
  pDate  ALIAS FOR $1;
  pYears ALIAS FOR $2;
BEGIN
  RETURN date_add_years(pDate::timestamp with time zone, pYears);
END;
'
    LANGUAGE plpgsql;


--
-- TOC entry 470 (OID 36686)
-- Name: date_add_years(date, integer); Type: FUNCTION; Schema: public; Owner: postgres
--

CREATE FUNCTION date_add_years(date, integer) RETURNS date
    AS '
DECLARE
  pDate  ALIAS FOR $1;
  pYears ALIAS FOR $2;
BEGIN
  RETURN date_add_years(pDate::timestamp with time zone, pYears)::date;
END;
'
    LANGUAGE plpgsql;


--
-- TOC entry 471 (OID 36687)
-- Name: dayofmonth(date); Type: FUNCTION; Schema: public; Owner: postgres
--

CREATE FUNCTION dayofmonth(date) RETURNS integer
    AS '
DECLARE
  pDate ALIAS FOR $1;
BEGIN
  RETURN EXTRACT(''day'' FROM pDate);
END;
'
    LANGUAGE plpgsql;


--
-- TOC entry 472 (OID 36688)
-- Name: date_diff_days(timestamp with time zone, timestamp with time zone); Type: FUNCTION; Schema: public; Owner: postgres
--

CREATE FUNCTION date_diff_days(timestamp with time zone, timestamp with time zone) RETURNS integer
    AS '
DECLARE
  pStartDate ALIAS FOR $1;
  pEndDate   ALIAS FOR $2;
  vInterval  interval;
BEGIN
  vInterval := DATE_TRUNC(''day'', pEndDate) - DATE_TRUNC(''day'', pStartDate);
  RETURN EXTRACT(''day'' FROM vInterval);
END;
'
    LANGUAGE plpgsql;


--
-- TOC entry 473 (OID 36689)
-- Name: date_diff_days(timestamp without time zone, timestamp without time zone); Type: FUNCTION; Schema: public; Owner: postgres
--

CREATE FUNCTION date_diff_days(timestamp without time zone, timestamp without time zone) RETURNS integer
    AS '
DECLARE
  pStartDate ALIAS FOR $1;
  pEndDate   ALIAS FOR $2;
BEGIN
  RETURN  to_days(pEndDate) - to_days(pStartDate);
END;
'
    LANGUAGE plpgsql;


--
-- TOC entry 474 (OID 36690)
-- Name: date_diff_days(date, date); Type: FUNCTION; Schema: public; Owner: postgres
--

CREATE FUNCTION date_diff_days(date, date) RETURNS integer
    AS '
DECLARE
  pStartDate ALIAS FOR $1;
  pEndDate   ALIAS FOR $2;
BEGIN
  RETURN  to_days(pEndDate) - to_days(pStartDate);
END;
'
    LANGUAGE plpgsql;


--
-- TOC entry 475 (OID 36691)
-- Name: date_diff_months(timestamp with time zone, timestamp with time zone); Type: FUNCTION; Schema: public; Owner: postgres
--

CREATE FUNCTION date_diff_months(timestamp with time zone, timestamp with time zone) RETURNS integer
    AS '
DECLARE
  pStartDate ALIAS FOR $1;
  pEndDate   ALIAS FOR $2;
  vInterval  interval;
BEGIN
  vInterval := AGE(pEndDate, pStartDate);
  RETURN EXTRACT(''month'' FROM vInterval) + (12 * EXTRACT(''year'' FROM vInterval));
END;
'
    LANGUAGE plpgsql;


--
-- TOC entry 476 (OID 36692)
-- Name: date_diff_months(timestamp without time zone, timestamp without time zone); Type: FUNCTION; Schema: public; Owner: postgres
--

CREATE FUNCTION date_diff_months(timestamp without time zone, timestamp without time zone) RETURNS integer
    AS '
DECLARE
  pStartDate ALIAS FOR $1;
  pEndDate   ALIAS FOR $2;
BEGIN
  RETURN date_diff_months(pStartDate::timestamp with time zone, pEndDate::timestamp with time zone);
END;
'
    LANGUAGE plpgsql;


--
-- TOC entry 477 (OID 36693)
-- Name: date_diff_months(date, date); Type: FUNCTION; Schema: public; Owner: postgres
--

CREATE FUNCTION date_diff_months(date, date) RETURNS integer
    AS '
DECLARE
  pStartDate ALIAS FOR $1;
  pEndDate   ALIAS FOR $2;
BEGIN
  RETURN date_diff_months(pStartDate::timestamp with time zone, pEndDate::timestamp with time zone);
END;
'
    LANGUAGE plpgsql;


--
-- TOC entry 478 (OID 36694)
-- Name: date_diff_years(timestamp with time zone, timestamp with time zone); Type: FUNCTION; Schema: public; Owner: postgres
--

CREATE FUNCTION date_diff_years(timestamp with time zone, timestamp with time zone) RETURNS integer
    AS '
DECLARE
  pStartDate ALIAS FOR $1;
  pEndDate   ALIAS FOR $2;
BEGIN
  RETURN EXTRACT(''year'' FROM AGE(DATE_TRUNC(''month'', pEndDate), DATE_TRUNC(''month'', pStartDate)));
END;
'
    LANGUAGE plpgsql;


--
-- TOC entry 479 (OID 36695)
-- Name: date_diff_years(timestamp without time zone, timestamp without time zone); Type: FUNCTION; Schema: public; Owner: postgres
--

CREATE FUNCTION date_diff_years(timestamp without time zone, timestamp without time zone) RETURNS integer
    AS '
DECLARE
  pStartDate ALIAS FOR $1;
  pEndDate   ALIAS FOR $2;
BEGIN
  RETURN date_diff_years(pStartDate::timestamp with time zone, pEndDate::timestamp with time zone);
END;
'
    LANGUAGE plpgsql;


--
-- TOC entry 480 (OID 36696)
-- Name: date_diff_years(date, date); Type: FUNCTION; Schema: public; Owner: postgres
--

CREATE FUNCTION date_diff_years(date, date) RETURNS integer
    AS '
DECLARE
  pStartDate ALIAS FOR $1;
  pEndDate   ALIAS FOR $2;
BEGIN
  RETURN date_diff_years(pStartDate::timestamp with time zone, pEndDate::timestamp with time zone);
END;
'
    LANGUAGE plpgsql;


--
-- TOC entry 481 (OID 36697)
-- Name: time_diff_hours(timestamp with time zone, timestamp with time zone); Type: FUNCTION; Schema: public; Owner: postgres
--

CREATE FUNCTION time_diff_hours(timestamp with time zone, timestamp with time zone) RETURNS integer
    AS '
DECLARE
  pStartTime ALIAS FOR $1;
  pEndTime   ALIAS FOR $2;
  vDays      integer;
  vHours     integer;
BEGIN
  vDays  := EXTRACT(''day''  FROM (DATE_TRUNC(''day'', pEndTime) - DATE_TRUNC(''day'', pStartTime)));
  vHours := EXTRACT(''hour'' FROM (pEndTime - pStartTime));
  RETURN (vDays * 24) + vHours;
END;
'
    LANGUAGE plpgsql;


--
-- TOC entry 482 (OID 36698)
-- Name: time_diff_hours(timestamp without time zone, timestamp without time zone); Type: FUNCTION; Schema: public; Owner: postgres
--

CREATE FUNCTION time_diff_hours(timestamp without time zone, timestamp without time zone) RETURNS integer
    AS '
DECLARE
  pStartTime ALIAS FOR $1;
  pEndTime   ALIAS FOR $2;
BEGIN
  RETURN time_diff_hours(pStartTime::timestamp with time zone, pEndTime::timestamp with time zone);
END;
'
    LANGUAGE plpgsql;


--
-- TOC entry 483 (OID 36699)
-- Name: time_diff_hours(time without time zone, time without time zone); Type: FUNCTION; Schema: public; Owner: postgres
--

CREATE FUNCTION time_diff_hours(time without time zone, time without time zone) RETURNS integer
    AS '
DECLARE
  pStartTime ALIAS FOR $1;
  pEndTime   ALIAS FOR $2;
BEGIN
  RETURN EXTRACT(''hour'' FROM (pEndTime - pStartTime));
END;
'
    LANGUAGE plpgsql;


--
-- TOC entry 484 (OID 36700)
-- Name: time_diff_minutes(timestamp with time zone, timestamp with time zone); Type: FUNCTION; Schema: public; Owner: postgres
--

CREATE FUNCTION time_diff_minutes(timestamp with time zone, timestamp with time zone) RETURNS integer
    AS '
DECLARE
  pStartTime ALIAS FOR $1;
  pEndTime   ALIAS FOR $2;
  vHours     integer;
  vMinutes   integer;
BEGIN
  vHours   := time_diff_hours(pStartTime, pEndTime);
  vMinutes := EXTRACT(''minute'' FROM AGE(pEndTime, pStartTime));
  RETURN (vHours * 60) + vMinutes;
END;
'
    LANGUAGE plpgsql;


--
-- TOC entry 485 (OID 36701)
-- Name: time_diff_minutes(timestamp without time zone, timestamp without time zone); Type: FUNCTION; Schema: public; Owner: postgres
--

CREATE FUNCTION time_diff_minutes(timestamp without time zone, timestamp without time zone) RETURNS integer
    AS '
DECLARE
  pStartTime ALIAS FOR $1;
  pEndTime   ALIAS FOR $2;
BEGIN
  RETURN time_diff_minutes(pStartTime::timestamp with time zone, pEndTime::timestamp with time zone);
END;
'
    LANGUAGE plpgsql;


--
-- TOC entry 486 (OID 36702)
-- Name: time_diff_minutes(time without time zone, time without time zone); Type: FUNCTION; Schema: public; Owner: postgres
--

CREATE FUNCTION time_diff_minutes(time without time zone, time without time zone) RETURNS integer
    AS '
DECLARE
  pStartTime ALIAS FOR $1;
  pEndTime   ALIAS FOR $2;
  vHours     integer;
  vMinutes   integer;
BEGIN
  vHours   := EXTRACT(''hour'' FROM (pEndTime - pStartTime));
  vMinutes := EXTRACT(''minute'' FROM (pEndTime - pStartTime));
  RETURN (vHours * 60) + vMinutes;
END;
'
    LANGUAGE plpgsql;


--
-- TOC entry 487 (OID 36703)
-- Name: date_add(timestamp with time zone, interval); Type: FUNCTION; Schema: public; Owner: postgres
--

CREATE FUNCTION date_add(timestamp with time zone, interval) RETURNS timestamp without time zone
    AS '
DECLARE
  pDate     ALIAS FOR $1;
  pInterval ALIAS FOR $2;
BEGIN
  RETURN (pDate + pInterval)::timestamp with time zone;
END;
'
    LANGUAGE plpgsql;


--
-- TOC entry 488 (OID 36704)
-- Name: date_add(timestamp without time zone, interval); Type: FUNCTION; Schema: public; Owner: postgres
--

CREATE FUNCTION date_add(timestamp without time zone, interval) RETURNS timestamp without time zone
    AS '
DECLARE
  pDate     ALIAS FOR $1;
  pInterval ALIAS FOR $2;
BEGIN
  RETURN (pDate + pInterval)::timestamp;
END;
'
    LANGUAGE plpgsql;


--
-- TOC entry 489 (OID 36705)
-- Name: concat(text, text); Type: FUNCTION; Schema: public; Owner: postgres
--

CREATE FUNCTION concat(text, text) RETURNS text
    AS '
DECLARE
  pTxt1 ALIAS FOR $1;
  pTxt2 ALIAS FOR $2;
BEGIN
  RETURN (pTxt1 || pTxt2);
END;

'
    LANGUAGE plpgsql;


--
-- TOC entry 490 (OID 36706)
-- Name: concat(text, text, text); Type: FUNCTION; Schema: public; Owner: postgres
--

CREATE FUNCTION concat(text, text, text) RETURNS text
    AS '
DECLARE
  pTxt1 ALIAS FOR $1;
  pTxt2 ALIAS FOR $2;
  pTxt3 ALIAS FOR $3;
BEGIN
  RETURN (pTxt1 || pTxt2 || pTxt3);
END;
'
    LANGUAGE plpgsql;


--
-- TOC entry 491 (OID 36707)
-- Name: getmonth(timestamp without time zone); Type: FUNCTION; Schema: public; Owner: postgres
--

CREATE FUNCTION getmonth(timestamp without time zone) RETURNS integer
    AS '
DECLARE
   pDate ALIAS FOR $1;
   vResult integer;
 BEGIN
   vResult := EXTRACT(''month'' FROM pDate);
   RETURN vResult;
 END;
'
    LANGUAGE plpgsql;


--
-- TOC entry 492 (OID 36708)
-- Name: getmonth(timestamp with time zone); Type: FUNCTION; Schema: public; Owner: postgres
--

CREATE FUNCTION getmonth(timestamp with time zone) RETURNS integer
    AS '
DECLARE
    pDate ALIAS FOR $1;
    vResult integer;
  BEGIN
    vResult := EXTRACT(''month'' FROM pDate);
    RETURN vResult;
  END;
'
    LANGUAGE plpgsql;


--
-- TOC entry 493 (OID 36709)
-- Name: monthname(integer); Type: FUNCTION; Schema: public; Owner: postgres
--

CREATE FUNCTION monthname(integer) RETURNS text
    AS '
DECLARE
    pMonth ALIAS FOR $1;
    vResult text;
BEGIN
    vResult := CASE 
	WHEN pMonth = 1 THEN ''January''
	WHEN pMonth = 2 THEN ''February''
	WHEN pMonth = 3 THEN ''March''
	WHEN pMonth = 4 THEN ''April''
	WHEN pMonth = 5 THEN ''May''
	WHEN pMonth = 6 THEN ''June''
	WHEN pMonth = 7 THEN ''Jully''
	WHEN pMonth = 8 THEN ''August''
	WHEN pMonth = 9 THEN ''September''
	WHEN pMonth = 10 THEN ''October''
	WHEN pMonth = 11 THEN ''November''
	WHEN pMonth = 12 THEN ''December''
        WHEN (pMonth < 1) OR (pMonth > 12) THEN null
    END;
    RETURN vResult;
END;

'
    LANGUAGE plpgsql;


--
-- TOC entry 494 (OID 36710)
-- Name: monthname(date); Type: FUNCTION; Schema: public; Owner: postgres
--

CREATE FUNCTION monthname(date) RETURNS text
    AS '
DECLARE
  vDate ALIAS FOR $1;
  vResult text;
BEGIN
  vResult := monthname(getmonth(vdate::timestamp));
  RETURN vResult;
END;

'
    LANGUAGE plpgsql;


--
-- TOC entry 495 (OID 36711)
-- Name: monthname(timestamp with time zone); Type: FUNCTION; Schema: public; Owner: postgres
--

CREATE FUNCTION monthname(timestamp with time zone) RETURNS text
    AS '
DECLARE
   vDate ALIAS FOR $1;
   vResult text;
 BEGIN
   vResult := monthname(getmonth(vdate));
   RETURN vResult;
 END;
 

'
    LANGUAGE plpgsql;


--
-- TOC entry 496 (OID 36712)
-- Name: year(date); Type: FUNCTION; Schema: public; Owner: postgres
--

CREATE FUNCTION "year"(date) RETURNS integer
    AS '
DECLARE
    pDate ALIAS FOR $1;
    vResult integer;
  BEGIN
    vResult := EXTRACT(''year'' FROM pDate);
    RETURN vResult;
  END;
'
    LANGUAGE plpgsql;


SET SESSION AUTHORIZATION 'weberp_db_user';

--
-- TOC entry 76 (OID 36715)
-- Name: recurringsalesorders; Type: TABLE; Schema: public; Owner: weberp_db_user
--

CREATE TABLE recurringsalesorders (
    recurrorderno serial NOT NULL,
    debtorno text DEFAULT ''::text NOT NULL,
    branchcode text DEFAULT ''::text NOT NULL,
    customerref text DEFAULT ''::text NOT NULL,
    buyername text,
    comments pgblob,
    orddate date,
    ordertype text DEFAULT ''::text NOT NULL,
    shipvia integer DEFAULT 0 NOT NULL,
    deladd1 text DEFAULT ''::text NOT NULL,
    deladd2 text DEFAULT ''::text NOT NULL,
    deladd3 text DEFAULT ''::text NOT NULL,
    deladd4 text,
    contactphone text,
    contactemail text,
    deliverto text DEFAULT ''::text NOT NULL,
    freightcost numeric(10,2) DEFAULT 0.00 NOT NULL,
    fromstkloc text DEFAULT ''::text NOT NULL,
    deliverydate date,
    lastrecurrence date DEFAULT now(),
    frequency integer DEFAULT 1 NOT NULL,
    stopdate date,
    autoinvoice integer DEFAULT 0 NOT NULL,
    deladd5 character varying(20) DEFAULT ''::text,
    deladd6 character varying(15) DEFAULT ''::text
);


--
-- TOC entry 77 (OID 36735)
-- Name: recurrsalesorderdetails; Type: TABLE; Schema: public; Owner: weberp_db_user
--

CREATE TABLE recurrsalesorderdetails (
    recurrorderno integer DEFAULT 0 NOT NULL,
    stkcode text DEFAULT ''::text NOT NULL,
    unitprice numeric(16,4) DEFAULT 0.0000 NOT NULL,
    quantity numeric(16,4) DEFAULT 0.0000 NOT NULL,
    discountpercent numeric(16,4) DEFAULT 0.0000 NOT NULL,
    narrative text NOT NULL
);


--
-- TOC entry 6 (OID 36745)
-- Name: scripts_id_seq; Type: SEQUENCE; Schema: public; Owner: weberp_db_user
--

CREATE SEQUENCE scripts_id_seq
    START WITH 0
    INCREMENT BY 1
    MAXVALUE 999999
    MINVALUE 0
    CACHE 1;


--
-- TOC entry 78 (OID 36747)
-- Name: accountsection; Type: TABLE; Schema: public; Owner: weberp_db_user
--

CREATE TABLE accountsection (
    sectionid integer NOT NULL,
    sectionname text NOT NULL
);


--
-- TOC entry 79 (OID 36754)
-- Name: securityroles; Type: TABLE; Schema: public; Owner: weberp_db_user
--

CREATE TABLE securityroles (
    secroleid serial NOT NULL,
    secrolename text NOT NULL
);


--
-- TOC entry 80 (OID 36760)
-- Name: securitytokens; Type: TABLE; Schema: public; Owner: weberp_db_user
--

CREATE TABLE securitytokens (
    tokenid integer NOT NULL,
    tokenname text NOT NULL
);


--
-- TOC entry 81 (OID 36765)
-- Name: securitygroups; Type: TABLE; Schema: public; Owner: weberp_db_user
--

CREATE TABLE securitygroups (
    secroleid integer NOT NULL,
    tokenid integer NOT NULL
);


--
-- TOC entry 82 (OID 36769)
-- Name: paymentmethods; Type: TABLE; Schema: public; Owner: weberp_db_user
--

CREATE TABLE paymentmethods (
    paymentid serial NOT NULL,
    paymentname text NOT NULL,
    paymenttype integer DEFAULT 1 NOT NULL,
    receipttype integer DEFAULT 1 NOT NULL
);


--
-- TOC entry 83 (OID 36779)
-- Name: unitsofmeasure; Type: TABLE; Schema: public; Owner: weberp_db_user
--

CREATE TABLE unitsofmeasure (
    unitid serial NOT NULL,
    unitname text NOT NULL
);


--
-- TOC entry 84 (OID 36785)
-- Name: config; Type: TABLE; Schema: public; Owner: weberp_db_user
--

CREATE TABLE config (
    confname text NOT NULL,
    confvalue text NOT NULL
);


--
-- TOC entry 85 (OID 45972)
-- Name: salescat; Type: TABLE; Schema: public; Owner: weberp_db_user
--

CREATE TABLE salescat (
    salescatid serial NOT NULL,
    parentcatid integer,
    salescatname text
);


--
-- TOC entry 86 (OID 45980)
-- Name: salescatprod; Type: TABLE; Schema: public; Owner: weberp_db_user
--

CREATE TABLE salescatprod (
    salescatid integer,
    stockid text NOT NULL
);


--
-- TOC entry 87 (OID 62219)
-- Name: taxcategories; Type: TABLE; Schema: public; Owner: weberp_db_user
--

CREATE TABLE taxcategories (
    taxcatid serial NOT NULL,
    taxcatname character varying(30) NOT NULL
);


--
-- TOC entry 88 (OID 62235)
-- Name: taxprovinces; Type: TABLE; Schema: public; Owner: weberp_db_user
--

CREATE TABLE taxprovinces (
    taxprovinceid serial NOT NULL,
    taxprovincename character varying(30) NOT NULL
);


--
-- TOC entry 89 (OID 62248)
-- Name: taxgroups; Type: TABLE; Schema: public; Owner: weberp_db_user
--

CREATE TABLE taxgroups (
    taxgroupid serial NOT NULL,
    taxgroupdescription character varying(30) NOT NULL
);


--
-- TOC entry 90 (OID 62253)
-- Name: taxgrouptaxes; Type: TABLE; Schema: public; Owner: weberp_db_user
--

CREATE TABLE taxgrouptaxes (
    taxgroupid integer NOT NULL,
    taxauthid integer NOT NULL,
    calculationorder integer NOT NULL,
    taxontax integer DEFAULT 0 NOT NULL
);


--
-- TOC entry 91 (OID 62268)
-- Name: stockmovestaxes; Type: TABLE; Schema: public; Owner: weberp_db_user
--

CREATE TABLE stockmovestaxes (
    stkmoveno integer NOT NULL,
    taxauthid integer NOT NULL,
    taxontax integer DEFAULT 0 NOT NULL,
    taxcalculationorder integer DEFAULT 0 NOT NULL,
    taxrate double precision DEFAULT 0 NOT NULL
);


--
-- TOC entry 92 (OID 62280)
-- Name: debtortranstaxes; Type: TABLE; Schema: public; Owner: weberp_db_user
--

CREATE TABLE debtortranstaxes (
    debtortransid integer NOT NULL,
    taxauthid integer NOT NULL,
    taxamount double precision NOT NULL
);


--
-- TOC entry 93 (OID 62304)
-- Name: supptranstaxes; Type: TABLE; Schema: public; Owner: weberp_db_user
--

CREATE TABLE supptranstaxes (
    supptransid integer NOT NULL,
    taxauthid integer NOT NULL,
    taxamount double precision NOT NULL
);


--
-- Data for TOC entry 497 (OID 35742)
-- Name: holdreasons; Type: TABLE DATA; Schema: public; Owner: weberp_db_user
--

COPY holdreasons (reasoncode, reasondescription, dissallowinvoices) FROM stdin;
20	Watch	0
30	No more work until payment rec	1
1	Good History	0
51	In liquidation	1
\.


--
-- Data for TOC entry 498 (OID 35750)
-- Name: currencies; Type: TABLE DATA; Schema: public; Owner: weberp_db_user
--

COPY currencies (currency, currabrev, country, hundredsname, rate) FROM stdin;
US Dollars	USD	USA	cents	1.0000
Euros Europe	EUR	European Union	cents	0.8000
Rand	ZAR	South Africa	cents	3.0000
\.


--
-- Data for TOC entry 499 (OID 35760)
-- Name: paymentterms; Type: TABLE DATA; Schema: public; Owner: weberp_db_user
--

COPY paymentterms (termsindicator, terms, daysbeforedue, dayinfollowingmonth) FROM stdin;
7	Payment due within 7 days	7	0
20	Due 20th Of the Following Month	0	22
30	Due By End Of The Following Month	0	30
CA	Cash Only	0	1
\.


--
-- Data for TOC entry 500 (OID 35769)
-- Name: systypes; Type: TABLE DATA; Schema: public; Owner: weberp_db_user
--

COPY systypes (typeid, typename, typeno) FROM stdin;
10	Sales Invoice	8
2	Receipt - GL	0
3	Standing Journal	0
18	Purchase Order	0
21	Debit Note	0
23	Creditors Journal	0
26	Work Order Receipt	0
28	Work Order Issue	0
29	Work Order Variance	0
30	Sales Order	0
0	Journal - GL	1
50	Opening Balance	0
22	Creditors Payment	3
31	Shipment Close	3
1	Payment - GL	2
20	Purchase Invoice	1
35	Cost Update	2
500	"Debtor Number"	100001
25	Purchase Order Delivery	5
15	Journal - Debtors	0
11	Credit Note	0
12	Receipt	0
16	Location Transfer	0
17	Stock Adjustment	0
\.


--
-- Data for TOC entry 501 (OID 35777)
-- Name: periods; Type: TABLE DATA; Schema: public; Owner: weberp_db_user
--

COPY periods (periodno, lastdate_in_period) FROM stdin;
1	2005-08-31
0	2005-07-31
-1	2005-06-30
-2	2005-05-31
-3	2005-04-30
-4	2005-03-31
-5	2005-02-28
-6	2005-01-31
-7	2004-12-31
\.


--
-- Data for TOC entry 502 (OID 35780)
-- Name: accountgroups; Type: TABLE DATA; Schema: public; Owner: weberp_db_user
--

COPY accountgroups (groupname, sectioninaccounts, pandl, sequenceintb) FROM stdin;
Sales	1	1	10
Revenue	1	1	4000
Liabilities	30	0	2000
Equity	50	0	3000
COG Sold	2	1	5000
Marketing Expenses	5	1	6000
Operating Expenses	5	1	7000
Other Revenue and Expenses	5	1	8000
Income Tax	5	1	9000
Fixed Assets	10	0	1000
Current Assets	20	0	1500
\.


--
-- Data for TOC entry 503 (OID 35791)
-- Name: cogsglpostings; Type: TABLE DATA; Schema: public; Owner: weberp_db_user
--

COPY cogsglpostings (id, area, stkcat, glcode, salestype) FROM stdin;
3	AN	ANY	5200	AN
\.


--
-- Data for TOC entry 504 (OID 35801)
-- Name: chartmaster; Type: TABLE DATA; Schema: public; Owner: weberp_db_user
--

COPY chartmaster (accountcode, accountname, group_) FROM stdin;
1010	Petty Cash	Current Assets
1030	Cheque Accounts	Current Assets
1040	Savings Accounts	Current Assets
1050	Payroll Accounts	Current Assets
1060	Special Accounts	Current Assets
1070	Money Market Investments	Current Assets
1080	Short-Term Investments (< 90 days)	Current Assets
1090	Interest Receivable	Current Assets
1100	Accounts Receivable	Current Assets
1150	Allowance for Doubtful Accounts	Current Assets
1200	Notes Receivable	Current Assets
1250	Income Tax Receivable	Current Assets
1300	Prepaid Expenses	Current Assets
1350	Advances	Current Assets
1400	Supplies Inventory	Current Assets
1420	Raw Material Inventory	Current Assets
1440	Work in Progress Inventory	Current Assets
1460	Finished Goods Inventory	Current Assets
1500	Land	Fixed Assets
1550	Bonds	Fixed Assets
1600	Buildings	Fixed Assets
1620	Accumulated Depreciation of Buildings	Fixed Assets
1650	Equipment	Fixed Assets
1670	Accumulated Depreciation of Equipment	Fixed Assets
1700	Furniture & Fixtures	Fixed Assets
1710	Accumulated Depreciation of Furniture & Fixtures	Fixed Assets
1720	Office Equipment	Fixed Assets
1730	Accumulated Depreciation of Office Equipment	Fixed Assets
1740	Software	Fixed Assets
1750	Accumulated Depreciation of Software	Fixed Assets
1760	Vehicles	Fixed Assets
1770	Accumulated Depreciation Vehicles	Fixed Assets
1780	Other Depreciable Property	Fixed Assets
1790	Accumulated Depreciation of Other Depreciable Property	Fixed Assets
1800	Patents	Fixed Assets
1850	Goodwill	Fixed Assets
1900	Future Income Tax Receivable	Current Assets
2010	Bank Indedebtedness (overdraft)	Liabilities
2020	Retainers or Advances on Work	Liabilities
2050	Interest Payable	Liabilities
2100	Accounts Payable	Liabilities
2200	Short-Term Loan Payable	Liabilities
2230	Current Portion of Long-Term Debt Payable	Liabilities
2250	Income Tax Payable	Liabilities
2300	GST Payable	Liabilities
2310	GST Recoverable	Liabilities
2320	PST Payable	Liabilities
2330	PST Recoverable (commission)	Liabilities
2340	Payroll Tax Payable	Liabilities
2350	Withholding Income Tax Payable	Liabilities
2360	Other Taxes Payable	Liabilities
2400	Employee Salaries Payable	Liabilities
2410	Management Salaries Payable	Liabilities
2420	Director / Partner Fees Payable	Liabilities
2450	Health Benefits Payable	Liabilities
2460	Pension Benefits Payable	Liabilities
2470	Canada Pension Plan Payable	Liabilities
2480	Employment Insurance Premiums Payable	Liabilities
2500	Land Payable	Liabilities
2550	Long-Term Bank Loan	Liabilities
2560	Notes Payable	Liabilities
2600	Building & Equipment Payable	Liabilities
2700	Furnishing & Fixture Payable	Liabilities
2720	Office Equipment Payable	Liabilities
2740	Vehicle Payable	Liabilities
2760	Other Property Payable	Liabilities
2800	Shareholder Loans	Liabilities
2900	Suspense	Liabilities
3100	Capital Stock	Equity
3200	Capital Surplus / Dividends	Equity
3300	Dividend Taxes Payable	Equity
3400	Dividend Taxes Refundable	Equity
3500	Retained Earnings	Equity
4100	Product / Service Sales	Revenue
4500	Consulting Services	Revenue
4600	Rentals	Revenue
4700	Finance Charge Income	Revenue
4800	Sales Returns & Allowances	Revenue
4900	Sales Discounts	Revenue
5100	Production Expenses	COG Sold
5500	Direct Labour Costs	COG Sold
5600	Freight Charges	COG Sold
5700	Inventory Adjustment	COG Sold
5800	Purchase Returns & Allowances	COG Sold
5900	Purchase Discounts	COG Sold
6100	Advertising	Marketing Expenses
6150	Promotion	Marketing Expenses
6200	Communications	Marketing Expenses
6250	Meeting Expenses	Marketing Expenses
6300	Travelling Expenses	Marketing Expenses
6400	Delivery Expenses	Marketing Expenses
6500	Sales Salaries & Commission	Marketing Expenses
6550	Sales Salaries & Commission Deductions	Marketing Expenses
6590	Benefits	Marketing Expenses
6600	Other Selling Expenses	Marketing Expenses
6700	Permits, Licenses & License Fees	Marketing Expenses
6800	Research & Development	Marketing Expenses
6900	Professional Services	Marketing Expenses
7020	Support Salaries & Wages	Operating Expenses
7030	Support Salary & Wage Deductions	Operating Expenses
7040	Management Salaries	Operating Expenses
7050	Management Salary deductions	Operating Expenses
7060	Director / Partner Fees	Operating Expenses
7070	Director / Partner Deductions	Operating Expenses
7080	Payroll Tax	Operating Expenses
7090	Benefits	Operating Expenses
7100	Training & Education Expenses	Operating Expenses
7150	Dues & Subscriptions	Operating Expenses
7200	Accounting Fees	Operating Expenses
7210	Audit Fees	Operating Expenses
7220	Banking Fees	Operating Expenses
7230	Credit Card Fees	Operating Expenses
7240	Consulting Fees	Operating Expenses
7260	Legal Fees	Operating Expenses
7280	Other Professional Fees	Operating Expenses
7300	Business Tax	Operating Expenses
7350	Property Tax	Operating Expenses
7390	Corporation Capital Tax	Operating Expenses
7400	Office Rent	Operating Expenses
7450	Equipment Rental	Operating Expenses
7500	Office Supplies	Operating Expenses
7550	Office Repair & Maintenance	Operating Expenses
7600	Automotive Expenses	Operating Expenses
7610	Communication Expenses	Operating Expenses
7620	Insurance Expenses	Operating Expenses
7630	Postage & Courier Expenses	Operating Expenses
7640	Miscellaneous Expenses	Operating Expenses
7650	Travel Expenses	Operating Expenses
7660	Utilities	Operating Expenses
7700	Ammortization Expenses	Operating Expenses
7750	Depreciation Expenses	Operating Expenses
7800	Interest Expense	Operating Expenses
7900	Bad Debt Expense	Operating Expenses
8100	Gain on Sale of Assets	Other Revenue and Expenses
8200	Interest Income	Other Revenue and Expenses
8300	Recovery on Bad Debt	Other Revenue and Expenses
8400	Other Revenue	Other Revenue and Expenses
8500	Loss on Sale of Assets	Other Revenue and Expenses
8600	Charitable Contributions	Other Revenue and Expenses
8900	Other Expenses	Other Revenue and Expenses
9100	Income Tax Provision	Income Tax
1020	Cash on Hand	Current Assets
1	Default Sales/Discounts	Sales
5200	Cost of Sales	COG Sold
2150	Goods Received Suspense	Liabilities
5250	Purchases Exchange Gains/Losses	COG Sold
4850	Sales Exchange Gains/Losses	Sales
\.


--
-- Data for TOC entry 505 (OID 35811)
-- Name: taxauthorities; Type: TABLE DATA; Schema: public; Owner: weberp_db_user
--

COPY taxauthorities (taxid, description, taxglcode, purchtaxglaccount, bank, bankacctype, bankacc, bankswift) FROM stdin;
4	GST	2300	2310				
5	PST	2320	2330				
\.


--
-- Data for TOC entry 506 (OID 35820)
-- Name: companies; Type: TABLE DATA; Schema: public; Owner: weberp_db_user
--

COPY companies (coycode, coyname, gstno, companynumber, regoffice1, regoffice2, regoffice3, regoffice4, telephone, fax, email, currencydefault, debtorsact, pytdiscountact, creditorsact, payrollact, grnact, exchangediffact, purchasesexchangediffact, retainedearnings, gllink_debtors, gllink_creditors, gllink_stock, freightact, regoffice5, regoffice6) FROM stdin;
1	webERP Demo		0	123 Post Office Box	The White House	Washnington DC	USA	03 45444 5442 	03 54444 45454		USD	1100	4900	2100	2400	2150	4850	5250	3500	1	1	1	5600	\N	\N
\.


--
-- Data for TOC entry 507 (OID 35849)
-- Name: ediitemmapping; Type: TABLE DATA; Schema: public; Owner: weberp_db_user
--

COPY ediitemmapping (supporcust, partnercode, stockid, partnerstockid) FROM stdin;
\.


--
-- Data for TOC entry 508 (OID 35860)
-- Name: edimessageformat; Type: TABLE DATA; Schema: public; Owner: weberp_db_user
--

COPY edimessageformat (id, partnercode, messagetype, section, sequenceno, linetext) FROM stdin;
\.


--
-- Data for TOC entry 509 (OID 35871)
-- Name: edi_orders_seg_groups; Type: TABLE DATA; Schema: public; Owner: weberp_db_user
--

COPY edi_orders_seg_groups (seggroupno, maxoccur, parentseggroup) FROM stdin;
\.


--
-- Data for TOC entry 510 (OID 35878)
-- Name: edi_orders_segs; Type: TABLE DATA; Schema: public; Owner: weberp_db_user
--

COPY edi_orders_segs (id, segtag, seggroup, maxoccur) FROM stdin;
\.


--
-- Data for TOC entry 511 (OID 35889)
-- Name: gltrans; Type: TABLE DATA; Schema: public; Owner: weberp_db_user
--

COPY gltrans (counterindex, "type", typeno, chequeno, trandate, periodno, account, narrative, amount, posted, jobref) FROM stdin;
111	25	5	0	2005-08-28	1	1400	PO: 7 TEST - BOLT13MMX10 - 13mm hex head bolt 10mm thread x 489 @ 1.33	650.37	1	
112	25	5	0	2005-08-28	1	2150	PO: 7 TEST - BOLT13MMX10 - 13mm hex head bolt 10mm thread x 489 @ 1.33	-650.37	1	
113	10	6	0	2005-08-31	1	1	CUST01 - DEVDB x 6.5 @ 40.0000	-86.666666666699996	1	
114	10	6	0	2005-08-31	1	1	CUST01 - DEVDB @ 25%	21.666666666699999	1	
115	10	6	0	2005-08-31	1	5200	CUST01 - PHIS02 x 6 @ 36.9890	221.934	1	
116	10	6	0	2005-08-31	1	1400	CUST01 - PHIS02 x 6 @ 36.9890	-221.934	1	
117	10	6	0	2005-08-31	1	1	CUST01 - PHIS02 x 6 @ 70.0000	-140	1	
118	10	6	0	2005-08-31	1	1100	CUST01	234.62333333300001	1	
127	10	8	0	2005-01-01	-6	5200	FREDBLOGG - PHIS01 x 1 @ 10.0000	10	0	
128	10	8	0	2005-01-01	-6	1400	FREDBLOGG - PHIS01 x 1 @ 10.0000	-10	0	
129	10	8	0	2005-01-01	-6	4100	FREDBLOGG - PHIS01 x 1 @ 12.0000	-15	0	
130	10	8	0	2005-01-01	-6	1100	FREDBLOGG	17.100000000000001	0	
131	10	8	0	2005-01-01	-6	2300	FREDBLOGG	-0.75	0	
132	10	8	0	2005-01-01	-6	2320	FREDBLOGG	-1.3500000000000001	0	
119	10	6	0	2005-08-31	1	2320	CUST01	-18.449999999999999	1	
120	10	6	0	2005-08-31	1	2300	CUST01	-11.172499999999999	1	
121	10	7	0	2005-08-31	1	5200	FREDBLOGG - BOLT13MMX10 x 126 @ 1.3300	167.58000000000001	1	
122	10	7	0	2005-08-31	1	1400	FREDBLOGG - BOLT13MMX10 x 126 @ 1.3300	-167.58000000000001	1	
123	10	7	0	2005-08-31	1	4100	FREDBLOGG - BOLT13MMX10 x 126 @ 2.3300	-366.97500000000002	1	
124	10	7	0	2005-08-31	1	1100	FREDBLOGG	420	1	
125	10	7	0	2005-08-31	1	2320	FREDBLOGG	-33.027749999999997	1	
126	10	7	0	2005-08-31	1	2300	FREDBLOGG	-20.000137500000001	1	
\.


--
-- Data for TOC entry 512 (OID 35904)
-- Name: lastcostrollup; Type: TABLE DATA; Schema: public; Owner: weberp_db_user
--

COPY lastcostrollup (stockid, totalonhand, matcost, labcost, oheadcost, categoryid, stockact, adjglact, newmatcost, newlabcost, newoheadcost) FROM stdin;
\.


--
-- Data for TOC entry 513 (OID 35920)
-- Name: locations; Type: TABLE DATA; Schema: public; Owner: weberp_db_user
--

COPY locations (loccode, locationname, deladd1, deladd2, deladd3, tel, fax, email, contact, taxprovinceid, managed, deladd4, deladd5, deladd6) FROM stdin;
CPT	Cape Town	na	na	na	na	na	weberp@paradise.net.nz	na	1	\N	\N	\N	\N
\.


--
-- Data for TOC entry 514 (OID 35937)
-- Name: reportheaders; Type: TABLE DATA; Schema: public; Owner: weberp_db_user
--

COPY reportheaders (reportid, reportheading, groupbydata1, newpageafter1, lower1, upper1, groupbydata2, newpageafter2, lower2, upper2, groupbydata3, newpageafter3, lower3, upper3, groupbydata4, newpageafter4, upper4, lower4) FROM stdin;
1	Sales in 2005	Customer Code	0	0	zzzzzzz	Not Used	0			Not Used	0			Not Used	0		
\.


--
-- Data for TOC entry 515 (OID 35954)
-- Name: reportcolumns; Type: TABLE DATA; Schema: public; Owner: weberp_db_user
--

COPY reportcolumns (reportid, colno, heading1, heading2, calculation, periodfrom, periodto, datatype, colnumerator, coldenominator, calcoperator, budgetoractual, valformat, constant) FROM stdin;
1	2	Quantity		0	49	63	Quantity	0	0		1	N	0
1	3	Budget	Value	0	49	63	Gross Value	0	0		0	N	0
1	1	Sales Value		0	49	63	Net Value	0	0		1	N	0
\.


--
-- Data for TOC entry 516 (OID 35968)
-- Name: salesanalysis; Type: TABLE DATA; Schema: public; Owner: weberp_db_user
--

COPY salesanalysis (typeabbrev, periodno, amt, cost, cust, custbranch, qty, disc, stockid, area, budgetoractual, salesperson, stkcategory, id) FROM stdin;
WS	-6	15.0000	10.0000	FREDBLOGG	FREDBLOGG	1.0000	0.0000	PHIS01	EU	1	REF	MISC	26
WS	1	86.6667	0.0000	CUST01	CUST01	6.5000	21.6667	DEVDB	ZA	1	GEN	MISC	23
WS	1	140.0000	221.9340	CUST01	CUST01	6.0000	0.0000	PHIS02	ZA	1	GEN	MISC	24
WS	1	366.9750	167.5800	FREDBLOGG	FREDBLOGG	126.0000	0.0000	BOLT13MMX10	EU	1	REF	BOLTS	25
\.


--
-- Data for TOC entry 517 (OID 35989)
-- Name: salesglpostings; Type: TABLE DATA; Schema: public; Owner: weberp_db_user
--

COPY salesglpostings (id, area, stkcat, discountglcode, salesglcode, salestype) FROM stdin;
6	AN	ANY	4900	4100	AN
\.


--
-- Data for TOC entry 518 (OID 36000)
-- Name: salestypes; Type: TABLE DATA; Schema: public; Owner: weberp_db_user
--

COPY salestypes (typeabbrev, sales_type) FROM stdin;
WS	Wholesale
\.


--
-- Data for TOC entry 519 (OID 36007)
-- Name: discountmatrix; Type: TABLE DATA; Schema: public; Owner: weberp_db_user
--

COPY discountmatrix (salestype, discountcategory, quantitybreak, discountrate) FROM stdin;
\.


--
-- Data for TOC entry 520 (OID 36016)
-- Name: salesman; Type: TABLE DATA; Schema: public; Owner: weberp_db_user
--

COPY salesman (salesmancode, salesmanname, smantel, smanfax, commissionrate1, breakpoint, commissionrate2) FROM stdin;
GEN	General	N/A	N/A	0.0000	0.0000	0.0000
REF	Referral			0.0000	0.0000	0.0000
\.


--
-- Data for TOC entry 521 (OID 36036)
-- Name: suppliers; Type: TABLE DATA; Schema: public; Owner: weberp_db_user
--

COPY suppliers (supplierid, suppname, address1, address2, address3, address4, currcode, suppliersince, paymentterms, lastpaid, lastpaiddate, bankact, bankref, bankpartics, remittance, taxgroupid, address5, address6) FROM stdin;
SUP01	Test Supplier	Na	Na	Na	Na	ZAR	2004-12-01	CA	130.0000	2004-12-05 00:00:00		0	Na	0	1	\N	\N
TEST	etstt	sst	stt	sst		ZAR	2004-12-28	CA	0.0000	\N		0		0	1	\N	\N
MAUKAU	Tisco Manukau					ZAR	2005-02-03	7	0.0000	\N		0		0	1	\N	\N
\.


--
-- Data for TOC entry 522 (OID 36055)
-- Name: shipments; Type: TABLE DATA; Schema: public; Owner: weberp_db_user
--

COPY shipments (shiptref, voyageref, vessel, eta, accumvalue, supplierid, closed) FROM stdin;
\.


--
-- Data for TOC entry 523 (OID 36068)
-- Name: shipmentcharges; Type: TABLE DATA; Schema: public; Owner: weberp_db_user
--

COPY shipmentcharges (shiptchgid, shiptref, transtype, transno, stockid, value) FROM stdin;
\.


--
-- Data for TOC entry 524 (OID 36081)
-- Name: shippers; Type: TABLE DATA; Schema: public; Owner: weberp_db_user
--

COPY shippers (shipper_id, shippername, mincharge) FROM stdin;
2	Courier Post	0.0000
1	Not Specified	0.0000
\.


--
-- Data for TOC entry 525 (OID 36091)
-- Name: freightcosts; Type: TABLE DATA; Schema: public; Owner: weberp_db_user
--

COPY freightcosts (shipcostfromid, locationfrom, destination, shipperid, cubrate, kgrate, maxkgs, maxcub, fixedprice, minimumchg) FROM stdin;
1	CPT	South Africa	2	0.00	2000.00	2.00	9999.00	0.00	200.00
\.


--
-- Data for TOC entry 526 (OID 36106)
-- Name: stockcategory; Type: TABLE DATA; Schema: public; Owner: weberp_db_user
--

COPY stockcategory (categoryid, categorydescription, stocktype, stockact, adjglact, purchpricevaract, materialuseagevarac, wipact) FROM stdin;
MISC	Miscellaneous	F	1400	5700	5800	5800	1440
BOLTS	Bolts	F	1400	5700	5800	5800	1440
\.


--
-- Data for TOC entry 527 (OID 36119)
-- Name: stockmaster; Type: TABLE DATA; Schema: public; Owner: weberp_db_user
--

COPY stockmaster (stockid, categoryid, description, longdescription, units, mbflag, lastcurcostdate, actualcost, lastcost, materialcost, labourcost, overheadcost, lowestlevel, discontinued, controlled, eoq, volume, kgs, barcode, discountcategory, taxcatid, serialised, decimalplaces) FROM stdin;
ASSEM1	MISC	Assembly item 1	Assembly item 1	each	A	1800-01-01	0.0000	0.0000	0.0000	0.0000	0.0000	0	0	0	0.00	0.0000	0.0000			1	0	0
STEELBAR10MMROUND	BOLTS	10mm Round Mild Steel Bar	10mm Round Mild Steel Bar	each	B	1800-01-01	0.0000	0.0000	0.0000	0.0000	0.0000	0	0	0	0.00	0.0000	0.0000			1	0	0
DEVDB	MISC	Database Development	The design and/or migration of a database stucture for the purpose of retaining and recalling relational data.	each	D	1800-01-01	0.0000	0.0000	0.0000	0.0000	0.0000	0	0	0	0.00	0.0000	0.0000			1	0	0
BOLT13MMX10	BOLTS	13mm hex head bolt 10mm thread	13mm hex head bolt 10mm thread	each	M	1800-01-01	0.0000	0.0000	1.3300	0.0000	0.0000	0	0	1	0.00	0.0000	0.0000			1	0	0
PHIS01	MISC	A physical Stock Item	A physical Stock Item	each	M	1800-01-01	0.0000	0.0000	10.0000	0.0000	0.0000	0	0	0	5.00	1.0000	4.0000			1	0	0
PHIS02	MISC	Another Physical Item	Another Physical Item	each	M	1800-01-01	0.0000	0.0000	36.9890	0.0000	0.0000	0	0	0	0.00	0.0000	0.0000			1	0	0
\.


--
-- Data for TOC entry 528 (OID 36148)
-- Name: stockcounts; Type: TABLE DATA; Schema: public; Owner: weberp_db_user
--

COPY stockcounts (id, stockid, loccode, qtycounted, reference) FROM stdin;
\.


--
-- Data for TOC entry 529 (OID 36158)
-- Name: stockcheckfreeze; Type: TABLE DATA; Schema: public; Owner: weberp_db_user
--

COPY stockcheckfreeze (stockid, loccode, qoh) FROM stdin;
\.


--
-- Data for TOC entry 530 (OID 36166)
-- Name: prices; Type: TABLE DATA; Schema: public; Owner: weberp_db_user
--

COPY prices (stockid, typeabbrev, currabrev, debtorno, price, branchcode) FROM stdin;
PHIS02	WS	ZAR		70.0000	
DEVDB	WS	ZAR		40.0000	
PHIS01	WS	ZAR		63.2200	
\.


--
-- Data for TOC entry 531 (OID 36177)
-- Name: purchdata; Type: TABLE DATA; Schema: public; Owner: weberp_db_user
--

COPY purchdata (supplierno, stockid, price, suppliersuom, conversionfactor, supplierdescription, leadtime, preferred) FROM stdin;
SUP01	PHIS01	32.9500	each	1.0000	supplier 1 description for physical item 1	15	1
\.


--
-- Data for TOC entry 532 (OID 36190)
-- Name: locstock; Type: TABLE DATA; Schema: public; Owner: weberp_db_user
--

COPY locstock (loccode, stockid, quantity, reorderlevel) FROM stdin;
CPT	PHIS01	-1.0	0
CPT	PHIS02	-6.0	0
CPT	BOLT13MMX10	363.0	0
CPT	ASSEM1	0.0	0
CPT	DEVDB	0.0	0
CPT	STEELBAR10MMROUND	0.0	0
\.


--
-- Data for TOC entry 533 (OID 36199)
-- Name: loctransfers; Type: TABLE DATA; Schema: public; Owner: weberp_db_user
--

COPY loctransfers (reference, stockid, shipqty, recqty, shipdate, recdate, shiploc, recloc) FROM stdin;
\.


--
-- Data for TOC entry 534 (OID 36212)
-- Name: stockmoves; Type: TABLE DATA; Schema: public; Owner: weberp_db_user
--

COPY stockmoves (stkmoveno, stockid, "type", transno, loccode, trandate, debtorno, branchcode, price, prd, reference, qty, discountpercent, standardcost, show_on_inv_crds, newqoh, hidemovt, narrative) FROM stdin;
64	PHIS01	10	8	CPT	2005-01-01	FREDBLOGG	FREDBLOGG	15.0000	-6	59	-1.0000	0.0000	10.0000	1	-1	0	
58	BOLT13MMX10	25	5	CPT	2005-08-28			0.0000	1	TEST (etstt) - 7	489.0000	0.0000	1.3300	1	489	0	
61	DEVDB	10	6	CPT	2005-08-31	CUST01	CUST01	13.3333	1	6	-6.5000	0.2500	0.0000	1	0	0	
62	PHIS02	10	6	CPT	2005-08-31	CUST01	CUST01	23.3333	1	6	-6.0000	0.0000	36.9890	1	-6	0	
63	BOLT13MMX10	10	7	CPT	2005-08-31	FREDBLOGG	FREDBLOGG	2.9125	1	8	-126.0000	0.0000	1.3300	1	363	0	
\.


--
-- Data for TOC entry 535 (OID 36235)
-- Name: stockserialitems; Type: TABLE DATA; Schema: public; Owner: weberp_db_user
--

COPY stockserialitems (stockid, loccode, serialno, quantity) FROM stdin;
BOLT13MMX10	CPT	4521145	50
BOLT13MMX10	CPT	4521147	50
BOLT13MMX10	CPT	4521149	50
BOLT13MMX10	CPT	4521150	48
BOLT13MMX10	CPT	4521151	52
BOLT13MMX10	CPT	4521152	53
BOLT13MMX10	CPT	4521155	36
BOLT13MMX10	CPT	4521144	0
BOLT13MMX10	CPT	4521146	0
BOLT13MMX10	CPT	4521148	24
\.


--
-- Data for TOC entry 536 (OID 36246)
-- Name: stockserialmoves; Type: TABLE DATA; Schema: public; Owner: weberp_db_user
--

COPY stockserialmoves (stkitmmoveno, stockmoveno, stockid, serialno, moveqty) FROM stdin;
73	58	BOLT13MMX10	4521144	50
74	58	BOLT13MMX10	4521145	50
75	58	BOLT13MMX10	4521146	50
76	58	BOLT13MMX10	4521147	50
77	58	BOLT13MMX10	4521148	50
78	58	BOLT13MMX10	4521149	50
79	58	BOLT13MMX10	4521150	48
80	58	BOLT13MMX10	4521151	52
81	58	BOLT13MMX10	4521152	53
82	58	BOLT13MMX10	4521155	36
83	63	BOLT13MMX10	4521144	-50
84	63	BOLT13MMX10	4521146	-50
85	63	BOLT13MMX10	4521148	-26
\.


--
-- Data for TOC entry 537 (OID 36258)
-- Name: supptrans; Type: TABLE DATA; Schema: public; Owner: weberp_db_user
--

COPY supptrans (transno, "type", supplierno, suppreference, trandate, duedate, settled, rate, ovamount, ovgst, diffonexch, alloc, transtext, "hold", id) FROM stdin;
2	22	SUP01	Cheque	2004-12-05	\N	0	1.000000	-130.0000	0.0000	0.0000	0.0000		0	1
1	20	SUP01	854442	2005-01-12	2005-02-01	1	1.000000	3719.1000	0.0000	0.0000	3719.1000		0	2
3	22	SUP01	1	2005-08-31	2005-08-31	1	1.000000	-3719.1000	0.0000	0.0000	-3719.1000	\N	0	4
\.


--
-- Data for TOC entry 538 (OID 36277)
-- Name: suppallocs; Type: TABLE DATA; Schema: public; Owner: weberp_db_user
--

COPY suppallocs (id, amt, datealloc, transid_allocfrom, transid_allocto) FROM stdin;
1	3719.10	2005-08-31	4	2
\.


--
-- Data for TOC entry 539 (OID 36283)
-- Name: suppliercontacts; Type: TABLE DATA; Schema: public; Owner: weberp_db_user
--

COPY suppliercontacts (supplierid, contact, "position", tel, fax, mobile, email, ordercontact) FROM stdin;
SUP01	Jonny Dep	Owner	na	na	na	jowny@unknown.com	0
\.


--
-- Data for TOC entry 540 (OID 36298)
-- Name: purchorders; Type: TABLE DATA; Schema: public; Owner: weberp_db_user
--

COPY purchorders (orderno, supplierno, comments, orddate, rate, dateprinted, allowprint, initiator, requisitionno, intostocklocation, deladd1, deladd2, deladd3, deladd4, deladd5, deladd6, contact) FROM stdin;
2	SUP01		2004-12-02 00:00:00	1.0000	\N	1			CPT	n/a	n/a	n/a	n/a	\N	\N	\N
5	SUP01		2004-12-04 00:00:00	1.0000	\N	1	testy	REF0001	CPT	na	na	na	na	\N	\N	\N
6	SUP01		2005-01-13 00:00:00	1.0000	2005-01-13 00:00:00	0	pdg		CPT	Some Road	Some Town	Some City	0231 122211	\N	\N	\N
7	TEST		2005-08-18 00:00:00	1.0000	\N	1	pdg		CPT	Percy Montgomery Drive	Ollieville	Cape Town	233120100	\N	\N	\N
\.


--
-- Data for TOC entry 541 (OID 36314)
-- Name: purchorderdetails; Type: TABLE DATA; Schema: public; Owner: weberp_db_user
--

COPY purchorderdetails (podetailitem, orderno, itemcode, deliverydate, itemdescription, glcode, qtyinvoiced, unitprice, actprice, stdcostunit, quantityord, quantityrecd, shiptref, jobref, completed) FROM stdin;
4	6	PHIS01	2005-01-13	A phisical Stock Item	1400	0.0000	12.0000	0.0000	10.0000	455.0000	0.0000	0	0	0
1	2	PHIS01	2004-12-02	A phisical Stock Item	1400	0.0000	35.0000	0.0000	0.0000	5.0000	0.0000	0	0	0
3	5	*5_1	2004-12-05	A Jar of JAM	1400	0.0000	20.0000	0.0000	0.0000	2.0000	0.0000	0		0
5	7	BOLT13MMX10	2005-08-18	13mm hex head bolt 10mm thread	1400	0.0000	0.0000	0.0000	1.3300	500.0000	489.0000	0	0	0
\.


--
-- Data for TOC entry 542 (OID 36335)
-- Name: grns; Type: TABLE DATA; Schema: public; Owner: weberp_db_user
--

COPY grns (grnbatch, grnno, podetailitem, itemcode, deliverydate, itemdescription, qtyrecd, quantityinv, supplierid) FROM stdin;
5	13	5	BOLT13MMX10	2005-08-28	13mm hex head bolt 10mm thread	489.0000	0.0000	TEST
\.


--
-- Data for TOC entry 543 (OID 36348)
-- Name: taxauthrates; Type: TABLE DATA; Schema: public; Owner: weberp_db_user
--

COPY taxauthrates (taxauthority, dispatchtaxprovince, taxcatid, taxrate) FROM stdin;
4	1	1	0.050000000000000003
4	1	0	0
5	1	1	0.089999999999999997
5	1	0	0
4	6	1	0
4	6	0	0
5	6	1	0
5	6	0	0
\.


--
-- Data for TOC entry 544 (OID 36354)
-- Name: www_users; Type: TABLE DATA; Schema: public; Owner: weberp_db_user
--

COPY www_users (userid, "password", realname, customerid, phone, email, defaultlocation, fullaccess, lastvisitdate, branchcode, pagesize, modulesallowed, blocked, displayrecordsmax, theme, "language") FROM stdin;
demo	f0f77a7f88e7c1e93ab4e316b4574c7843b00ea4	administrator				CPT	8	2005-11-15 19:08:05		A4	1,1,1,1,1,1,1,1,	0	50	fresh	en_GB
\.


--
-- Data for TOC entry 545 (OID 36373)
-- Name: workcentres; Type: TABLE DATA; Schema: public; Owner: weberp_db_user
--

COPY workcentres (code, "location", description, capacity, overheadperhour, overheadrecoveryact, setuphrs) FROM stdin;
ASS	CPT	Assembly	1.0000	25.0000	240000	0.0000
\.


--
-- Data for TOC entry 546 (OID 36385)
-- Name: worksorders; Type: TABLE DATA; Schema: public; Owner: weberp_db_user
--

COPY worksorders (woref, loccode, unitsreqd, stockid, stdcost, requiredby, releaseddate, accumvalueissued, accumvaluetrfd, closed, released) FROM stdin;
\.


--
-- Data for TOC entry 547 (OID 36400)
-- Name: woissues; Type: TABLE DATA; Schema: public; Owner: weberp_db_user
--

COPY woissues (issueno, woref, stockid, issuetype, workcentre, qtyissued, stdcost) FROM stdin;
\.


--
-- Data for TOC entry 548 (OID 36414)
-- Name: worequirements; Type: TABLE DATA; Schema: public; Owner: weberp_db_user
--

COPY worequirements (id, woref, stockid, wrkcentre, unitsreq, stdcost, resourcetype) FROM stdin;
\.


--
-- Data for TOC entry 549 (OID 36426)
-- Name: bom; Type: TABLE DATA; Schema: public; Owner: weberp_db_user
--

COPY bom (parent, component, workcentreadded, loccode, effectiveafter, effectiveto, quantity) FROM stdin;
ASSEM1	PHIS01	ASS	CPT	2005-08-17	2035-08-18	2.0000
ASSEM1	PHIS02	ASS	CPT	2005-08-17	2035-08-18	1.0000
PHIS01	BOLT13MMX10	ASS	CPT	2005-11-13	2035-11-14	5.0000
\.


--
-- Data for TOC entry 550 (OID 36437)
-- Name: bankaccounts; Type: TABLE DATA; Schema: public; Owner: weberp_db_user
--

COPY bankaccounts (accountcode, bankaccountname, bankaccountnumber, bankaddress) FROM stdin;
1030	Cheque Account	1234567899 	
1010	Petty Cash		
1040	Savings Account		
\.


--
-- Data for TOC entry 551 (OID 36447)
-- Name: banktrans; Type: TABLE DATA; Schema: public; Owner: weberp_db_user
--

COPY banktrans (banktransid, "type", transno, bankact, ref, amountcleared, exrate, transdate, banktranstype, amount, currcode) FROM stdin;
\.


--
-- Data for TOC entry 552 (OID 36462)
-- Name: buckets; Type: TABLE DATA; Schema: public; Owner: weberp_db_user
--

COPY buckets (workcentre, availdate, capacity) FROM stdin;
\.


--
-- Data for TOC entry 553 (OID 36469)
-- Name: chartdetails; Type: TABLE DATA; Schema: public; Owner: weberp_db_user
--

COPY chartdetails (accountcode, period, budget, actual, bfwd, bfwdbudget) FROM stdin;
1010	1	0	0	0	0
1030	1	0	0	0	0
1040	1	0	0	0	0
1050	1	0	0	0	0
1060	1	0	0	0	0
1070	1	0	0	0	0
1080	1	0	0	0	0
1090	1	0	0	0	0
1150	1	0	0	0	0
1200	1	0	0	0	0
1250	1	0	0	0	0
1300	1	0	0	0	0
1350	1	0	0	0	0
1420	1	0	0	0	0
1440	1	0	0	0	0
1460	1	0	0	0	0
1500	1	0	0	0	0
1550	1	0	0	0	0
1600	1	0	0	0	0
1620	1	0	0	0	0
1650	1	0	0	0	0
1670	1	0	0	0	0
1700	1	0	0	0	0
1710	1	0	0	0	0
1720	1	0	0	0	0
1730	1	0	0	0	0
1740	1	0	0	0	0
1750	1	0	0	0	0
1760	1	0	0	0	0
1770	1	0	0	0	0
1780	1	0	0	0	0
1790	1	0	0	0	0
1800	1	0	0	0	0
1850	1	0	0	0	0
1900	1	0	0	0	0
2010	1	0	0	0	0
2020	1	0	0	0	0
2050	1	0	0	0	0
2100	1	0	0	0	0
2200	1	0	0	0	0
2230	1	0	0	0	0
2250	1	0	0	0	0
2310	1	0	0	0	0
2330	1	0	0	0	0
2340	1	0	0	0	0
2350	1	0	0	0	0
2360	1	0	0	0	0
2400	1	0	0	0	0
2410	1	0	0	0	0
2420	1	0	0	0	0
2450	1	0	0	0	0
2460	1	0	0	0	0
2470	1	0	0	0	0
2480	1	0	0	0	0
2500	1	0	0	0	0
2550	1	0	0	0	0
2560	1	0	0	0	0
2600	1	0	0	0	0
2700	1	0	0	0	0
2720	1	0	0	0	0
2740	1	0	0	0	0
2760	1	0	0	0	0
2800	1	0	0	0	0
2900	1	0	0	0	0
3100	1	0	0	0	0
3200	1	0	0	0	0
3300	1	0	0	0	0
3400	1	0	0	0	0
3500	1	0	0	0	0
4500	1	0	0	0	0
4600	1	0	0	0	0
4700	1	0	0	0	0
4800	1	0	0	0	0
4900	1	0	0	0	0
5100	1	0	0	0	0
5500	1	0	0	0	0
5600	1	0	0	0	0
5700	1	0	0	0	0
5800	1	0	0	0	0
5900	1	0	0	0	0
6100	1	0	0	0	0
6150	1	0	0	0	0
6200	1	0	0	0	0
6250	1	0	0	0	0
6300	1	0	0	0	0
6400	1	0	0	0	0
6500	1	0	0	0	0
6550	1	0	0	0	0
6590	1	0	0	0	0
6600	1	0	0	0	0
6700	1	0	0	0	0
6800	1	0	0	0	0
6900	1	0	0	0	0
7020	1	0	0	0	0
7030	1	0	0	0	0
7040	1	0	0	0	0
7050	1	0	0	0	0
7060	1	0	0	0	0
7070	1	0	0	0	0
7080	1	0	0	0	0
7090	1	0	0	0	0
7100	1	0	0	0	0
7150	1	0	0	0	0
7200	1	0	0	0	0
7210	1	0	0	0	0
7220	1	0	0	0	0
7230	1	0	0	0	0
7240	1	0	0	0	0
7260	1	0	0	0	0
7280	1	0	0	0	0
7300	1	0	0	0	0
7350	1	0	0	0	0
7390	1	0	0	0	0
7400	1	0	0	0	0
7450	1	0	0	0	0
7500	1	0	0	0	0
7550	1	0	0	0	0
7600	1	0	0	0	0
7610	1	0	0	0	0
7620	1	0	0	0	0
7630	1	0	0	0	0
7640	1	0	0	0	0
7650	1	0	0	0	0
7660	1	0	0	0	0
7700	1	0	0	0	0
7750	1	0	0	0	0
7800	1	0	0	0	0
7900	1	0	0	0	0
8100	1	0	0	0	0
8200	1	0	0	0	0
8300	1	0	0	0	0
8400	1	0	0	0	0
8500	1	0	0	0	0
8600	1	0	0	0	0
8900	1	0	0	0	0
9100	1	0	0	0	0
1020	1	0	0	0	0
5250	1	0	0	0	0
4850	1	0	0	0	0
2150	1	0	-650.37	0	0
1	1	0	-205	0	0
5200	1	0	389.51400000000001	0	0
1400	1	0	260.85599999999999	0	0
4100	1	0	-366.97500000000002	0	0
1100	1	0	654.62333333300001	0	0
2320	1	0	-51.47775	0	0
2300	1	0	-31.1726375	0	0
1010	0	0	0	0	0
1030	0	0	0	0	0
1040	0	0	0	0	0
1050	0	0	0	0	0
1060	0	0	0	0	0
1070	0	0	0	0	0
1080	0	0	0	0	0
1090	0	0	0	0	0
1100	0	0	0	0	0
1150	0	0	0	0	0
1200	0	0	0	0	0
1250	0	0	0	0	0
1300	0	0	0	0	0
1350	0	0	0	0	0
1400	0	0	0	0	0
1420	0	0	0	0	0
1440	0	0	0	0	0
1460	0	0	0	0	0
1500	0	0	0	0	0
1550	0	0	0	0	0
1600	0	0	0	0	0
1620	0	0	0	0	0
1650	0	0	0	0	0
1670	0	0	0	0	0
1700	0	0	0	0	0
1710	0	0	0	0	0
1720	0	0	0	0	0
1730	0	0	0	0	0
1740	0	0	0	0	0
1750	0	0	0	0	0
1760	0	0	0	0	0
1770	0	0	0	0	0
1780	0	0	0	0	0
1790	0	0	0	0	0
1800	0	0	0	0	0
1850	0	0	0	0	0
1900	0	0	0	0	0
2010	0	0	0	0	0
2020	0	0	0	0	0
2050	0	0	0	0	0
2100	0	0	0	0	0
2200	0	0	0	0	0
2230	0	0	0	0	0
2250	0	0	0	0	0
2300	0	0	0	0	0
2310	0	0	0	0	0
2320	0	0	0	0	0
2330	0	0	0	0	0
2340	0	0	0	0	0
2350	0	0	0	0	0
2360	0	0	0	0	0
2400	0	0	0	0	0
2410	0	0	0	0	0
2420	0	0	0	0	0
2450	0	0	0	0	0
2460	0	0	0	0	0
2470	0	0	0	0	0
2480	0	0	0	0	0
2500	0	0	0	0	0
2550	0	0	0	0	0
2560	0	0	0	0	0
2600	0	0	0	0	0
2700	0	0	0	0	0
2720	0	0	0	0	0
2740	0	0	0	0	0
2760	0	0	0	0	0
2800	0	0	0	0	0
2900	0	0	0	0	0
3100	0	0	0	0	0
3200	0	0	0	0	0
3300	0	0	0	0	0
3400	0	0	0	0	0
3500	0	0	0	0	0
4100	0	0	0	0	0
4500	0	0	0	0	0
4600	0	0	0	0	0
4700	0	0	0	0	0
4800	0	0	0	0	0
4900	0	0	0	0	0
5100	0	0	0	0	0
5500	0	0	0	0	0
5600	0	0	0	0	0
5700	0	0	0	0	0
5800	0	0	0	0	0
5900	0	0	0	0	0
6100	0	0	0	0	0
6150	0	0	0	0	0
6200	0	0	0	0	0
6250	0	0	0	0	0
6300	0	0	0	0	0
6400	0	0	0	0	0
6500	0	0	0	0	0
6550	0	0	0	0	0
6590	0	0	0	0	0
6600	0	0	0	0	0
6700	0	0	0	0	0
6800	0	0	0	0	0
6900	0	0	0	0	0
7020	0	0	0	0	0
7030	0	0	0	0	0
7040	0	0	0	0	0
7050	0	0	0	0	0
7060	0	0	0	0	0
7070	0	0	0	0	0
7080	0	0	0	0	0
7090	0	0	0	0	0
7100	0	0	0	0	0
7150	0	0	0	0	0
7200	0	0	0	0	0
7210	0	0	0	0	0
7220	0	0	0	0	0
7230	0	0	0	0	0
7240	0	0	0	0	0
7260	0	0	0	0	0
7280	0	0	0	0	0
7300	0	0	0	0	0
7350	0	0	0	0	0
7390	0	0	0	0	0
7400	0	0	0	0	0
7450	0	0	0	0	0
7500	0	0	0	0	0
7550	0	0	0	0	0
7600	0	0	0	0	0
7610	0	0	0	0	0
7620	0	0	0	0	0
7630	0	0	0	0	0
7640	0	0	0	0	0
7650	0	0	0	0	0
7660	0	0	0	0	0
7700	0	0	0	0	0
7750	0	0	0	0	0
7800	0	0	0	0	0
7900	0	0	0	0	0
8100	0	0	0	0	0
8200	0	0	0	0	0
8300	0	0	0	0	0
8400	0	0	0	0	0
8500	0	0	0	0	0
8600	0	0	0	0	0
8900	0	0	0	0	0
9100	0	0	0	0	0
1020	0	0	0	0	0
1	0	0	0	0	0
5200	0	0	0	0	0
2150	0	0	0	0	0
5250	0	0	0	0	0
4850	0	0	0	0	0
1010	-1	0	0	0	0
1030	-1	0	0	0	0
1040	-1	0	0	0	0
1050	-1	0	0	0	0
1060	-1	0	0	0	0
1070	-1	0	0	0	0
1080	-1	0	0	0	0
1090	-1	0	0	0	0
1100	-1	0	0	0	0
1150	-1	0	0	0	0
1200	-1	0	0	0	0
1250	-1	0	0	0	0
1300	-1	0	0	0	0
1350	-1	0	0	0	0
1400	-1	0	0	0	0
1420	-1	0	0	0	0
1440	-1	0	0	0	0
1460	-1	0	0	0	0
1500	-1	0	0	0	0
1550	-1	0	0	0	0
1600	-1	0	0	0	0
1620	-1	0	0	0	0
1650	-1	0	0	0	0
1670	-1	0	0	0	0
1700	-1	0	0	0	0
1710	-1	0	0	0	0
1720	-1	0	0	0	0
1730	-1	0	0	0	0
1740	-1	0	0	0	0
1750	-1	0	0	0	0
1760	-1	0	0	0	0
1770	-1	0	0	0	0
1780	-1	0	0	0	0
1790	-1	0	0	0	0
1800	-1	0	0	0	0
1850	-1	0	0	0	0
1900	-1	0	0	0	0
2010	-1	0	0	0	0
2020	-1	0	0	0	0
2050	-1	0	0	0	0
2100	-1	0	0	0	0
2200	-1	0	0	0	0
2230	-1	0	0	0	0
2250	-1	0	0	0	0
2300	-1	0	0	0	0
2310	-1	0	0	0	0
2320	-1	0	0	0	0
2330	-1	0	0	0	0
2340	-1	0	0	0	0
2350	-1	0	0	0	0
2360	-1	0	0	0	0
2400	-1	0	0	0	0
2410	-1	0	0	0	0
2420	-1	0	0	0	0
2450	-1	0	0	0	0
2460	-1	0	0	0	0
2470	-1	0	0	0	0
2480	-1	0	0	0	0
2500	-1	0	0	0	0
2550	-1	0	0	0	0
2560	-1	0	0	0	0
2600	-1	0	0	0	0
2700	-1	0	0	0	0
2720	-1	0	0	0	0
2740	-1	0	0	0	0
2760	-1	0	0	0	0
2800	-1	0	0	0	0
2900	-1	0	0	0	0
3100	-1	0	0	0	0
3200	-1	0	0	0	0
3300	-1	0	0	0	0
3400	-1	0	0	0	0
3500	-1	0	0	0	0
4100	-1	0	0	0	0
4500	-1	0	0	0	0
4600	-1	0	0	0	0
4700	-1	0	0	0	0
4800	-1	0	0	0	0
4900	-1	0	0	0	0
5100	-1	0	0	0	0
5500	-1	0	0	0	0
5600	-1	0	0	0	0
5700	-1	0	0	0	0
5800	-1	0	0	0	0
5900	-1	0	0	0	0
6100	-1	0	0	0	0
6150	-1	0	0	0	0
6200	-1	0	0	0	0
6250	-1	0	0	0	0
6300	-1	0	0	0	0
6400	-1	0	0	0	0
6500	-1	0	0	0	0
6550	-1	0	0	0	0
6590	-1	0	0	0	0
6600	-1	0	0	0	0
6700	-1	0	0	0	0
6800	-1	0	0	0	0
6900	-1	0	0	0	0
7020	-1	0	0	0	0
7030	-1	0	0	0	0
7040	-1	0	0	0	0
7050	-1	0	0	0	0
7060	-1	0	0	0	0
7070	-1	0	0	0	0
7080	-1	0	0	0	0
7090	-1	0	0	0	0
7100	-1	0	0	0	0
7150	-1	0	0	0	0
7200	-1	0	0	0	0
7210	-1	0	0	0	0
7220	-1	0	0	0	0
7230	-1	0	0	0	0
7240	-1	0	0	0	0
7260	-1	0	0	0	0
7280	-1	0	0	0	0
7300	-1	0	0	0	0
7350	-1	0	0	0	0
7390	-1	0	0	0	0
7400	-1	0	0	0	0
7450	-1	0	0	0	0
7500	-1	0	0	0	0
7550	-1	0	0	0	0
7600	-1	0	0	0	0
7610	-1	0	0	0	0
7620	-1	0	0	0	0
7630	-1	0	0	0	0
7640	-1	0	0	0	0
7650	-1	0	0	0	0
7660	-1	0	0	0	0
7700	-1	0	0	0	0
7750	-1	0	0	0	0
7800	-1	0	0	0	0
7900	-1	0	0	0	0
8100	-1	0	0	0	0
8200	-1	0	0	0	0
8300	-1	0	0	0	0
8400	-1	0	0	0	0
8500	-1	0	0	0	0
8600	-1	0	0	0	0
8900	-1	0	0	0	0
9100	-1	0	0	0	0
1020	-1	0	0	0	0
1	-1	0	0	0	0
5200	-1	0	0	0	0
2150	-1	0	0	0	0
5250	-1	0	0	0	0
4850	-1	0	0	0	0
1010	-2	0	0	0	0
1030	-2	0	0	0	0
1040	-2	0	0	0	0
1050	-2	0	0	0	0
1060	-2	0	0	0	0
1070	-2	0	0	0	0
1080	-2	0	0	0	0
1090	-2	0	0	0	0
1100	-2	0	0	0	0
1150	-2	0	0	0	0
1200	-2	0	0	0	0
1250	-2	0	0	0	0
1300	-2	0	0	0	0
1350	-2	0	0	0	0
1400	-2	0	0	0	0
1420	-2	0	0	0	0
1440	-2	0	0	0	0
1460	-2	0	0	0	0
1500	-2	0	0	0	0
1550	-2	0	0	0	0
1600	-2	0	0	0	0
1620	-2	0	0	0	0
1650	-2	0	0	0	0
1670	-2	0	0	0	0
1700	-2	0	0	0	0
1710	-2	0	0	0	0
1720	-2	0	0	0	0
1730	-2	0	0	0	0
1740	-2	0	0	0	0
1750	-2	0	0	0	0
1760	-2	0	0	0	0
1770	-2	0	0	0	0
1780	-2	0	0	0	0
1790	-2	0	0	0	0
1800	-2	0	0	0	0
1850	-2	0	0	0	0
1900	-2	0	0	0	0
2010	-2	0	0	0	0
2020	-2	0	0	0	0
2050	-2	0	0	0	0
2100	-2	0	0	0	0
2200	-2	0	0	0	0
2230	-2	0	0	0	0
2250	-2	0	0	0	0
2300	-2	0	0	0	0
2310	-2	0	0	0	0
2320	-2	0	0	0	0
2330	-2	0	0	0	0
2340	-2	0	0	0	0
2350	-2	0	0	0	0
2360	-2	0	0	0	0
2400	-2	0	0	0	0
2410	-2	0	0	0	0
2420	-2	0	0	0	0
2450	-2	0	0	0	0
2460	-2	0	0	0	0
2470	-2	0	0	0	0
2480	-2	0	0	0	0
2500	-2	0	0	0	0
2550	-2	0	0	0	0
2560	-2	0	0	0	0
2600	-2	0	0	0	0
2700	-2	0	0	0	0
2720	-2	0	0	0	0
2740	-2	0	0	0	0
2760	-2	0	0	0	0
2800	-2	0	0	0	0
2900	-2	0	0	0	0
3100	-2	0	0	0	0
3200	-2	0	0	0	0
3300	-2	0	0	0	0
3400	-2	0	0	0	0
3500	-2	0	0	0	0
4100	-2	0	0	0	0
4500	-2	0	0	0	0
4600	-2	0	0	0	0
4700	-2	0	0	0	0
4800	-2	0	0	0	0
4900	-2	0	0	0	0
5100	-2	0	0	0	0
5500	-2	0	0	0	0
5600	-2	0	0	0	0
5700	-2	0	0	0	0
5800	-2	0	0	0	0
5900	-2	0	0	0	0
6100	-2	0	0	0	0
6150	-2	0	0	0	0
6200	-2	0	0	0	0
6250	-2	0	0	0	0
6300	-2	0	0	0	0
6400	-2	0	0	0	0
6500	-2	0	0	0	0
6550	-2	0	0	0	0
6590	-2	0	0	0	0
6600	-2	0	0	0	0
6700	-2	0	0	0	0
6800	-2	0	0	0	0
6900	-2	0	0	0	0
7020	-2	0	0	0	0
7030	-2	0	0	0	0
7040	-2	0	0	0	0
7050	-2	0	0	0	0
7060	-2	0	0	0	0
7070	-2	0	0	0	0
7080	-2	0	0	0	0
7090	-2	0	0	0	0
7100	-2	0	0	0	0
7150	-2	0	0	0	0
7200	-2	0	0	0	0
7210	-2	0	0	0	0
7220	-2	0	0	0	0
7230	-2	0	0	0	0
7240	-2	0	0	0	0
7260	-2	0	0	0	0
7280	-2	0	0	0	0
7300	-2	0	0	0	0
7350	-2	0	0	0	0
7390	-2	0	0	0	0
7400	-2	0	0	0	0
7450	-2	0	0	0	0
7500	-2	0	0	0	0
7550	-2	0	0	0	0
7600	-2	0	0	0	0
7610	-2	0	0	0	0
7620	-2	0	0	0	0
7630	-2	0	0	0	0
7640	-2	0	0	0	0
7650	-2	0	0	0	0
7660	-2	0	0	0	0
7700	-2	0	0	0	0
7750	-2	0	0	0	0
7800	-2	0	0	0	0
7900	-2	0	0	0	0
8100	-2	0	0	0	0
8200	-2	0	0	0	0
8300	-2	0	0	0	0
8400	-2	0	0	0	0
8500	-2	0	0	0	0
8600	-2	0	0	0	0
8900	-2	0	0	0	0
9100	-2	0	0	0	0
1020	-2	0	0	0	0
1	-2	0	0	0	0
5200	-2	0	0	0	0
2150	-2	0	0	0	0
5250	-2	0	0	0	0
4850	-2	0	0	0	0
1010	-3	0	0	0	0
1030	-3	0	0	0	0
1040	-3	0	0	0	0
1050	-3	0	0	0	0
1060	-3	0	0	0	0
1070	-3	0	0	0	0
1080	-3	0	0	0	0
1090	-3	0	0	0	0
1100	-3	0	0	0	0
1150	-3	0	0	0	0
1200	-3	0	0	0	0
1250	-3	0	0	0	0
1300	-3	0	0	0	0
1350	-3	0	0	0	0
1400	-3	0	0	0	0
1420	-3	0	0	0	0
1440	-3	0	0	0	0
1460	-3	0	0	0	0
1500	-3	0	0	0	0
1550	-3	0	0	0	0
1600	-3	0	0	0	0
1620	-3	0	0	0	0
1650	-3	0	0	0	0
1670	-3	0	0	0	0
1700	-3	0	0	0	0
1710	-3	0	0	0	0
1720	-3	0	0	0	0
1730	-3	0	0	0	0
1740	-3	0	0	0	0
1750	-3	0	0	0	0
1760	-3	0	0	0	0
1770	-3	0	0	0	0
1780	-3	0	0	0	0
1790	-3	0	0	0	0
1800	-3	0	0	0	0
1850	-3	0	0	0	0
1900	-3	0	0	0	0
2010	-3	0	0	0	0
2020	-3	0	0	0	0
2050	-3	0	0	0	0
2100	-3	0	0	0	0
2200	-3	0	0	0	0
2230	-3	0	0	0	0
2250	-3	0	0	0	0
2300	-3	0	0	0	0
2310	-3	0	0	0	0
2320	-3	0	0	0	0
2330	-3	0	0	0	0
2340	-3	0	0	0	0
2350	-3	0	0	0	0
2360	-3	0	0	0	0
2400	-3	0	0	0	0
2410	-3	0	0	0	0
2420	-3	0	0	0	0
2450	-3	0	0	0	0
2460	-3	0	0	0	0
2470	-3	0	0	0	0
2480	-3	0	0	0	0
2500	-3	0	0	0	0
2550	-3	0	0	0	0
2560	-3	0	0	0	0
2600	-3	0	0	0	0
2700	-3	0	0	0	0
2720	-3	0	0	0	0
2740	-3	0	0	0	0
2760	-3	0	0	0	0
2800	-3	0	0	0	0
2900	-3	0	0	0	0
3100	-3	0	0	0	0
3200	-3	0	0	0	0
3300	-3	0	0	0	0
3400	-3	0	0	0	0
3500	-3	0	0	0	0
4100	-3	0	0	0	0
4500	-3	0	0	0	0
4600	-3	0	0	0	0
4700	-3	0	0	0	0
4800	-3	0	0	0	0
4900	-3	0	0	0	0
5100	-3	0	0	0	0
5500	-3	0	0	0	0
5600	-3	0	0	0	0
5700	-3	0	0	0	0
5800	-3	0	0	0	0
5900	-3	0	0	0	0
6100	-3	0	0	0	0
6150	-3	0	0	0	0
6200	-3	0	0	0	0
6250	-3	0	0	0	0
6300	-3	0	0	0	0
6400	-3	0	0	0	0
6500	-3	0	0	0	0
6550	-3	0	0	0	0
6590	-3	0	0	0	0
6600	-3	0	0	0	0
6700	-3	0	0	0	0
6800	-3	0	0	0	0
6900	-3	0	0	0	0
7020	-3	0	0	0	0
7030	-3	0	0	0	0
7040	-3	0	0	0	0
7050	-3	0	0	0	0
7060	-3	0	0	0	0
7070	-3	0	0	0	0
7080	-3	0	0	0	0
7090	-3	0	0	0	0
7100	-3	0	0	0	0
7150	-3	0	0	0	0
7200	-3	0	0	0	0
7210	-3	0	0	0	0
7220	-3	0	0	0	0
7230	-3	0	0	0	0
7240	-3	0	0	0	0
7260	-3	0	0	0	0
7280	-3	0	0	0	0
7300	-3	0	0	0	0
7350	-3	0	0	0	0
7390	-3	0	0	0	0
7400	-3	0	0	0	0
7450	-3	0	0	0	0
7500	-3	0	0	0	0
7550	-3	0	0	0	0
7600	-3	0	0	0	0
7610	-3	0	0	0	0
7620	-3	0	0	0	0
7630	-3	0	0	0	0
7640	-3	0	0	0	0
7650	-3	0	0	0	0
7660	-3	0	0	0	0
7700	-3	0	0	0	0
7750	-3	0	0	0	0
7800	-3	0	0	0	0
7900	-3	0	0	0	0
8100	-3	0	0	0	0
8200	-3	0	0	0	0
8300	-3	0	0	0	0
8400	-3	0	0	0	0
8500	-3	0	0	0	0
8600	-3	0	0	0	0
8900	-3	0	0	0	0
9100	-3	0	0	0	0
1020	-3	0	0	0	0
1	-3	0	0	0	0
5200	-3	0	0	0	0
2150	-3	0	0	0	0
5250	-3	0	0	0	0
4850	-3	0	0	0	0
1010	-4	0	0	0	0
1030	-4	0	0	0	0
1040	-4	0	0	0	0
1050	-4	0	0	0	0
1060	-4	0	0	0	0
1070	-4	0	0	0	0
1080	-4	0	0	0	0
1090	-4	0	0	0	0
1100	-4	0	0	0	0
1150	-4	0	0	0	0
1200	-4	0	0	0	0
1250	-4	0	0	0	0
1300	-4	0	0	0	0
1350	-4	0	0	0	0
1400	-4	0	0	0	0
1420	-4	0	0	0	0
1440	-4	0	0	0	0
1460	-4	0	0	0	0
1500	-4	0	0	0	0
1550	-4	0	0	0	0
1600	-4	0	0	0	0
1620	-4	0	0	0	0
1650	-4	0	0	0	0
1670	-4	0	0	0	0
1700	-4	0	0	0	0
1710	-4	0	0	0	0
1720	-4	0	0	0	0
1730	-4	0	0	0	0
1740	-4	0	0	0	0
1750	-4	0	0	0	0
1760	-4	0	0	0	0
1770	-4	0	0	0	0
1780	-4	0	0	0	0
1790	-4	0	0	0	0
1800	-4	0	0	0	0
1850	-4	0	0	0	0
1900	-4	0	0	0	0
2010	-4	0	0	0	0
2020	-4	0	0	0	0
2050	-4	0	0	0	0
2100	-4	0	0	0	0
2200	-4	0	0	0	0
2230	-4	0	0	0	0
2250	-4	0	0	0	0
2300	-4	0	0	0	0
2310	-4	0	0	0	0
2320	-4	0	0	0	0
2330	-4	0	0	0	0
2340	-4	0	0	0	0
2350	-4	0	0	0	0
2360	-4	0	0	0	0
2400	-4	0	0	0	0
2410	-4	0	0	0	0
2420	-4	0	0	0	0
2450	-4	0	0	0	0
2460	-4	0	0	0	0
2470	-4	0	0	0	0
2480	-4	0	0	0	0
2500	-4	0	0	0	0
2550	-4	0	0	0	0
2560	-4	0	0	0	0
2600	-4	0	0	0	0
2700	-4	0	0	0	0
2720	-4	0	0	0	0
2740	-4	0	0	0	0
2760	-4	0	0	0	0
2800	-4	0	0	0	0
2900	-4	0	0	0	0
3100	-4	0	0	0	0
3200	-4	0	0	0	0
3300	-4	0	0	0	0
3400	-4	0	0	0	0
3500	-4	0	0	0	0
4100	-4	0	0	0	0
4500	-4	0	0	0	0
4600	-4	0	0	0	0
4700	-4	0	0	0	0
4800	-4	0	0	0	0
4900	-4	0	0	0	0
5100	-4	0	0	0	0
5500	-4	0	0	0	0
5600	-4	0	0	0	0
5700	-4	0	0	0	0
5800	-4	0	0	0	0
5900	-4	0	0	0	0
6100	-4	0	0	0	0
6150	-4	0	0	0	0
6200	-4	0	0	0	0
6250	-4	0	0	0	0
6300	-4	0	0	0	0
6400	-4	0	0	0	0
6500	-4	0	0	0	0
6550	-4	0	0	0	0
6590	-4	0	0	0	0
6600	-4	0	0	0	0
6700	-4	0	0	0	0
6800	-4	0	0	0	0
6900	-4	0	0	0	0
7020	-4	0	0	0	0
7030	-4	0	0	0	0
7040	-4	0	0	0	0
7050	-4	0	0	0	0
7060	-4	0	0	0	0
7070	-4	0	0	0	0
7080	-4	0	0	0	0
7090	-4	0	0	0	0
7100	-4	0	0	0	0
7150	-4	0	0	0	0
7200	-4	0	0	0	0
7210	-4	0	0	0	0
7220	-4	0	0	0	0
7230	-4	0	0	0	0
7240	-4	0	0	0	0
7260	-4	0	0	0	0
7280	-4	0	0	0	0
7300	-4	0	0	0	0
7350	-4	0	0	0	0
7390	-4	0	0	0	0
7400	-4	0	0	0	0
7450	-4	0	0	0	0
7500	-4	0	0	0	0
7550	-4	0	0	0	0
7600	-4	0	0	0	0
7610	-4	0	0	0	0
7620	-4	0	0	0	0
7630	-4	0	0	0	0
7640	-4	0	0	0	0
7650	-4	0	0	0	0
7660	-4	0	0	0	0
7700	-4	0	0	0	0
7750	-4	0	0	0	0
7800	-4	0	0	0	0
7900	-4	0	0	0	0
8100	-4	0	0	0	0
8200	-4	0	0	0	0
8300	-4	0	0	0	0
8400	-4	0	0	0	0
8500	-4	0	0	0	0
8600	-4	0	0	0	0
8900	-4	0	0	0	0
9100	-4	0	0	0	0
1020	-4	0	0	0	0
1	-4	0	0	0	0
5200	-4	0	0	0	0
2150	-4	0	0	0	0
5250	-4	0	0	0	0
4850	-4	0	0	0	0
1010	-5	0	0	0	0
1030	-5	0	0	0	0
1040	-5	0	0	0	0
1050	-5	0	0	0	0
1060	-5	0	0	0	0
1070	-5	0	0	0	0
1080	-5	0	0	0	0
1090	-5	0	0	0	0
1100	-5	0	0	0	0
1150	-5	0	0	0	0
1200	-5	0	0	0	0
1250	-5	0	0	0	0
1300	-5	0	0	0	0
1350	-5	0	0	0	0
1400	-5	0	0	0	0
1420	-5	0	0	0	0
1440	-5	0	0	0	0
1460	-5	0	0	0	0
1500	-5	0	0	0	0
1550	-5	0	0	0	0
1600	-5	0	0	0	0
1620	-5	0	0	0	0
1650	-5	0	0	0	0
1670	-5	0	0	0	0
1700	-5	0	0	0	0
1710	-5	0	0	0	0
1720	-5	0	0	0	0
1730	-5	0	0	0	0
1740	-5	0	0	0	0
1750	-5	0	0	0	0
1760	-5	0	0	0	0
1770	-5	0	0	0	0
1780	-5	0	0	0	0
1790	-5	0	0	0	0
1800	-5	0	0	0	0
1850	-5	0	0	0	0
1900	-5	0	0	0	0
2010	-5	0	0	0	0
2020	-5	0	0	0	0
2050	-5	0	0	0	0
2100	-5	0	0	0	0
2200	-5	0	0	0	0
2230	-5	0	0	0	0
2250	-5	0	0	0	0
2300	-5	0	0	0	0
2310	-5	0	0	0	0
2320	-5	0	0	0	0
2330	-5	0	0	0	0
2340	-5	0	0	0	0
2350	-5	0	0	0	0
2360	-5	0	0	0	0
2400	-5	0	0	0	0
2410	-5	0	0	0	0
2420	-5	0	0	0	0
2450	-5	0	0	0	0
2460	-5	0	0	0	0
2470	-5	0	0	0	0
2480	-5	0	0	0	0
2500	-5	0	0	0	0
2550	-5	0	0	0	0
2560	-5	0	0	0	0
2600	-5	0	0	0	0
2700	-5	0	0	0	0
2720	-5	0	0	0	0
2740	-5	0	0	0	0
2760	-5	0	0	0	0
2800	-5	0	0	0	0
2900	-5	0	0	0	0
3100	-5	0	0	0	0
3200	-5	0	0	0	0
3300	-5	0	0	0	0
3400	-5	0	0	0	0
3500	-5	0	0	0	0
4100	-5	0	0	0	0
4500	-5	0	0	0	0
4600	-5	0	0	0	0
4700	-5	0	0	0	0
4800	-5	0	0	0	0
4900	-5	0	0	0	0
5100	-5	0	0	0	0
5500	-5	0	0	0	0
5600	-5	0	0	0	0
5700	-5	0	0	0	0
5800	-5	0	0	0	0
5900	-5	0	0	0	0
6100	-5	0	0	0	0
6150	-5	0	0	0	0
6200	-5	0	0	0	0
6250	-5	0	0	0	0
6300	-5	0	0	0	0
6400	-5	0	0	0	0
6500	-5	0	0	0	0
6550	-5	0	0	0	0
6590	-5	0	0	0	0
6600	-5	0	0	0	0
6700	-5	0	0	0	0
6800	-5	0	0	0	0
6900	-5	0	0	0	0
7020	-5	0	0	0	0
7030	-5	0	0	0	0
7040	-5	0	0	0	0
7050	-5	0	0	0	0
7060	-5	0	0	0	0
7070	-5	0	0	0	0
7080	-5	0	0	0	0
7090	-5	0	0	0	0
7100	-5	0	0	0	0
7150	-5	0	0	0	0
7200	-5	0	0	0	0
7210	-5	0	0	0	0
7220	-5	0	0	0	0
7230	-5	0	0	0	0
7240	-5	0	0	0	0
7260	-5	0	0	0	0
7280	-5	0	0	0	0
7300	-5	0	0	0	0
7350	-5	0	0	0	0
7390	-5	0	0	0	0
7400	-5	0	0	0	0
7450	-5	0	0	0	0
7500	-5	0	0	0	0
7550	-5	0	0	0	0
7600	-5	0	0	0	0
7610	-5	0	0	0	0
7620	-5	0	0	0	0
7630	-5	0	0	0	0
7640	-5	0	0	0	0
7650	-5	0	0	0	0
7660	-5	0	0	0	0
7700	-5	0	0	0	0
7750	-5	0	0	0	0
7800	-5	0	0	0	0
7900	-5	0	0	0	0
8100	-5	0	0	0	0
8200	-5	0	0	0	0
8300	-5	0	0	0	0
8400	-5	0	0	0	0
8500	-5	0	0	0	0
8600	-5	0	0	0	0
8900	-5	0	0	0	0
9100	-5	0	0	0	0
1020	-5	0	0	0	0
1	-5	0	0	0	0
5200	-5	0	0	0	0
2150	-5	0	0	0	0
5250	-5	0	0	0	0
4850	-5	0	0	0	0
1010	-6	0	0	0	0
1030	-6	0	0	0	0
1040	-6	0	0	0	0
1050	-6	0	0	0	0
1060	-6	0	0	0	0
1070	-6	0	0	0	0
1080	-6	0	0	0	0
1090	-6	0	0	0	0
1100	-6	0	0	0	0
1150	-6	0	0	0	0
1200	-6	0	0	0	0
1250	-6	0	0	0	0
1300	-6	0	0	0	0
1350	-6	0	0	0	0
1400	-6	0	0	0	0
1420	-6	0	0	0	0
1440	-6	0	0	0	0
1460	-6	0	0	0	0
1500	-6	0	0	0	0
1550	-6	0	0	0	0
1600	-6	0	0	0	0
1620	-6	0	0	0	0
1650	-6	0	0	0	0
1670	-6	0	0	0	0
1700	-6	0	0	0	0
1710	-6	0	0	0	0
1720	-6	0	0	0	0
1730	-6	0	0	0	0
1740	-6	0	0	0	0
1750	-6	0	0	0	0
1760	-6	0	0	0	0
1770	-6	0	0	0	0
1780	-6	0	0	0	0
1790	-6	0	0	0	0
1800	-6	0	0	0	0
1850	-6	0	0	0	0
1900	-6	0	0	0	0
2010	-6	0	0	0	0
2020	-6	0	0	0	0
2050	-6	0	0	0	0
2100	-6	0	0	0	0
2200	-6	0	0	0	0
2230	-6	0	0	0	0
2250	-6	0	0	0	0
2300	-6	0	0	0	0
2310	-6	0	0	0	0
2320	-6	0	0	0	0
2330	-6	0	0	0	0
2340	-6	0	0	0	0
2350	-6	0	0	0	0
2360	-6	0	0	0	0
2400	-6	0	0	0	0
2410	-6	0	0	0	0
2420	-6	0	0	0	0
2450	-6	0	0	0	0
2460	-6	0	0	0	0
2470	-6	0	0	0	0
2480	-6	0	0	0	0
2500	-6	0	0	0	0
2550	-6	0	0	0	0
2560	-6	0	0	0	0
2600	-6	0	0	0	0
2700	-6	0	0	0	0
2720	-6	0	0	0	0
2740	-6	0	0	0	0
2760	-6	0	0	0	0
2800	-6	0	0	0	0
2900	-6	0	0	0	0
3100	-6	0	0	0	0
3200	-6	0	0	0	0
3300	-6	0	0	0	0
3400	-6	0	0	0	0
3500	-6	0	0	0	0
4100	-6	0	0	0	0
4500	-6	0	0	0	0
4600	-6	0	0	0	0
4700	-6	0	0	0	0
4800	-6	0	0	0	0
4900	-6	0	0	0	0
5100	-6	0	0	0	0
5500	-6	0	0	0	0
5600	-6	0	0	0	0
5700	-6	0	0	0	0
5800	-6	0	0	0	0
5900	-6	0	0	0	0
6100	-6	0	0	0	0
6150	-6	0	0	0	0
6200	-6	0	0	0	0
6250	-6	0	0	0	0
6300	-6	0	0	0	0
6400	-6	0	0	0	0
6500	-6	0	0	0	0
6550	-6	0	0	0	0
6590	-6	0	0	0	0
6600	-6	0	0	0	0
6700	-6	0	0	0	0
6800	-6	0	0	0	0
6900	-6	0	0	0	0
7020	-6	0	0	0	0
7030	-6	0	0	0	0
7040	-6	0	0	0	0
7050	-6	0	0	0	0
7060	-6	0	0	0	0
7070	-6	0	0	0	0
7080	-6	0	0	0	0
7090	-6	0	0	0	0
7100	-6	0	0	0	0
7150	-6	0	0	0	0
7200	-6	0	0	0	0
7210	-6	0	0	0	0
7220	-6	0	0	0	0
7230	-6	0	0	0	0
7240	-6	0	0	0	0
7260	-6	0	0	0	0
7280	-6	0	0	0	0
7300	-6	0	0	0	0
7350	-6	0	0	0	0
7390	-6	0	0	0	0
7400	-6	0	0	0	0
7450	-6	0	0	0	0
7500	-6	0	0	0	0
7550	-6	0	0	0	0
7600	-6	0	0	0	0
7610	-6	0	0	0	0
7620	-6	0	0	0	0
7630	-6	0	0	0	0
7640	-6	0	0	0	0
7650	-6	0	0	0	0
7660	-6	0	0	0	0
7700	-6	0	0	0	0
7750	-6	0	0	0	0
7800	-6	0	0	0	0
7900	-6	0	0	0	0
8100	-6	0	0	0	0
8200	-6	0	0	0	0
8300	-6	0	0	0	0
8400	-6	0	0	0	0
8500	-6	0	0	0	0
8600	-6	0	0	0	0
8900	-6	0	0	0	0
9100	-6	0	0	0	0
1020	-6	0	0	0	0
1	-6	0	0	0	0
5200	-6	0	0	0	0
2150	-6	0	0	0	0
5250	-6	0	0	0	0
4850	-6	0	0	0	0
1010	-7	0	0	0	0
1030	-7	0	0	0	0
1040	-7	0	0	0	0
1050	-7	0	0	0	0
1060	-7	0	0	0	0
1070	-7	0	0	0	0
1080	-7	0	0	0	0
1090	-7	0	0	0	0
1100	-7	0	0	0	0
1150	-7	0	0	0	0
1200	-7	0	0	0	0
1250	-7	0	0	0	0
1300	-7	0	0	0	0
1350	-7	0	0	0	0
1400	-7	0	0	0	0
1420	-7	0	0	0	0
1440	-7	0	0	0	0
1460	-7	0	0	0	0
1500	-7	0	0	0	0
1550	-7	0	0	0	0
1600	-7	0	0	0	0
1620	-7	0	0	0	0
1650	-7	0	0	0	0
1670	-7	0	0	0	0
1700	-7	0	0	0	0
1710	-7	0	0	0	0
1720	-7	0	0	0	0
1730	-7	0	0	0	0
1740	-7	0	0	0	0
1750	-7	0	0	0	0
1760	-7	0	0	0	0
1770	-7	0	0	0	0
1780	-7	0	0	0	0
1790	-7	0	0	0	0
1800	-7	0	0	0	0
1850	-7	0	0	0	0
1900	-7	0	0	0	0
2010	-7	0	0	0	0
2020	-7	0	0	0	0
2050	-7	0	0	0	0
2100	-7	0	0	0	0
2200	-7	0	0	0	0
2230	-7	0	0	0	0
2250	-7	0	0	0	0
2300	-7	0	0	0	0
2310	-7	0	0	0	0
2320	-7	0	0	0	0
2330	-7	0	0	0	0
2340	-7	0	0	0	0
2350	-7	0	0	0	0
2360	-7	0	0	0	0
2400	-7	0	0	0	0
2410	-7	0	0	0	0
2420	-7	0	0	0	0
2450	-7	0	0	0	0
2460	-7	0	0	0	0
2470	-7	0	0	0	0
2480	-7	0	0	0	0
2500	-7	0	0	0	0
2550	-7	0	0	0	0
2560	-7	0	0	0	0
2600	-7	0	0	0	0
2700	-7	0	0	0	0
2720	-7	0	0	0	0
2740	-7	0	0	0	0
2760	-7	0	0	0	0
2800	-7	0	0	0	0
2900	-7	0	0	0	0
3100	-7	0	0	0	0
3200	-7	0	0	0	0
3300	-7	0	0	0	0
3400	-7	0	0	0	0
3500	-7	0	0	0	0
4100	-7	0	0	0	0
4500	-7	0	0	0	0
4600	-7	0	0	0	0
4700	-7	0	0	0	0
4800	-7	0	0	0	0
4900	-7	0	0	0	0
5100	-7	0	0	0	0
5500	-7	0	0	0	0
5600	-7	0	0	0	0
5700	-7	0	0	0	0
5800	-7	0	0	0	0
5900	-7	0	0	0	0
6100	-7	0	0	0	0
6150	-7	0	0	0	0
6200	-7	0	0	0	0
6250	-7	0	0	0	0
6300	-7	0	0	0	0
6400	-7	0	0	0	0
6500	-7	0	0	0	0
6550	-7	0	0	0	0
6590	-7	0	0	0	0
6600	-7	0	0	0	0
6700	-7	0	0	0	0
6800	-7	0	0	0	0
6900	-7	0	0	0	0
7020	-7	0	0	0	0
7030	-7	0	0	0	0
7040	-7	0	0	0	0
7050	-7	0	0	0	0
7060	-7	0	0	0	0
7070	-7	0	0	0	0
7080	-7	0	0	0	0
7090	-7	0	0	0	0
7100	-7	0	0	0	0
7150	-7	0	0	0	0
7200	-7	0	0	0	0
7210	-7	0	0	0	0
7220	-7	0	0	0	0
7230	-7	0	0	0	0
7240	-7	0	0	0	0
7260	-7	0	0	0	0
7280	-7	0	0	0	0
7300	-7	0	0	0	0
7350	-7	0	0	0	0
7390	-7	0	0	0	0
7400	-7	0	0	0	0
7450	-7	0	0	0	0
7500	-7	0	0	0	0
7550	-7	0	0	0	0
7600	-7	0	0	0	0
7610	-7	0	0	0	0
7620	-7	0	0	0	0
7630	-7	0	0	0	0
7640	-7	0	0	0	0
7650	-7	0	0	0	0
7660	-7	0	0	0	0
7700	-7	0	0	0	0
7750	-7	0	0	0	0
7800	-7	0	0	0	0
7900	-7	0	0	0	0
8100	-7	0	0	0	0
8200	-7	0	0	0	0
8300	-7	0	0	0	0
8400	-7	0	0	0	0
8500	-7	0	0	0	0
8600	-7	0	0	0	0
8900	-7	0	0	0	0
9100	-7	0	0	0	0
1020	-7	0	0	0	0
1	-7	0	0	0	0
5200	-7	0	0	0	0
2150	-7	0	0	0	0
5250	-7	0	0	0	0
4850	-7	0	0	0	0
\.


--
-- Data for TOC entry 554 (OID 36477)
-- Name: contractbom; Type: TABLE DATA; Schema: public; Owner: weberp_db_user
--

COPY contractbom (contractref, component, workcentreadded, loccode, quantity) FROM stdin;
\.


--
-- Data for TOC entry 555 (OID 36487)
-- Name: debtorsmaster; Type: TABLE DATA; Schema: public; Owner: weberp_db_user
--

COPY debtorsmaster (debtorno, name, address1, address2, address3, address4, currcode, salestype, clientsince, holdreason, paymentterms, discount, pymtdiscount, lastpaid, lastpaiddate, creditlimit, invaddrbranch, discountcode, ediinvoices, ediorders, edireference, editransport, ediaddress, ediserveruser, ediserverpwd, taxref, address5, address6) FROM stdin;
TEST	test	dssd	sd sd 	 dsad asd asd 	asd asd 	ZAR	WS	2004-12-31 00:00:00	20	7	0.0000	0.0000	3.5000	2005-01-03 00:00:00	1000	0		0	0		email				\N		
CUST01	Customer One	Na	Na	Na	Na	ZAR	WS	2004-12-03 00:00:00	20	7	0.0000	0.0000	60.0000	2004-12-05 00:00:00	1000	0		0	0		email				12345678901234567890		
FREDBLOGG	Fred Bloggs and partners	23 Bald Hill Terraces	Guinnesston 	Ireland		EUR	WS	2005-01-15 00:00:00	20	30	0.0000	0.0000	0.0000	\N	10000	0		0	0		email				dsf-212321		
100001	Eric Van Halen	453A Globus Contrabandus St	Aardvarkston			ZAR	WS	2005-03-12 00:00:00	1	7	0.0000	0.0000	0.0000	\N	1000	0		0	0		email						
\.


--
-- Data for TOC entry 556 (OID 36516)
-- Name: custbranch; Type: TABLE DATA; Schema: public; Owner: weberp_db_user
--

COPY custbranch (branchcode, debtorno, brname, braddress1, braddress2, braddress3, braddress4, estdeliverydays, area, salesman, fwddate, phoneno, faxno, contactname, email, defaultlocation, taxgroupid, defaultshipvia, disabletrans, brpostaddr1, brpostaddr2, brpostaddr3, brpostaddr4, custbranchcode, deliverblind, braddress5, braddress6, brpostaddr5, brpostaddr6) FROM stdin;
ERCC	FREDBLOGG	Ersteem Raichle unt Cloggs	333 444				1	EU	GEN	0			123		CPT	1	2	0						2				
CUST01	CUST01	Customer	Na	Na	Na	Na	5	ZA	GEN	0	NA	NA	Testy	NA	CPT	1	1	0	NA	Na	Na	Na	NA	\N				
100001	100001	Eric Van Halen	453A Globus Contrabandus St	Aardvarkston			1	ZA	GEN	0					CPT	1	2	0						\N				
FREDBLOGG	FREDBLOGG	Fred Bloggs and partners	23 Bald Hill Terraces	Guinnesston 	Ireland		12	EU	REF	0			Walter Bloggs		CPT	1	1	0						1				
\.


--
-- Data for TOC entry 557 (OID 36545)
-- Name: contracts; Type: TABLE DATA; Schema: public; Owner: weberp_db_user
--

COPY contracts (contractref, contractdescription, debtorno, branchcode, status, categoryid, typeabbrev, orderno, quotedpricefx, margin, woref, requireddate, canceldate, quantityreqd, specifications, datequoted, units, drawing, rate) FROM stdin;
\.


--
-- Data for TOC entry 558 (OID 36566)
-- Name: contractreqts; Type: TABLE DATA; Schema: public; Owner: weberp_db_user
--

COPY contractreqts (contractreqid, contract, component, quantity, priceperunit) FROM stdin;
\.


--
-- Data for TOC entry 559 (OID 36578)
-- Name: salesorders; Type: TABLE DATA; Schema: public; Owner: weberp_db_user
--

COPY salesorders (orderno, debtorno, branchcode, customerref, buyername, comments, orddate, ordertype, shipvia, deladd1, deladd2, deladd3, deladd4, contactphone, contactemail, deliverto, freightcost, fromstkloc, deliverydate, printedpackingslip, datepackingslipprinted, quotation, deliverblind, deladd5, deladd6) FROM stdin;
1	CUST01	CUST01	REF01	\N		2004-12-03	WS	2	N/a	N/a	N/a	N/a	N/A		Customer	50.00	CPT	2004-12-04	0	\N	\N	\N	\N	\N
2	CUST01	CUST01	REF01	\N	 Inv 4	2004-12-03	WS	2	N/a	N/a	N/a	N/a	N/A		Customer	50.00	CPT	2004-12-04	1	2004-04-12	\N	\N	\N	\N
4	CUST01	CUST01	REFC01	\N	\N	2004-12-04	WS	1	Na	Na	Na	Na	NA	NA	Customer	0.00	CPT	2004-12-05	0	\N	\N	\N	\N	\N
5	CUST01	CUST01		\N	 Inv 10	2005-01-13	WS	1	Na	Na	Na	Na	NA		Customer	0.00	CPT	2005-01-14	1	2005-01-13	\N	\N	\N	\N
7	CUST01	CUST01		\N	 Inv 11	2005-01-14	WS	1	Na	Na	Na	Na	NA	NA	Customer	0.00	CPT	2005-01-15	1	2005-01-14	0	\N	\N	\N
58	FREDBLOGG	ERCC		\N		2005-11-13	WS	2	333 444						Ersteem Raichle unt Cloggs	0.00	CPT	2005-11-14	0	\N	0	2		
54	FREDBLOGG	FREDBLOGG		\N		2005-07-30	WS	1	23 Bald Hill Terraces	Guinnesston 	Ireland				Fred Bloggs and partners	0.00	CPT	2005-08-01	0	\N	0	1	\N	\N
9	FREDBLOGG	FREDBLOGG		\N	 Inv 15	2005-03-19	WS	1	23 Bald Hill Terraces	Guinnesston 	Ireland				Fred Bloggs and partners	0.00	CPT	2005-03-21	0	\N	0	\N	\N	\N
10	FREDBLOGG	FREDBLOGG		\N		2005-03-19	WS	1	23 Bald Hill Terraces	Guinnesston 	Ireland				Fred Bloggs and partners	0.00	CPT	2005-03-21	0	\N	0	\N	\N	\N
52	FREDBLOGG	FREDBLOGG		\N		2005-03-31	WS	1	23 Bald Hill Terraces	Guinnesston 	Ireland				Fred Bloggs and partners	0.00	CPT	2005-04-01	0	\N	0	2	\N	\N
59	FREDBLOGG	FREDBLOGG		\N	 Inv 8	2005-11-15	WS	1	23 Bald Hill Terraces	Guinnesston 	Ireland				Fred Bloggs and partners	0.00	CPT	2005-10-10	0	\N	0	1		
55	CUST01	CUST01		\N	 Inv 2	2005-08-18	WS	1	Na	Na	Na	Na	NA	NA	Customer	0.00	CPT	2005-08-19	1	2005-08-18	0	1	\N	\N
15	CUST01	CUST01		\N		2005-06-03	WS	1					NA	NA	Customer	0.00	CPT	2005-06-03	0	\N	0	\N	\N	\N
16	CUST01	CUST01		\N		2005-06-03	WS	1					NA	NA	Customer	0.00	CPT	2005-06-03	0	\N	0	\N	\N	\N
17	CUST01	CUST01		\N		2005-06-03	WS	1					NA	NA	Customer	0.00	CPT	2005-06-03	0	\N	0	\N	\N	\N
18	CUST01	CUST01		\N		2005-06-03	WS	1					NA	NA	Customer	0.00	CPT	2005-06-03	0	\N	0	\N	\N	\N
19	CUST01	CUST01		\N		2005-06-03	WS	1					NA	NA	Customer	0.00	CPT	2005-06-03	0	\N	0	\N	\N	\N
20	CUST01	CUST01		\N		2005-03-08	WS	1					NA	NA	Customer	0.00	CPT	2005-03-08	0	\N	0	\N	\N	\N
21	CUST01	CUST01		\N		2005-03-15	WS	1					NA	NA	Customer	0.00	CPT	2005-03-15	0	\N	0	\N	\N	\N
22	100001	100001	RGD-25441	\N	Standing order for ongoing work	2005-02-08	WS	2							Eric Van Halen	0.00	CPT	2005-02-08	0	\N	0	\N	\N	\N
23	CUST01	CUST01		\N		2005-03-22	WS	1					NA	NA	Customer	0.00	CPT	2005-03-22	0	\N	0	\N	\N	\N
24	100001	100001	RGD-25441	\N	Standing order for ongoing work	2005-02-15	WS	2							Eric Van Halen	0.00	CPT	2005-02-15	0	\N	0	\N	\N	\N
25	100001	100001	RGD-25441	\N	Standing order for ongoing work	2005-02-22	WS	2							Eric Van Halen	0.00	CPT	2005-02-22	0	\N	0	\N	\N	\N
26	100001	100001	RGD-25441	\N	Standing order for ongoing work	2005-03-01	WS	2							Eric Van Halen	0.00	CPT	2005-03-01	0	\N	0	\N	\N	\N
27	100001	100001	RGD-25441	\N	Standing order for ongoing work	2005-03-08	WS	2							Eric Van Halen	0.00	CPT	2005-03-08	0	\N	0	\N	\N	\N
28	100001	100001	RGD-25441	\N	Standing order for ongoing work	2005-03-15	WS	2							Eric Van Halen	0.00	CPT	2005-03-15	0	\N	0	\N	\N	\N
29	100001	100001	RGD-25441	\N	Standing order for ongoing work	2005-03-22	WS	2							Eric Van Halen	0.00	CPT	2005-03-22	0	\N	0	\N	\N	\N
30	100001	100001	RGD-25441	\N	Standing order for ongoing work	2005-01-08	WS	2							Eric Van Halen	0.00	CPT	2005-01-08	0	\N	0	\N	\N	\N
57	100001	100001		\N		2005-08-18	WS	2	453A Globus Contrabandus St	Aardvarkston					Eric Van Halen	0.00	CPT	2005-08-19	0	\N	0	1	\N	\N
56	100001	100001		\N	 Inv 3	2005-08-18	WS	2	453A Globus Contrabandus St	Aardvarkston					Eric Van Halen	0.00	CPT	2005-08-19	0	\N	0	1	\N	\N
11	FREDBLOGG	FREDBLOGG		\N	 Inv 1	2005-03-19	WS	1	23 Bald Hill Terraces	Guinnesston 	Ireland				Fred Bloggs and partners	0.00	CPT	2005-03-21	0	\N	0	\N	\N	\N
6	CUST01	CUST01		\N	 Inv 12 Inv 6	2005-01-13	WS	1	Na	Na	Na	Na	NA	NA	Customer	0.00	CPT	2005-01-14	0	\N	0	\N	\N	\N
8	FREDBLOGG	FREDBLOGG		\N	 Inv 14 Inv 7	2005-03-18	WS	1	23 Bald Hill Terraces	Guinnesston 	Ireland				Fred Bloggs and partners	0.00	CPT	2005-03-19	0	\N	0	\N	\N	\N
\.


--
-- Data for TOC entry 560 (OID 36597)
-- Name: orderdeliverydifferenceslog; Type: TABLE DATA; Schema: public; Owner: weberp_db_user
--

COPY orderdeliverydifferenceslog (orderno, invoiceno, stockid, quantitydiff, debtorno, branch, can_or_bo) FROM stdin;
8	7	BOLT13MMX10	24.0000	FREDBLOGG	FREDBLOGG	BO
\.


--
-- Data for TOC entry 561 (OID 36609)
-- Name: salesorderdetails; Type: TABLE DATA; Schema: public; Owner: weberp_db_user
--

COPY salesorderdetails (orderno, stkcode, qtyinvoiced, unitprice, quantity, estimate, discountpercent, actualdispatchdate, completed, narrative, orderlineno) FROM stdin;
2	DEVDB	0.0000	40.0000	15.0000	0	0.0000	2004-12-07 00:00:00	0		0
55	ASSEM1	0.0000	2.5000	10.0000	0	0.0500	2005-08-19 00:00:00	0		0
57	BOLT13MMX10	0.0000	3.5000	20.0000	0	0.0000	\N	0		0
56	BOLT13MMX10	0.0000	2.9500	100.0000	0	0.0250	2005-08-19 00:00:00	0		0
56	ASSEM1	0.0000	2.9500	100.0000	0	0.0250	2005-08-19 00:00:00	0		1
5	PHIS01	0.0000	60.0000	12.0000	0	0.0350	2005-01-14 00:00:00	0		0
58	PHIS01	0.0000	52.0000	1.0000	0	0.0000	\N	0		0
58	ASSEM1	0.0000	421.9900	3.0000	0	0.0000	\N	0		1
7	DEVDB	0.0000	40.0000	24.2000	0	0.0000	2005-02-07 00:00:00	0		0
9	PHIS01	0.0000	89.8700	35.0000	0	0.0000	2005-03-21 00:00:00	0		0
9	PHIS02	0.0000	166.7500	133.0000	0	0.0000	2005-03-21 00:00:00	0		1
10	PHIS01	0.0000	0.0000	2.0000	0	0.0000	\N	0		0
11	PHIS02	0.0000	355.0000	6.0000	0	0.0000	2005-03-26 00:00:00	0		0
52	DEVDB	0.0000	0.0000	4.0000	0	0.0000	\N	0		0
59	PHIS01	1.0000	12.0000	1.0000	0	0.0000	2005-01-01 00:00:00	1		0
54	PHIS02	0.0000	16.0000	5.0000	0	0.0000	\N	0		0
54	PHIS01	0.0000	9.6500	2.0000	0	0.0000	\N	0		1
6	DEVDB	6.5000	40.0000	6.5000	0	0.2500	2005-08-31 00:00:00	1		0
6	PHIS02	6.0000	70.0000	6.0000	0	0.0000	2005-08-31 00:00:00	1		1
8	BOLT13MMX10	126.0000	2.3300	150.0000	0	0.0000	2005-08-31 00:00:00	0		0
\.


--
-- Data for TOC entry 562 (OID 36624)
-- Name: debtortrans; Type: TABLE DATA; Schema: public; Owner: weberp_db_user
--

COPY debtortrans (id, transno, "type", debtorno, branchcode, trandate, prd, settled, reference, tpe, order_, rate, ovamount, ovgst, ovfreight, ovdiscount, diffonexch, alloc, invtext, shipvia, edisent, consignment) FROM stdin;
41	8	10	FREDBLOGG	FREDBLOGG	2005-01-01 00:00:00	-6	0		WS	59	0.800000	12	1.6799999999999999	0	0	0	0		1	0	
39	6	10	CUST01	CUST01	2005-08-31 00:00:00	1	0		WS	6	3.000000	615	88.870000000000005	0	0	0	0		1	0	
40	7	10	FREDBLOGG	FREDBLOGG	2005-08-31 00:00:00	1	0		WS	8	0.800000	293.57999999999998	42.420000000000002	0	0	0	0		1	0	
\.


--
-- Data for TOC entry 563 (OID 36651)
-- Name: custallocns; Type: TABLE DATA; Schema: public; Owner: weberp_db_user
--

COPY custallocns (id, amt, datealloc, transid_allocfrom, transid_allocto) FROM stdin;
\.


--
-- Data for TOC entry 564 (OID 36657)
-- Name: areas; Type: TABLE DATA; Schema: public; Owner: weberp_db_user
--

COPY areas (areacode, areadescription) FROM stdin;
ZA	South Africa
EU	Europe
\.


--
-- Data for TOC entry 565 (OID 36715)
-- Name: recurringsalesorders; Type: TABLE DATA; Schema: public; Owner: weberp_db_user
--

COPY recurringsalesorders (recurrorderno, debtorno, branchcode, customerref, buyername, comments, orddate, ordertype, shipvia, deladd1, deladd2, deladd3, deladd4, contactphone, contactemail, deliverto, freightcost, fromstkloc, deliverydate, lastrecurrence, frequency, stopdate, autoinvoice, deladd5, deladd6) FROM stdin;
5	100001	100001	RGD-25441	\N	Standing order for ongoing work	2005-03-25	WS	2	453A Globus Contrabandus St	Aardvarkston					Eric Van Halen	0.00	CPT	2005-03-25	2005-03-19	52	2005-04-30	1	\N	\N
4	CUST01	CUST01		\N		2005-03-25	WS	1	Na	Na	Na	Na	NA	NA	Customer	0.00	CPT	2005-03-25	2005-03-19	52	2006-03-26	0	\N	\N
\.


--
-- Data for TOC entry 566 (OID 36735)
-- Name: recurrsalesorderdetails; Type: TABLE DATA; Schema: public; Owner: weberp_db_user
--

COPY recurrsalesorderdetails (recurrorderno, stkcode, unitprice, quantity, discountpercent, narrative) FROM stdin;
4	DEVDB	40.0000	23.0000	0.0500	Testing of the recurring orders system
4	PHIS01	63.2200	3.0000	0.0250	
5	DEVDB	60.0000	2.0000	0.0250	
\.


--
-- Data for TOC entry 567 (OID 36747)
-- Name: accountsection; Type: TABLE DATA; Schema: public; Owner: weberp_db_user
--

COPY accountsection (sectionid, sectionname) FROM stdin;
2	Cost of Sales
10	Fixed Assets
30	Amounts Payable
5	Overheads
50	Financed By
1	Revenue
20	Amounts Receivable
\.


--
-- Data for TOC entry 568 (OID 36754)
-- Name: securityroles; Type: TABLE DATA; Schema: public; Owner: weberp_db_user
--

COPY securityroles (secroleid, secrolename) FROM stdin;
1	Inquiries/Order Entry
2	Manufac/Stock Admin
3	Purchasing Officer
4	AP Clerk
5	AR Clerk
6	Accountant
7	Customer Log On Only
8	System Administrator
\.


--
-- Data for TOC entry 569 (OID 36760)
-- Name: securitytokens; Type: TABLE DATA; Schema: public; Owner: weberp_db_user
--

COPY securitytokens (tokenid, tokenname) FROM stdin;
9	Ledger Maintenance and Manufacturing
1	Menu and order entry only
2	Inventory, AR & AP inquiries & reports 
3	AR setup customers, areas, receipts, allocations, credit notes, salesfolk, credit status
4	PO Entry, Purchasing data & reorder levels
5	AP Invoice, Credit, Payment entry. Supplier maintenance
6	Not used
7	Bank reconciliations
10	GL Journals, COA, sales/COGS GL postings, terms, cost update, company prefs
11	Pricing & Inventory locations, categories, receiving & adjustments 
15	User management, System Admin setup & utilities
12	No Used
14	Not Used
13	Not Used
8	GL Journals, COA, sales/COGS GL postings, terms, cost update, company prefs
\.


--
-- Data for TOC entry 570 (OID 36765)
-- Name: securitygroups; Type: TABLE DATA; Schema: public; Owner: weberp_db_user
--

COPY securitygroups (secroleid, tokenid) FROM stdin;
1	1
1	2
2	1
2	2
3	1
3	2
3	3
3	4
3	5
3	11
4	1
4	2
4	5
5	1
5	2
5	3
5	11
6	1
6	2
6	3
6	4
6	5
6	6
6	7
6	8
6	9
6	10
6	11
7	1
8	1
8	2
8	3
8	4
8	5
8	6
8	7
8	8
8	9
8	10
8	11
8	12
8	13
8	14
8	15
4	13
2	11
\.


--
-- Data for TOC entry 571 (OID 36769)
-- Name: paymentmethods; Type: TABLE DATA; Schema: public; Owner: weberp_db_user
--

COPY paymentmethods (paymentid, paymentname, paymenttype, receipttype) FROM stdin;
1	Cheque	1	1
2	Cash	1	1
3	Direct Credit	1	1
\.


--
-- Data for TOC entry 572 (OID 36779)
-- Name: unitsofmeasure; Type: TABLE DATA; Schema: public; Owner: weberp_db_user
--

COPY unitsofmeasure (unitid, unitname) FROM stdin;
2	metres
3	kgs
4	litres
5	length
6	pack
1	each
\.


--
-- Data for TOC entry 573 (OID 36785)
-- Name: config; Type: TABLE DATA; Schema: public; Owner: weberp_db_user
--

COPY config (confname, confvalue) FROM stdin;
DefaultDateFormat	d/m/Y
PastDueDays1	30
PastDueDays2	60
DefaultCreditLimit	1000
Show_Settled_LastMonth	1
RomalpaClause	Ownership will not pass to the buyer until the goods have been paid for in full.
QuickEntries	10
DispatchCutOffTime	14
AllowSalesOfZeroCostItems	0
CreditingControlledItems_MustExist	0
DefaultPriceList	WS
Default_Shipper	1
DoFreightCalc	0
FreightChargeAppliesIfLessThan	1000
TaxAuthorityReferenceName	Tax Ref
NumberOfPeriodsOfStockUsage	12
Check_Qty_Charged_vs_Del_Qty	1
Check_Price_Charged_vs_Order_Price	1
OverChargeProportion	30
OverReceiveProportion	20
PO_AllowSameItemMultipleTimes	1
YearEnd	3
PageLength	48
part_pics_dir	companies/weberp/part_pics
MaxImageSize	300
DB_Maintenance_LastRun	2005-11-14
EDIHeaderMsgId	D:01B:UN:EAN010
EDIReference	WEBERP
EDI_MsgSent	EDI_Sent
DefaultDisplayRecordsMax	50
RadioBeaconStockLocation	BL
RadioBeaconHomeDir	/home/RadioBeacon
RadioBeaconFileCounter	/home/RadioBeacon/FileCounter
RadioBreaconFilePrefix	ORDXX
RadioBraconFTP_server	192.168.2.2
RadioBeaconFTP_user_name	RadioBeacon ftp server user name
RadionBeaconFTP_user_pass	Radio Beacon remote ftp server password
CountryOfOperation	EUR
DefaultTheme	professional
DefaultTaxCategory	1
EDI_Incoming_Orders	companies/weberp/EDI_Incoming_Orders
HTTPS_Only	0
EDI_MsgPending	companies/weberp/EDI_MsgPending
DB_Maintenance	7
AutoDebtorNo	0
reports_dir	companies/weberp/reports
PackNoteFormat	1
DefaultBlindPackNote	1
CheckCreditLimits	0
FreightTaxCategory	1
\.


--
-- Data for TOC entry 574 (OID 45972)
-- Name: salescat; Type: TABLE DATA; Schema: public; Owner: weberp_db_user
--

COPY salescat (salescatid, parentcatid, salescatname) FROM stdin;
1	\N	Springs
2	\N	Steel
\.


--
-- Data for TOC entry 575 (OID 45980)
-- Name: salescatprod; Type: TABLE DATA; Schema: public; Owner: weberp_db_user
--

COPY salescatprod (salescatid, stockid) FROM stdin;
\.


--
-- Data for TOC entry 576 (OID 62219)
-- Name: taxcategories; Type: TABLE DATA; Schema: public; Owner: weberp_db_user
--

COPY taxcategories (taxcatid, taxcatname) FROM stdin;
1	Taxable supply
0	Exempt
\.


--
-- Data for TOC entry 577 (OID 62235)
-- Name: taxprovinces; Type: TABLE DATA; Schema: public; Owner: weberp_db_user
--

COPY taxprovinces (taxprovinceid, taxprovincename) FROM stdin;
1	Default Tax Province
6	Tax Province 2
\.


--
-- Data for TOC entry 578 (OID 62248)
-- Name: taxgroups; Type: TABLE DATA; Schema: public; Owner: weberp_db_user
--

COPY taxgroups (taxgroupid, taxgroupdescription) FROM stdin;
1	Default tax group
\.


--
-- Data for TOC entry 579 (OID 62253)
-- Name: taxgrouptaxes; Type: TABLE DATA; Schema: public; Owner: weberp_db_user
--

COPY taxgrouptaxes (taxgroupid, taxauthid, calculationorder, taxontax) FROM stdin;
1	4	1	0
1	5	2	0
\.


--
-- Data for TOC entry 580 (OID 62268)
-- Name: stockmovestaxes; Type: TABLE DATA; Schema: public; Owner: weberp_db_user
--

COPY stockmovestaxes (stkmoveno, taxauthid, taxontax, taxcalculationorder, taxrate) FROM stdin;
64	4	0	1	0.050000000000000003
64	5	0	2	0.089999999999999997
61	5	0	0	0.089999999999999997
61	4	1	1	0.050000000000000003
62	5	0	0	0.089999999999999997
62	4	1	1	0.050000000000000003
63	5	0	0	0.089999999999999997
63	4	1	1	0.050000000000000003
\.


--
-- Data for TOC entry 581 (OID 62280)
-- Name: debtortranstaxes; Type: TABLE DATA; Schema: public; Owner: weberp_db_user
--

COPY debtortranstaxes (debtortransid, taxauthid, taxamount) FROM stdin;
41	4	0.75
41	5	1.3500000000000001
39	5	18.449999999999999
39	4	11.172499999999999
40	5	33.027749999999997
40	4	20.000137500000001
\.


--
-- Data for TOC entry 582 (OID 62304)
-- Name: supptranstaxes; Type: TABLE DATA; Schema: public; Owner: weberp_db_user
--

COPY supptranstaxes (supptransid, taxauthid, taxamount) FROM stdin;
\.


--
-- TOC entry 140 (OID 45103)
-- Name: idxsequenceintb; Type: INDEX; Schema: public; Owner: weberp_db_user
--

CREATE INDEX idxsequenceintb ON accountgroups USING btree (sequenceintb);


--
-- TOC entry 340 (OID 45104)
-- Name: idxbomcomponent; Type: INDEX; Schema: public; Owner: weberp_db_user
--

CREATE INDEX idxbomcomponent ON bom USING btree (component);


--
-- TOC entry 343 (OID 45105)
-- Name: idxeffectiveafter; Type: INDEX; Schema: public; Owner: weberp_db_user
--

CREATE INDEX idxeffectiveafter ON bom USING btree (effectiveafter);


--
-- TOC entry 344 (OID 45106)
-- Name: idxeffectiveto; Type: INDEX; Schema: public; Owner: weberp_db_user
--

CREATE INDEX idxeffectiveto ON bom USING btree (effectiveto);


--
-- TOC entry 341 (OID 45107)
-- Name: idxbomloccode; Type: INDEX; Schema: public; Owner: weberp_db_user
--

CREATE INDEX idxbomloccode ON bom USING btree (loccode);


--
-- TOC entry 345 (OID 45108)
-- Name: idxparent; Type: INDEX; Schema: public; Owner: weberp_db_user
--

CREATE INDEX idxparent ON bom USING btree (parent, effectiveafter, effectiveto, loccode);


--
-- TOC entry 346 (OID 45109)
-- Name: idxparent_2; Type: INDEX; Schema: public; Owner: weberp_db_user
--

CREATE INDEX idxparent_2 ON bom USING btree (parent);


--
-- TOC entry 342 (OID 45110)
-- Name: idxbomworkcentreadded; Type: INDEX; Schema: public; Owner: weberp_db_user
--

CREATE INDEX idxbomworkcentreadded ON bom USING btree (workcentreadded);


--
-- TOC entry 348 (OID 45111)
-- Name: idxbankaccountname; Type: INDEX; Schema: public; Owner: weberp_db_user
--

CREATE INDEX idxbankaccountname ON bankaccounts USING btree (bankaccountname);


--
-- TOC entry 349 (OID 45112)
-- Name: idxbankaccountnumber; Type: INDEX; Schema: public; Owner: weberp_db_user
--

CREATE INDEX idxbankaccountnumber ON bankaccounts USING btree (bankaccountnumber);


--
-- TOC entry 351 (OID 45113)
-- Name: idxbankact; Type: INDEX; Schema: public; Owner: weberp_db_user
--

CREATE INDEX idxbankact ON banktrans USING btree (bankact, ref);


--
-- TOC entry 355 (OID 45114)
-- Name: idxtransdate; Type: INDEX; Schema: public; Owner: weberp_db_user
--

CREATE INDEX idxtransdate ON banktrans USING btree (transdate);


--
-- TOC entry 353 (OID 45115)
-- Name: idxbttranstype; Type: INDEX; Schema: public; Owner: weberp_db_user
--

CREATE INDEX idxbttranstype ON banktrans USING btree (banktranstype);


--
-- TOC entry 354 (OID 45116)
-- Name: idxbttype; Type: INDEX; Schema: public; Owner: weberp_db_user
--

CREATE INDEX idxbttype ON banktrans USING btree ("type", transno);


--
-- TOC entry 352 (OID 45117)
-- Name: idxbtcurrcode; Type: INDEX; Schema: public; Owner: weberp_db_user
--

CREATE INDEX idxbtcurrcode ON banktrans USING btree (currcode);


--
-- TOC entry 358 (OID 45118)
-- Name: idxbworkcentre; Type: INDEX; Schema: public; Owner: weberp_db_user
--

CREATE INDEX idxbworkcentre ON buckets USING btree (workcentre);


--
-- TOC entry 357 (OID 45119)
-- Name: idxavaildate; Type: INDEX; Schema: public; Owner: weberp_db_user
--

CREATE INDEX idxavaildate ON buckets USING btree (availdate);


--
-- TOC entry 143 (OID 45120)
-- Name: idxcparea; Type: INDEX; Schema: public; Owner: weberp_db_user
--

CREATE INDEX idxcparea ON cogsglpostings USING btree (area);


--
-- TOC entry 146 (OID 45121)
-- Name: idxcpstkcat; Type: INDEX; Schema: public; Owner: weberp_db_user
--

CREATE INDEX idxcpstkcat ON cogsglpostings USING btree (stkcat);


--
-- TOC entry 144 (OID 45122)
-- Name: idxcpglcode; Type: INDEX; Schema: public; Owner: weberp_db_user
--

CREATE INDEX idxcpglcode ON cogsglpostings USING btree (glcode);


--
-- TOC entry 145 (OID 45123)
-- Name: idxcpsalestype; Type: INDEX; Schema: public; Owner: weberp_db_user
--

CREATE INDEX idxcpsalestype ON cogsglpostings USING btree (salestype);


--
-- TOC entry 147 (OID 45124)
-- Name: uidxcparea_stkcat; Type: INDEX; Schema: public; Owner: weberp_db_user
--

CREATE UNIQUE INDEX uidxcparea_stkcat ON cogsglpostings USING btree (area, stkcat, salestype);


--
-- TOC entry 360 (OID 45125)
-- Name: idxperiod; Type: INDEX; Schema: public; Owner: weberp_db_user
--

CREATE INDEX idxperiod ON chartdetails USING btree (period);


--
-- TOC entry 149 (OID 45126)
-- Name: idxaccountcode; Type: INDEX; Schema: public; Owner: weberp_db_user
--

CREATE INDEX idxaccountcode ON chartmaster USING btree (accountcode);


--
-- TOC entry 150 (OID 45127)
-- Name: idxaccountname; Type: INDEX; Schema: public; Owner: weberp_db_user
--

CREATE INDEX idxaccountname ON chartmaster USING btree (accountname);


--
-- TOC entry 151 (OID 45128)
-- Name: idxgroup_; Type: INDEX; Schema: public; Owner: weberp_db_user
--

CREATE INDEX idxgroup_ ON chartmaster USING btree (group_);


--
-- TOC entry 362 (OID 45129)
-- Name: idxcbcomponent; Type: INDEX; Schema: public; Owner: weberp_db_user
--

CREATE INDEX idxcbcomponent ON contractbom USING btree (component);


--
-- TOC entry 363 (OID 45130)
-- Name: idxcbloccode; Type: INDEX; Schema: public; Owner: weberp_db_user
--

CREATE INDEX idxcbloccode ON contractbom USING btree (loccode);


--
-- TOC entry 366 (OID 45131)
-- Name: idxcontractref; Type: INDEX; Schema: public; Owner: weberp_db_user
--

CREATE INDEX idxcontractref ON contractbom USING btree (contractref);


--
-- TOC entry 364 (OID 45132)
-- Name: idxcbworkcentreadded; Type: INDEX; Schema: public; Owner: weberp_db_user
--

CREATE INDEX idxcbworkcentreadded ON contractbom USING btree (workcentreadded);


--
-- TOC entry 365 (OID 45133)
-- Name: idxcbworkcentreadded_2; Type: INDEX; Schema: public; Owner: weberp_db_user
--

CREATE INDEX idxcbworkcentreadded_2 ON contractbom USING btree (workcentreadded);


--
-- TOC entry 392 (OID 45134)
-- Name: idxcontract; Type: INDEX; Schema: public; Owner: weberp_db_user
--

CREATE INDEX idxcontract ON contractreqts USING btree (contract);


--
-- TOC entry 387 (OID 45135)
-- Name: idxcorderno; Type: INDEX; Schema: public; Owner: weberp_db_user
--

CREATE INDEX idxcorderno ON contracts USING btree (orderno);


--
-- TOC entry 385 (OID 45136)
-- Name: idxccategoryid; Type: INDEX; Schema: public; Owner: weberp_db_user
--

CREATE INDEX idxccategoryid ON contracts USING btree (categoryid);


--
-- TOC entry 390 (OID 45137)
-- Name: idxstatus; Type: INDEX; Schema: public; Owner: weberp_db_user
--

CREATE INDEX idxstatus ON contracts USING btree (status);


--
-- TOC entry 388 (OID 45138)
-- Name: idxctypeabbrev; Type: INDEX; Schema: public; Owner: weberp_db_user
--

CREATE INDEX idxctypeabbrev ON contracts USING btree (typeabbrev);


--
-- TOC entry 389 (OID 45139)
-- Name: idxcworef; Type: INDEX; Schema: public; Owner: weberp_db_user
--

CREATE INDEX idxcworef ON contracts USING btree (woref);


--
-- TOC entry 386 (OID 45140)
-- Name: idxcdebtorno; Type: INDEX; Schema: public; Owner: weberp_db_user
--

CREATE INDEX idxcdebtorno ON contracts USING btree (debtorno, branchcode);


--
-- TOC entry 131 (OID 45141)
-- Name: idxcountry; Type: INDEX; Schema: public; Owner: weberp_db_user
--

CREATE INDEX idxcountry ON currencies USING btree (country);


--
-- TOC entry 421 (OID 45142)
-- Name: idxcadatealloc; Type: INDEX; Schema: public; Owner: weberp_db_user
--

CREATE INDEX idxcadatealloc ON custallocns USING btree (datealloc);


--
-- TOC entry 422 (OID 45143)
-- Name: idxcatransid_allocfrom; Type: INDEX; Schema: public; Owner: weberp_db_user
--

CREATE INDEX idxcatransid_allocfrom ON custallocns USING btree (transid_allocfrom);


--
-- TOC entry 423 (OID 45144)
-- Name: idxcatransid_allocto; Type: INDEX; Schema: public; Owner: weberp_db_user
--

CREATE INDEX idxcatransid_allocto ON custallocns USING btree (transid_allocto);


--
-- TOC entry 379 (OID 45145)
-- Name: idxcbbranchcode; Type: INDEX; Schema: public; Owner: weberp_db_user
--

CREATE INDEX idxcbbranchcode ON custbranch USING btree (branchcode);


--
-- TOC entry 377 (OID 45146)
-- Name: idxbrname; Type: INDEX; Schema: public; Owner: weberp_db_user
--

CREATE INDEX idxbrname ON custbranch USING btree (brname);


--
-- TOC entry 380 (OID 45147)
-- Name: idxcbdebtorno; Type: INDEX; Schema: public; Owner: weberp_db_user
--

CREATE INDEX idxcbdebtorno ON custbranch USING btree (debtorno);


--
-- TOC entry 383 (OID 45148)
-- Name: idxsalesman; Type: INDEX; Schema: public; Owner: weberp_db_user
--

CREATE INDEX idxsalesman ON custbranch USING btree (salesman);


--
-- TOC entry 378 (OID 45149)
-- Name: idxcbarea; Type: INDEX; Schema: public; Owner: weberp_db_user
--

CREATE INDEX idxcbarea ON custbranch USING btree (area);


--
-- TOC entry 381 (OID 45151)
-- Name: idxcbdefaultlocation; Type: INDEX; Schema: public; Owner: weberp_db_user
--

CREATE INDEX idxcbdefaultlocation ON custbranch USING btree (defaultlocation);


--
-- TOC entry 382 (OID 45153)
-- Name: idxdefaultshipvia; Type: INDEX; Schema: public; Owner: weberp_db_user
--

CREATE INDEX idxdefaultshipvia ON custbranch USING btree (defaultshipvia);


--
-- TOC entry 410 (OID 45154)
-- Name: idxdtdebtorno; Type: INDEX; Schema: public; Owner: weberp_db_user
--

CREATE INDEX idxdtdebtorno ON debtortrans USING btree (debtorno, branchcode);


--
-- TOC entry 418 (OID 45155)
-- Name: idxorder_; Type: INDEX; Schema: public; Owner: weberp_db_user
--

CREATE INDEX idxorder_ ON debtortrans USING btree (order_);


--
-- TOC entry 411 (OID 45156)
-- Name: idxdtprd; Type: INDEX; Schema: public; Owner: weberp_db_user
--

CREATE INDEX idxdtprd ON debtortrans USING btree (prd);


--
-- TOC entry 419 (OID 45157)
-- Name: idxtpe; Type: INDEX; Schema: public; Owner: weberp_db_user
--

CREATE INDEX idxtpe ON debtortrans USING btree (tpe);


--
-- TOC entry 415 (OID 45158)
-- Name: idxdttype; Type: INDEX; Schema: public; Owner: weberp_db_user
--

CREATE INDEX idxdttype ON debtortrans USING btree ("type");


--
-- TOC entry 412 (OID 45159)
-- Name: idxdtsettled; Type: INDEX; Schema: public; Owner: weberp_db_user
--

CREATE INDEX idxdtsettled ON debtortrans USING btree (settled);


--
-- TOC entry 413 (OID 45160)
-- Name: idxdttrandate; Type: INDEX; Schema: public; Owner: weberp_db_user
--

CREATE INDEX idxdttrandate ON debtortrans USING btree (trandate);


--
-- TOC entry 414 (OID 45161)
-- Name: idxdttransno; Type: INDEX; Schema: public; Owner: weberp_db_user
--

CREATE INDEX idxdttransno ON debtortrans USING btree (transno);


--
-- TOC entry 416 (OID 45162)
-- Name: idxdttype_2; Type: INDEX; Schema: public; Owner: weberp_db_user
--

CREATE INDEX idxdttype_2 ON debtortrans USING btree ("type", transno);


--
-- TOC entry 417 (OID 45163)
-- Name: idxedisent; Type: INDEX; Schema: public; Owner: weberp_db_user
--

CREATE INDEX idxedisent ON debtortrans USING btree (edisent);


--
-- TOC entry 368 (OID 45164)
-- Name: idxcurrency; Type: INDEX; Schema: public; Owner: weberp_db_user
--

CREATE INDEX idxcurrency ON debtorsmaster USING btree (currcode);


--
-- TOC entry 373 (OID 45165)
-- Name: idxholdreason; Type: INDEX; Schema: public; Owner: weberp_db_user
--

CREATE INDEX idxholdreason ON debtorsmaster USING btree (holdreason);


--
-- TOC entry 374 (OID 45166)
-- Name: idxname; Type: INDEX; Schema: public; Owner: weberp_db_user
--

CREATE INDEX idxname ON debtorsmaster USING btree (name);


--
-- TOC entry 370 (OID 45167)
-- Name: idxdmpaymentterms; Type: INDEX; Schema: public; Owner: weberp_db_user
--

CREATE INDEX idxdmpaymentterms ON debtorsmaster USING btree (paymentterms);


--
-- TOC entry 369 (OID 45168)
-- Name: idxdebmsalestype; Type: INDEX; Schema: public; Owner: weberp_db_user
--

CREATE INDEX idxdebmsalestype ON debtorsmaster USING btree (salestype);


--
-- TOC entry 371 (OID 45169)
-- Name: idxediinvoices; Type: INDEX; Schema: public; Owner: weberp_db_user
--

CREATE INDEX idxediinvoices ON debtorsmaster USING btree (ediinvoices);


--
-- TOC entry 372 (OID 45170)
-- Name: idxediorders; Type: INDEX; Schema: public; Owner: weberp_db_user
--

CREATE INDEX idxediorders ON debtorsmaster USING btree (ediorders);


--
-- TOC entry 202 (OID 45171)
-- Name: idxquantitybreak; Type: INDEX; Schema: public; Owner: weberp_db_user
--

CREATE INDEX idxquantitybreak ON discountmatrix USING btree (quantitybreak);


--
-- TOC entry 201 (OID 45172)
-- Name: idxdmdiscountcategory; Type: INDEX; Schema: public; Owner: weberp_db_user
--

CREATE INDEX idxdmdiscountcategory ON discountmatrix USING btree (discountcategory);


--
-- TOC entry 200 (OID 45173)
-- Name: idxdismsalestype; Type: INDEX; Schema: public; Owner: weberp_db_user
--

CREATE INDEX idxdismsalestype ON discountmatrix USING btree (salestype);


--
-- TOC entry 158 (OID 45174)
-- Name: idxpartnercode; Type: INDEX; Schema: public; Owner: weberp_db_user
--

CREATE INDEX idxpartnercode ON ediitemmapping USING btree (partnercode);


--
-- TOC entry 157 (OID 45175)
-- Name: idxeimstockid; Type: INDEX; Schema: public; Owner: weberp_db_user
--

CREATE INDEX idxeimstockid ON ediitemmapping USING btree (stockid);


--
-- TOC entry 159 (OID 45176)
-- Name: idxpartnerstockid; Type: INDEX; Schema: public; Owner: weberp_db_user
--

CREATE INDEX idxpartnerstockid ON ediitemmapping USING btree (partnerstockid);


--
-- TOC entry 160 (OID 45177)
-- Name: idxsupporcust; Type: INDEX; Schema: public; Owner: weberp_db_user
--

CREATE INDEX idxsupporcust ON ediitemmapping USING btree (supporcust);


--
-- TOC entry 162 (OID 45178)
-- Name: idxsection; Type: INDEX; Schema: public; Owner: weberp_db_user
--

CREATE INDEX idxsection ON edimessageformat USING btree (section);


--
-- TOC entry 163 (OID 45179)
-- Name: uidxpartnercode; Type: INDEX; Schema: public; Owner: weberp_db_user
--

CREATE UNIQUE INDEX uidxpartnercode ON edimessageformat USING btree (partnercode, messagetype, sequenceno);


--
-- TOC entry 167 (OID 45180)
-- Name: idxsegtag; Type: INDEX; Schema: public; Owner: weberp_db_user
--

CREATE INDEX idxsegtag ON edi_orders_segs USING btree (segtag);


--
-- TOC entry 166 (OID 45181)
-- Name: idxsegno; Type: INDEX; Schema: public; Owner: weberp_db_user
--

CREATE INDEX idxsegno ON edi_orders_segs USING btree (seggroup);


--
-- TOC entry 223 (OID 45182)
-- Name: idxdestination; Type: INDEX; Schema: public; Owner: weberp_db_user
--

CREATE INDEX idxdestination ON freightcosts USING btree (destination);


--
-- TOC entry 225 (OID 45183)
-- Name: idxlocationfrom; Type: INDEX; Schema: public; Owner: weberp_db_user
--

CREATE INDEX idxlocationfrom ON freightcosts USING btree (locationfrom);


--
-- TOC entry 226 (OID 45184)
-- Name: idxshipperid; Type: INDEX; Schema: public; Owner: weberp_db_user
--

CREATE INDEX idxshipperid ON freightcosts USING btree (shipperid);


--
-- TOC entry 224 (OID 45185)
-- Name: idxdestination_2; Type: INDEX; Schema: public; Owner: weberp_db_user
--

CREATE INDEX idxdestination_2 ON freightcosts USING btree (destination, locationfrom, shipperid);


--
-- TOC entry 169 (OID 45186)
-- Name: idxaccount; Type: INDEX; Schema: public; Owner: weberp_db_user
--

CREATE INDEX idxaccount ON gltrans USING btree (account);


--
-- TOC entry 170 (OID 45187)
-- Name: idxchequeno; Type: INDEX; Schema: public; Owner: weberp_db_user
--

CREATE INDEX idxchequeno ON gltrans USING btree (chequeno);


--
-- TOC entry 172 (OID 45188)
-- Name: idxgtperiodno; Type: INDEX; Schema: public; Owner: weberp_db_user
--

CREATE INDEX idxgtperiodno ON gltrans USING btree (periodno);


--
-- TOC entry 175 (OID 45189)
-- Name: idxposted; Type: INDEX; Schema: public; Owner: weberp_db_user
--

CREATE INDEX idxposted ON gltrans USING btree (posted);


--
-- TOC entry 173 (OID 45190)
-- Name: idxgttrandate; Type: INDEX; Schema: public; Owner: weberp_db_user
--

CREATE INDEX idxgttrandate ON gltrans USING btree (trandate);


--
-- TOC entry 174 (OID 45191)
-- Name: idxgttypeno; Type: INDEX; Schema: public; Owner: weberp_db_user
--

CREATE INDEX idxgttypeno ON gltrans USING btree (typeno);


--
-- TOC entry 176 (OID 45192)
-- Name: idxtype_and_number; Type: INDEX; Schema: public; Owner: weberp_db_user
--

CREATE INDEX idxtype_and_number ON gltrans USING btree ("type", typeno);


--
-- TOC entry 171 (OID 45193)
-- Name: idxgtjobref; Type: INDEX; Schema: public; Owner: weberp_db_user
--

CREATE INDEX idxgtjobref ON gltrans USING btree (jobref);


--
-- TOC entry 307 (OID 45194)
-- Name: idxgrndeliverydate; Type: INDEX; Schema: public; Owner: weberp_db_user
--

CREATE INDEX idxgrndeliverydate ON grns USING btree (deliverydate);


--
-- TOC entry 308 (OID 45195)
-- Name: idxgrnitemcode; Type: INDEX; Schema: public; Owner: weberp_db_user
--

CREATE INDEX idxgrnitemcode ON grns USING btree (itemcode);


--
-- TOC entry 310 (OID 45196)
-- Name: idxpodetailitem; Type: INDEX; Schema: public; Owner: weberp_db_user
--

CREATE INDEX idxpodetailitem ON grns USING btree (podetailitem);


--
-- TOC entry 309 (OID 45197)
-- Name: idxgrnsupplierid; Type: INDEX; Schema: public; Owner: weberp_db_user
--

CREATE INDEX idxgrnsupplierid ON grns USING btree (supplierid);


--
-- TOC entry 128 (OID 45198)
-- Name: idxreasoncode; Type: INDEX; Schema: public; Owner: weberp_db_user
--

CREATE INDEX idxreasoncode ON holdreasons USING btree (reasoncode);


--
-- TOC entry 129 (OID 45199)
-- Name: idxreasondescription; Type: INDEX; Schema: public; Owner: weberp_db_user
--

CREATE INDEX idxreasondescription ON holdreasons USING btree (reasondescription);


--
-- TOC entry 252 (OID 45200)
-- Name: idxlsstockid; Type: INDEX; Schema: public; Owner: weberp_db_user
--

CREATE INDEX idxlsstockid ON locstock USING btree (stockid);


--
-- TOC entry 256 (OID 45201)
-- Name: idxreference; Type: INDEX; Schema: public; Owner: weberp_db_user
--

CREATE INDEX idxreference ON loctransfers USING btree (reference, stockid);


--
-- TOC entry 257 (OID 45202)
-- Name: idxshiploc; Type: INDEX; Schema: public; Owner: weberp_db_user
--

CREATE INDEX idxshiploc ON loctransfers USING btree (shiploc);


--
-- TOC entry 255 (OID 45203)
-- Name: idxrecloc; Type: INDEX; Schema: public; Owner: weberp_db_user
--

CREATE INDEX idxrecloc ON loctransfers USING btree (recloc);


--
-- TOC entry 254 (OID 45204)
-- Name: idxltstockid; Type: INDEX; Schema: public; Owner: weberp_db_user
--

CREATE INDEX idxltstockid ON loctransfers USING btree (stockid);


--
-- TOC entry 403 (OID 45205)
-- Name: idxoddlstockid; Type: INDEX; Schema: public; Owner: weberp_db_user
--

CREATE INDEX idxoddlstockid ON orderdeliverydifferenceslog USING btree (stockid);


--
-- TOC entry 401 (OID 45206)
-- Name: idxodddebtorno; Type: INDEX; Schema: public; Owner: weberp_db_user
--

CREATE INDEX idxodddebtorno ON orderdeliverydifferenceslog USING btree (debtorno, branch);


--
-- TOC entry 400 (OID 45207)
-- Name: idxcan_or_bo; Type: INDEX; Schema: public; Owner: weberp_db_user
--

CREATE INDEX idxcan_or_bo ON orderdeliverydifferenceslog USING btree (can_or_bo);


--
-- TOC entry 402 (OID 45208)
-- Name: idxoddlorderno; Type: INDEX; Schema: public; Owner: weberp_db_user
--

CREATE INDEX idxoddlorderno ON orderdeliverydifferenceslog USING btree (orderno);


--
-- TOC entry 133 (OID 45209)
-- Name: idxdaysbeforedue; Type: INDEX; Schema: public; Owner: weberp_db_user
--

CREATE INDEX idxdaysbeforedue ON paymentterms USING btree (daysbeforedue);


--
-- TOC entry 132 (OID 45210)
-- Name: idxdayinfollowingmonth; Type: INDEX; Schema: public; Owner: weberp_db_user
--

CREATE INDEX idxdayinfollowingmonth ON paymentterms USING btree (dayinfollowingmonth);


--
-- TOC entry 137 (OID 45211)
-- Name: idxlastdate_in_period; Type: INDEX; Schema: public; Owner: weberp_db_user
--

CREATE INDEX idxlastdate_in_period ON periods USING btree (lastdate_in_period);


--
-- TOC entry 243 (OID 45212)
-- Name: idxcurrabrev; Type: INDEX; Schema: public; Owner: weberp_db_user
--

CREATE INDEX idxcurrabrev ON prices USING btree (currabrev);


--
-- TOC entry 244 (OID 45213)
-- Name: idxpdebtorno; Type: INDEX; Schema: public; Owner: weberp_db_user
--

CREATE INDEX idxpdebtorno ON prices USING btree (debtorno);


--
-- TOC entry 245 (OID 45214)
-- Name: idxpstockid; Type: INDEX; Schema: public; Owner: weberp_db_user
--

CREATE INDEX idxpstockid ON prices USING btree (stockid);


--
-- TOC entry 246 (OID 45215)
-- Name: idxptypeabbrev; Type: INDEX; Schema: public; Owner: weberp_db_user
--

CREATE INDEX idxptypeabbrev ON prices USING btree (typeabbrev);


--
-- TOC entry 248 (OID 45216)
-- Name: idxpdstockid; Type: INDEX; Schema: public; Owner: weberp_db_user
--

CREATE INDEX idxpdstockid ON purchdata USING btree (stockid);


--
-- TOC entry 249 (OID 45217)
-- Name: idxpdsupplierno; Type: INDEX; Schema: public; Owner: weberp_db_user
--

CREATE INDEX idxpdsupplierno ON purchdata USING btree (supplierno);


--
-- TOC entry 250 (OID 45218)
-- Name: idxpreferred; Type: INDEX; Schema: public; Owner: weberp_db_user
--

CREATE INDEX idxpreferred ON purchdata USING btree (preferred);


--
-- TOC entry 299 (OID 45219)
-- Name: idxpoddeliverydate; Type: INDEX; Schema: public; Owner: weberp_db_user
--

CREATE INDEX idxpoddeliverydate ON purchorderdetails USING btree (deliverydate);


--
-- TOC entry 300 (OID 45220)
-- Name: idxpodglcode; Type: INDEX; Schema: public; Owner: weberp_db_user
--

CREATE INDEX idxpodglcode ON purchorderdetails USING btree (glcode);


--
-- TOC entry 301 (OID 45221)
-- Name: idxpoditemcode; Type: INDEX; Schema: public; Owner: weberp_db_user
--

CREATE INDEX idxpoditemcode ON purchorderdetails USING btree (itemcode);


--
-- TOC entry 302 (OID 45222)
-- Name: idxpodjobref; Type: INDEX; Schema: public; Owner: weberp_db_user
--

CREATE INDEX idxpodjobref ON purchorderdetails USING btree (jobref);


--
-- TOC entry 303 (OID 45223)
-- Name: idxpodorderno; Type: INDEX; Schema: public; Owner: weberp_db_user
--

CREATE INDEX idxpodorderno ON purchorderdetails USING btree (orderno);


--
-- TOC entry 304 (OID 45224)
-- Name: idxpodshiptref; Type: INDEX; Schema: public; Owner: weberp_db_user
--

CREATE INDEX idxpodshiptref ON purchorderdetails USING btree (shiptref);


--
-- TOC entry 298 (OID 45225)
-- Name: idxpodcompleted; Type: INDEX; Schema: public; Owner: weberp_db_user
--

CREATE INDEX idxpodcompleted ON purchorderdetails USING btree (completed);


--
-- TOC entry 295 (OID 45226)
-- Name: idxpoorddate; Type: INDEX; Schema: public; Owner: weberp_db_user
--

CREATE INDEX idxpoorddate ON purchorders USING btree (orddate);


--
-- TOC entry 296 (OID 45227)
-- Name: idxposupplierno; Type: INDEX; Schema: public; Owner: weberp_db_user
--

CREATE INDEX idxposupplierno ON purchorders USING btree (supplierno);


--
-- TOC entry 294 (OID 45228)
-- Name: idxintostocklocation; Type: INDEX; Schema: public; Owner: weberp_db_user
--

CREATE INDEX idxintostocklocation ON purchorders USING btree (intostocklocation);


--
-- TOC entry 293 (OID 45229)
-- Name: idxallowprintpo; Type: INDEX; Schema: public; Owner: weberp_db_user
--

CREATE INDEX idxallowprintpo ON purchorders USING btree (allowprint);


--
-- TOC entry 179 (OID 45230)
-- Name: idxreportheading; Type: INDEX; Schema: public; Owner: weberp_db_user
--

CREATE INDEX idxreportheading ON reportheaders USING btree (reportheading);


--
-- TOC entry 184 (OID 45231)
-- Name: idxcustbranch; Type: INDEX; Schema: public; Owner: weberp_db_user
--

CREATE INDEX idxcustbranch ON salesanalysis USING btree (custbranch);


--
-- TOC entry 183 (OID 45232)
-- Name: idxcust; Type: INDEX; Schema: public; Owner: weberp_db_user
--

CREATE INDEX idxcust ON salesanalysis USING btree (cust);


--
-- TOC entry 187 (OID 45233)
-- Name: idxsaperiodno; Type: INDEX; Schema: public; Owner: weberp_db_user
--

CREATE INDEX idxsaperiodno ON salesanalysis USING btree (periodno);


--
-- TOC entry 188 (OID 45234)
-- Name: idxsastkcategory; Type: INDEX; Schema: public; Owner: weberp_db_user
--

CREATE INDEX idxsastkcategory ON salesanalysis USING btree (stkcategory);


--
-- TOC entry 189 (OID 45235)
-- Name: idxsastockid; Type: INDEX; Schema: public; Owner: weberp_db_user
--

CREATE INDEX idxsastockid ON salesanalysis USING btree (stockid);


--
-- TOC entry 190 (OID 45236)
-- Name: idxsatypeabbrev; Type: INDEX; Schema: public; Owner: weberp_db_user
--

CREATE INDEX idxsatypeabbrev ON salesanalysis USING btree (typeabbrev);


--
-- TOC entry 185 (OID 45237)
-- Name: idxsaarea; Type: INDEX; Schema: public; Owner: weberp_db_user
--

CREATE INDEX idxsaarea ON salesanalysis USING btree (area);


--
-- TOC entry 182 (OID 45238)
-- Name: idxbudgetoractual; Type: INDEX; Schema: public; Owner: weberp_db_user
--

CREATE INDEX idxbudgetoractual ON salesanalysis USING btree (budgetoractual);


--
-- TOC entry 186 (OID 45239)
-- Name: idxsalesperson; Type: INDEX; Schema: public; Owner: weberp_db_user
--

CREATE INDEX idxsalesperson ON salesanalysis USING btree (salesperson);


--
-- TOC entry 192 (OID 45240)
-- Name: idxsparea; Type: INDEX; Schema: public; Owner: weberp_db_user
--

CREATE INDEX idxsparea ON salesglpostings USING btree (area);


--
-- TOC entry 194 (OID 45241)
-- Name: idxspstkcat; Type: INDEX; Schema: public; Owner: weberp_db_user
--

CREATE INDEX idxspstkcat ON salesglpostings USING btree (stkcat);


--
-- TOC entry 193 (OID 45242)
-- Name: idxspsalestype; Type: INDEX; Schema: public; Owner: weberp_db_user
--

CREATE INDEX idxspsalestype ON salesglpostings USING btree (salestype);


--
-- TOC entry 196 (OID 45243)
-- Name: uidxsgparea_stkcat; Type: INDEX; Schema: public; Owner: weberp_db_user
--

CREATE UNIQUE INDEX uidxsgparea_stkcat ON salesglpostings USING btree (area, stkcat, salestype);


--
-- TOC entry 406 (OID 45244)
-- Name: idxsodorderno; Type: INDEX; Schema: public; Owner: weberp_db_user
--

CREATE INDEX idxsodorderno ON salesorderdetails USING btree (orderno);


--
-- TOC entry 407 (OID 45245)
-- Name: idxstkcode; Type: INDEX; Schema: public; Owner: weberp_db_user
--

CREATE INDEX idxstkcode ON salesorderdetails USING btree (stkcode);


--
-- TOC entry 405 (OID 45246)
-- Name: idxsodcompleted; Type: INDEX; Schema: public; Owner: weberp_db_user
--

CREATE INDEX idxsodcompleted ON salesorderdetails USING btree (completed);


--
-- TOC entry 397 (OID 45247)
-- Name: idxsodebtorno; Type: INDEX; Schema: public; Owner: weberp_db_user
--

CREATE INDEX idxsodebtorno ON salesorders USING btree (debtorno);


--
-- TOC entry 398 (OID 45248)
-- Name: idxsodorddate; Type: INDEX; Schema: public; Owner: weberp_db_user
--

CREATE INDEX idxsodorddate ON salesorders USING btree (orddate);


--
-- TOC entry 394 (OID 45249)
-- Name: idxordertype; Type: INDEX; Schema: public; Owner: weberp_db_user
--

CREATE INDEX idxordertype ON salesorders USING btree (ordertype);


--
-- TOC entry 393 (OID 45250)
-- Name: idxlocationindex; Type: INDEX; Schema: public; Owner: weberp_db_user
--

CREATE INDEX idxlocationindex ON salesorders USING btree (fromstkloc);


--
-- TOC entry 396 (OID 45251)
-- Name: idxsobranchcode; Type: INDEX; Schema: public; Owner: weberp_db_user
--

CREATE INDEX idxsobranchcode ON salesorders USING btree (branchcode, debtorno);


--
-- TOC entry 395 (OID 45252)
-- Name: idxshipvia; Type: INDEX; Schema: public; Owner: weberp_db_user
--

CREATE INDEX idxshipvia ON salesorders USING btree (shipvia);


--
-- TOC entry 197 (OID 45253)
-- Name: idxsales_type; Type: INDEX; Schema: public; Owner: weberp_db_user
--

CREATE INDEX idxsales_type ON salestypes USING btree (sales_type);


--
-- TOC entry 218 (OID 45255)
-- Name: idxsctranstype; Type: INDEX; Schema: public; Owner: weberp_db_user
--

CREATE INDEX idxsctranstype ON shipmentcharges USING btree (transtype, transno);


--
-- TOC entry 216 (OID 45256)
-- Name: idxscshiptref; Type: INDEX; Schema: public; Owner: weberp_db_user
--

CREATE INDEX idxscshiptref ON shipmentcharges USING btree (shiptref);


--
-- TOC entry 217 (OID 45257)
-- Name: idxscstockid; Type: INDEX; Schema: public; Owner: weberp_db_user
--

CREATE INDEX idxscstockid ON shipmentcharges USING btree (stockid);


--
-- TOC entry 219 (OID 45258)
-- Name: idxsctranstype_2; Type: INDEX; Schema: public; Owner: weberp_db_user
--

CREATE INDEX idxsctranstype_2 ON shipmentcharges USING btree (transtype);


--
-- TOC entry 211 (OID 45259)
-- Name: idxeta; Type: INDEX; Schema: public; Owner: weberp_db_user
--

CREATE INDEX idxeta ON shipments USING btree (eta);


--
-- TOC entry 213 (OID 45260)
-- Name: idxshipsupplierid; Type: INDEX; Schema: public; Owner: weberp_db_user
--

CREATE INDEX idxshipsupplierid ON shipments USING btree (supplierid);


--
-- TOC entry 212 (OID 45261)
-- Name: idxshipperref; Type: INDEX; Schema: public; Owner: weberp_db_user
--

CREATE INDEX idxshipperref ON shipments USING btree (voyageref);


--
-- TOC entry 214 (OID 45262)
-- Name: idxvessel; Type: INDEX; Schema: public; Owner: weberp_db_user
--

CREATE INDEX idxvessel ON shipments USING btree (vessel);


--
-- TOC entry 227 (OID 45263)
-- Name: idxcategorydescription; Type: INDEX; Schema: public; Owner: weberp_db_user
--

CREATE INDEX idxcategorydescription ON stockcategory USING btree (categorydescription);


--
-- TOC entry 228 (OID 45264)
-- Name: idxstocktype; Type: INDEX; Schema: public; Owner: weberp_db_user
--

CREATE INDEX idxstocktype ON stockcategory USING btree (stocktype);


--
-- TOC entry 241 (OID 45265)
-- Name: idxscfloccode; Type: INDEX; Schema: public; Owner: weberp_db_user
--

CREATE INDEX idxscfloccode ON stockcheckfreeze USING btree (loccode);


--
-- TOC entry 239 (OID 45266)
-- Name: idxscntstockid; Type: INDEX; Schema: public; Owner: weberp_db_user
--

CREATE INDEX idxscntstockid ON stockcounts USING btree (stockid);


--
-- TOC entry 238 (OID 45267)
-- Name: idxscntloccode; Type: INDEX; Schema: public; Owner: weberp_db_user
--

CREATE INDEX idxscntloccode ON stockcounts USING btree (loccode);


--
-- TOC entry 233 (OID 45268)
-- Name: idxsmcategoryid; Type: INDEX; Schema: public; Owner: weberp_db_user
--

CREATE INDEX idxsmcategoryid ON stockmaster USING btree (categoryid);


--
-- TOC entry 234 (OID 45269)
-- Name: idxsmdescription; Type: INDEX; Schema: public; Owner: weberp_db_user
--

CREATE INDEX idxsmdescription ON stockmaster USING btree (description);


--
-- TOC entry 231 (OID 45270)
-- Name: idxlastcurcostdate; Type: INDEX; Schema: public; Owner: weberp_db_user
--

CREATE INDEX idxlastcurcostdate ON stockmaster USING btree (lastcurcostdate);


--
-- TOC entry 232 (OID 45271)
-- Name: idxmbflag; Type: INDEX; Schema: public; Owner: weberp_db_user
--

CREATE INDEX idxmbflag ON stockmaster USING btree (mbflag);


--
-- TOC entry 236 (OID 45272)
-- Name: idxsmstockid; Type: INDEX; Schema: public; Owner: weberp_db_user
--

CREATE INDEX idxsmstockid ON stockmaster USING btree (stockid, categoryid);


--
-- TOC entry 230 (OID 45273)
-- Name: idxcontrolled; Type: INDEX; Schema: public; Owner: weberp_db_user
--

CREATE INDEX idxcontrolled ON stockmaster USING btree (controlled);


--
-- TOC entry 235 (OID 45274)
-- Name: idxsmdiscountcategory; Type: INDEX; Schema: public; Owner: weberp_db_user
--

CREATE INDEX idxsmdiscountcategory ON stockmaster USING btree (discountcategory);


--
-- TOC entry 260 (OID 45275)
-- Name: idxsmdebtorno; Type: INDEX; Schema: public; Owner: weberp_db_user
--

CREATE INDEX idxsmdebtorno ON stockmoves USING btree (debtorno);


--
-- TOC entry 261 (OID 45276)
-- Name: idxsmloccode; Type: INDEX; Schema: public; Owner: weberp_db_user
--

CREATE INDEX idxsmloccode ON stockmoves USING btree (loccode);


--
-- TOC entry 262 (OID 45277)
-- Name: idxsmprd; Type: INDEX; Schema: public; Owner: weberp_db_user
--

CREATE INDEX idxsmprd ON stockmoves USING btree (prd);


--
-- TOC entry 266 (OID 45278)
-- Name: idxsmvstockid; Type: INDEX; Schema: public; Owner: weberp_db_user
--

CREATE INDEX idxsmvstockid ON stockmoves USING btree (stockid, loccode);


--
-- TOC entry 267 (OID 45279)
-- Name: idxsmvstockid_2; Type: INDEX; Schema: public; Owner: weberp_db_user
--

CREATE INDEX idxsmvstockid_2 ON stockmoves USING btree (stockid);


--
-- TOC entry 263 (OID 45280)
-- Name: idxsmtrandate; Type: INDEX; Schema: public; Owner: weberp_db_user
--

CREATE INDEX idxsmtrandate ON stockmoves USING btree (trandate);


--
-- TOC entry 264 (OID 45281)
-- Name: idxsmtransno; Type: INDEX; Schema: public; Owner: weberp_db_user
--

CREATE INDEX idxsmtransno ON stockmoves USING btree (transno);


--
-- TOC entry 265 (OID 45282)
-- Name: idxsmtype; Type: INDEX; Schema: public; Owner: weberp_db_user
--

CREATE INDEX idxsmtype ON stockmoves USING btree ("type");


--
-- TOC entry 259 (OID 45283)
-- Name: idxshow_on_inv_crds; Type: INDEX; Schema: public; Owner: weberp_db_user
--

CREATE INDEX idxshow_on_inv_crds ON stockmoves USING btree (show_on_inv_crds);


--
-- TOC entry 258 (OID 45284)
-- Name: idxhide; Type: INDEX; Schema: public; Owner: weberp_db_user
--

CREATE INDEX idxhide ON stockmoves USING btree (hidemovt);


--
-- TOC entry 270 (OID 45285)
-- Name: idxssistockid; Type: INDEX; Schema: public; Owner: weberp_db_user
--

CREATE INDEX idxssistockid ON stockserialitems USING btree (stockid);


--
-- TOC entry 269 (OID 45286)
-- Name: idxssiloccode; Type: INDEX; Schema: public; Owner: weberp_db_user
--

CREATE INDEX idxssiloccode ON stockserialitems USING btree (loccode);


--
-- TOC entry 273 (OID 45287)
-- Name: idxstockmoveno; Type: INDEX; Schema: public; Owner: weberp_db_user
--

CREATE INDEX idxstockmoveno ON stockserialmoves USING btree (stockmoveno);


--
-- TOC entry 272 (OID 45288)
-- Name: idxssmstockid_sn; Type: INDEX; Schema: public; Owner: weberp_db_user
--

CREATE INDEX idxssmstockid_sn ON stockserialmoves USING btree (stockid, serialno);


--
-- TOC entry 287 (OID 45289)
-- Name: idxsatransid_allocfrom; Type: INDEX; Schema: public; Owner: weberp_db_user
--

CREATE INDEX idxsatransid_allocfrom ON suppallocs USING btree (transid_allocfrom);


--
-- TOC entry 288 (OID 45290)
-- Name: idxsatransid_allocto; Type: INDEX; Schema: public; Owner: weberp_db_user
--

CREATE INDEX idxsatransid_allocto ON suppallocs USING btree (transid_allocto);


--
-- TOC entry 286 (OID 45291)
-- Name: idxsadatealloc; Type: INDEX; Schema: public; Owner: weberp_db_user
--

CREATE INDEX idxsadatealloc ON suppallocs USING btree (datealloc);


--
-- TOC entry 275 (OID 45292)
-- Name: idxduedate; Type: INDEX; Schema: public; Owner: weberp_db_user
--

CREATE INDEX idxduedate ON supptrans USING btree (duedate);


--
-- TOC entry 276 (OID 45293)
-- Name: idxhold; Type: INDEX; Schema: public; Owner: weberp_db_user
--

CREATE INDEX idxhold ON supptrans USING btree ("hold");


--
-- TOC entry 278 (OID 45294)
-- Name: idxstsupplierno; Type: INDEX; Schema: public; Owner: weberp_db_user
--

CREATE INDEX idxstsupplierno ON supptrans USING btree (supplierno);


--
-- TOC entry 277 (OID 45295)
-- Name: idxstsettled; Type: INDEX; Schema: public; Owner: weberp_db_user
--

CREATE INDEX idxstsettled ON supptrans USING btree (settled);


--
-- TOC entry 279 (OID 45296)
-- Name: idxstsupplierno_2; Type: INDEX; Schema: public; Owner: weberp_db_user
--

CREATE INDEX idxstsupplierno_2 ON supptrans USING btree (supplierno, suppreference);


--
-- TOC entry 283 (OID 45297)
-- Name: idxsuppreference; Type: INDEX; Schema: public; Owner: weberp_db_user
--

CREATE INDEX idxsuppreference ON supptrans USING btree (suppreference);


--
-- TOC entry 280 (OID 45298)
-- Name: idxsttrandate; Type: INDEX; Schema: public; Owner: weberp_db_user
--

CREATE INDEX idxsttrandate ON supptrans USING btree (trandate);


--
-- TOC entry 281 (OID 45299)
-- Name: idxsttransno; Type: INDEX; Schema: public; Owner: weberp_db_user
--

CREATE INDEX idxsttransno ON supptrans USING btree (transno);


--
-- TOC entry 282 (OID 45300)
-- Name: idxsttype; Type: INDEX; Schema: public; Owner: weberp_db_user
--

CREATE INDEX idxsttype ON supptrans USING btree ("type");


--
-- TOC entry 285 (OID 45301)
-- Name: uidxtypetransno; Type: INDEX; Schema: public; Owner: weberp_db_user
--

CREATE UNIQUE INDEX uidxtypetransno ON supptrans USING btree (transno, "type");


--
-- TOC entry 290 (OID 45302)
-- Name: idxcontact; Type: INDEX; Schema: public; Owner: weberp_db_user
--

CREATE INDEX idxcontact ON suppliercontacts USING btree (contact);


--
-- TOC entry 291 (OID 45303)
-- Name: idxscsupplierid; Type: INDEX; Schema: public; Owner: weberp_db_user
--

CREATE INDEX idxscsupplierid ON suppliercontacts USING btree (supplierid);


--
-- TOC entry 204 (OID 45304)
-- Name: idxscurrcode; Type: INDEX; Schema: public; Owner: weberp_db_user
--

CREATE INDEX idxscurrcode ON suppliers USING btree (currcode);


--
-- TOC entry 205 (OID 45305)
-- Name: idxspaymentterms; Type: INDEX; Schema: public; Owner: weberp_db_user
--

CREATE INDEX idxspaymentterms ON suppliers USING btree (paymentterms);


--
-- TOC entry 209 (OID 45306)
-- Name: idxsupsupplierid; Type: INDEX; Schema: public; Owner: weberp_db_user
--

CREATE INDEX idxsupsupplierid ON suppliers USING btree (supplierid);


--
-- TOC entry 208 (OID 45307)
-- Name: idxsuppname; Type: INDEX; Schema: public; Owner: weberp_db_user
--

CREATE INDEX idxsuppname ON suppliers USING btree (suppname);


--
-- TOC entry 206 (OID 45308)
-- Name: idxstaxauthority; Type: INDEX; Schema: public; Owner: weberp_db_user
--

CREATE INDEX idxstaxauthority ON suppliers USING btree (taxgroupid);


--
-- TOC entry 135 (OID 45309)
-- Name: idxsttypeno; Type: INDEX; Schema: public; Owner: weberp_db_user
--

CREATE INDEX idxsttypeno ON systypes USING btree (typeno);


--
-- TOC entry 312 (OID 45310)
-- Name: idxtaltaxauthority; Type: INDEX; Schema: public; Owner: weberp_db_user
--

CREATE INDEX idxtaltaxauthority ON taxauthrates USING btree (taxauthority);


--
-- TOC entry 153 (OID 45312)
-- Name: idxtaxglcode; Type: INDEX; Schema: public; Owner: weberp_db_user
--

CREATE INDEX idxtaxglcode ON taxauthorities USING btree (taxglcode);


--
-- TOC entry 152 (OID 45313)
-- Name: idxpurchtaxglaccount; Type: INDEX; Schema: public; Owner: weberp_db_user
--

CREATE INDEX idxpurchtaxglaccount ON taxauthorities USING btree (purchtaxglaccount);


--
-- TOC entry 332 (OID 45314)
-- Name: idxwoiworkcentre; Type: INDEX; Schema: public; Owner: weberp_db_user
--

CREATE INDEX idxwoiworkcentre ON woissues USING btree (workcentre);


--
-- TOC entry 327 (OID 45315)
-- Name: idxissueno; Type: INDEX; Schema: public; Owner: weberp_db_user
--

CREATE INDEX idxissueno ON woissues USING btree (issueno);


--
-- TOC entry 328 (OID 45316)
-- Name: idxissueno_2; Type: INDEX; Schema: public; Owner: weberp_db_user
--

CREATE INDEX idxissueno_2 ON woissues USING btree (issueno, woref, stockid);


--
-- TOC entry 330 (OID 45317)
-- Name: idxwoistockid; Type: INDEX; Schema: public; Owner: weberp_db_user
--

CREATE INDEX idxwoistockid ON woissues USING btree (stockid);


--
-- TOC entry 329 (OID 45318)
-- Name: idxissuetype; Type: INDEX; Schema: public; Owner: weberp_db_user
--

CREATE INDEX idxissuetype ON woissues USING btree (issuetype);


--
-- TOC entry 331 (OID 45319)
-- Name: idxwoiworef; Type: INDEX; Schema: public; Owner: weberp_db_user
--

CREATE INDEX idxwoiworef ON woissues USING btree (woref);


--
-- TOC entry 337 (OID 45320)
-- Name: idxwrkcentre; Type: INDEX; Schema: public; Owner: weberp_db_user
--

CREATE INDEX idxwrkcentre ON worequirements USING btree (wrkcentre);


--
-- TOC entry 333 (OID 45321)
-- Name: idxresourcetype; Type: INDEX; Schema: public; Owner: weberp_db_user
--

CREATE INDEX idxresourcetype ON worequirements USING btree (resourcetype);


--
-- TOC entry 335 (OID 45322)
-- Name: idxworworef; Type: INDEX; Schema: public; Owner: weberp_db_user
--

CREATE INDEX idxworworef ON worequirements USING btree (woref, stockid);


--
-- TOC entry 334 (OID 45323)
-- Name: idxworstockid; Type: INDEX; Schema: public; Owner: weberp_db_user
--

CREATE INDEX idxworstockid ON worequirements USING btree (stockid);


--
-- TOC entry 336 (OID 45324)
-- Name: idxworworef_2; Type: INDEX; Schema: public; Owner: weberp_db_user
--

CREATE INDEX idxworworef_2 ON worequirements USING btree (woref);


--
-- TOC entry 315 (OID 45325)
-- Name: idxcustomerid; Type: INDEX; Schema: public; Owner: weberp_db_user
--

CREATE INDEX idxcustomerid ON www_users USING btree (customerid);


--
-- TOC entry 316 (OID 45326)
-- Name: idxusrdefaultlocation; Type: INDEX; Schema: public; Owner: weberp_db_user
--

CREATE INDEX idxusrdefaultlocation ON www_users USING btree (defaultlocation);


--
-- TOC entry 319 (OID 45327)
-- Name: idxwcdescription; Type: INDEX; Schema: public; Owner: weberp_db_user
--

CREATE INDEX idxwcdescription ON workcentres USING btree (description);


--
-- TOC entry 318 (OID 45328)
-- Name: idxlocation; Type: INDEX; Schema: public; Owner: weberp_db_user
--

CREATE INDEX idxlocation ON workcentres USING btree ("location");


--
-- TOC entry 324 (OID 45329)
-- Name: idxwostockid; Type: INDEX; Schema: public; Owner: weberp_db_user
--

CREATE INDEX idxwostockid ON worksorders USING btree (stockid);


--
-- TOC entry 323 (OID 45330)
-- Name: idxwoloccode; Type: INDEX; Schema: public; Owner: weberp_db_user
--

CREATE INDEX idxwoloccode ON worksorders USING btree (loccode);


--
-- TOC entry 321 (OID 45331)
-- Name: idxreleaseddate; Type: INDEX; Schema: public; Owner: weberp_db_user
--

CREATE INDEX idxreleaseddate ON worksorders USING btree (releaseddate);


--
-- TOC entry 322 (OID 45332)
-- Name: idxrequiredby; Type: INDEX; Schema: public; Owner: weberp_db_user
--

CREATE INDEX idxrequiredby ON worksorders USING btree (requiredby);


--
-- TOC entry 325 (OID 45333)
-- Name: idxwoworef; Type: INDEX; Schema: public; Owner: weberp_db_user
--

CREATE INDEX idxwoworef ON worksorders USING btree (woref, loccode);


--
-- TOC entry 141 (OID 45334)
-- Name: section; Type: INDEX; Schema: public; Owner: weberp_db_user
--

CREATE INDEX section ON accountgroups USING btree (sectioninaccounts);


--
-- TOC entry 435 (OID 45993)
-- Name: idxsalescatprod; Type: INDEX; Schema: public; Owner: weberp_db_user
--

CREATE UNIQUE INDEX idxsalescatprod ON salescatprod USING btree (salescatid, stockid);


--
-- TOC entry 311 (OID 62224)
-- Name: idxdispatchtaxauthority; Type: INDEX; Schema: public; Owner: weberp_db_user
--

CREATE INDEX idxdispatchtaxauthority ON taxauthrates USING btree (dispatchtaxprovince);


--
-- TOC entry 313 (OID 62225)
-- Name: idxtaxcatid; Type: INDEX; Schema: public; Owner: weberp_db_user
--

CREATE INDEX idxtaxcatid ON taxauthrates USING btree (taxcatid);


--
-- TOC entry 178 (OID 62240)
-- Name: locations_taxprovinceid_index; Type: INDEX; Schema: public; Owner: weberp_db_user
--

CREATE INDEX locations_taxprovinceid_index ON locations USING btree (taxprovinceid);


--
-- TOC entry 441 (OID 62266)
-- Name: tgt_taxgroupid; Type: INDEX; Schema: public; Owner: weberp_db_user
--

CREATE INDEX tgt_taxgroupid ON taxgrouptaxes USING btree (taxgroupid);


--
-- TOC entry 440 (OID 62267)
-- Name: tgt_taxauthid; Type: INDEX; Schema: public; Owner: weberp_db_user
--

CREATE INDEX tgt_taxauthid ON taxgrouptaxes USING btree (taxauthid);


--
-- TOC entry 375 (OID 62293)
-- Name: cb_taxgroupid; Type: INDEX; Schema: public; Owner: weberp_db_user
--

CREATE INDEX cb_taxgroupid ON custbranch USING btree (taxgroupid);


--
-- TOC entry 444 (OID 62316)
-- Name: idxstt_taxauthid; Type: INDEX; Schema: public; Owner: weberp_db_user
--

CREATE INDEX idxstt_taxauthid ON supptranstaxes USING btree (taxauthid);


--
-- TOC entry 207 (OID 62356)
-- Name: idxstt_taxgroupid; Type: INDEX; Schema: public; Owner: weberp_db_user
--

CREATE INDEX idxstt_taxgroupid ON suppliers USING btree (taxgroupid);


--
-- TOC entry 127 (OID 45335)
-- Name: holdreasons_pkey; Type: CONSTRAINT; Schema: public; Owner: weberp_db_user
--

ALTER TABLE ONLY holdreasons
    ADD CONSTRAINT holdreasons_pkey PRIMARY KEY (reasoncode);


--
-- TOC entry 130 (OID 45337)
-- Name: currencies_pkey; Type: CONSTRAINT; Schema: public; Owner: weberp_db_user
--

ALTER TABLE ONLY currencies
    ADD CONSTRAINT currencies_pkey PRIMARY KEY (currabrev);


--
-- TOC entry 134 (OID 45339)
-- Name: paymentterms_pkey; Type: CONSTRAINT; Schema: public; Owner: weberp_db_user
--

ALTER TABLE ONLY paymentterms
    ADD CONSTRAINT paymentterms_pkey PRIMARY KEY (termsindicator);


--
-- TOC entry 136 (OID 45341)
-- Name: systypes_pkey; Type: CONSTRAINT; Schema: public; Owner: weberp_db_user
--

ALTER TABLE ONLY systypes
    ADD CONSTRAINT systypes_pkey PRIMARY KEY (typeid);


--
-- TOC entry 138 (OID 45343)
-- Name: periods_pkey; Type: CONSTRAINT; Schema: public; Owner: weberp_db_user
--

ALTER TABLE ONLY periods
    ADD CONSTRAINT periods_pkey PRIMARY KEY (periodno);


--
-- TOC entry 139 (OID 45345)
-- Name: accountgroups_pkey; Type: CONSTRAINT; Schema: public; Owner: weberp_db_user
--

ALTER TABLE ONLY accountgroups
    ADD CONSTRAINT accountgroups_pkey PRIMARY KEY (groupname);


--
-- TOC entry 142 (OID 45347)
-- Name: cogsglpostings_pkey; Type: CONSTRAINT; Schema: public; Owner: weberp_db_user
--

ALTER TABLE ONLY cogsglpostings
    ADD CONSTRAINT cogsglpostings_pkey PRIMARY KEY (id);


--
-- TOC entry 148 (OID 45349)
-- Name: chartmaster_pkey; Type: CONSTRAINT; Schema: public; Owner: weberp_db_user
--

ALTER TABLE ONLY chartmaster
    ADD CONSTRAINT chartmaster_pkey PRIMARY KEY (accountcode);


--
-- TOC entry 154 (OID 45351)
-- Name: taxauthorities_pkey; Type: CONSTRAINT; Schema: public; Owner: weberp_db_user
--

ALTER TABLE ONLY taxauthorities
    ADD CONSTRAINT taxauthorities_pkey PRIMARY KEY (taxid);


--
-- TOC entry 155 (OID 45353)
-- Name: companies_pkey; Type: CONSTRAINT; Schema: public; Owner: weberp_db_user
--

ALTER TABLE ONLY companies
    ADD CONSTRAINT companies_pkey PRIMARY KEY (coycode);


--
-- TOC entry 156 (OID 45355)
-- Name: ediitemmapping_pkey; Type: CONSTRAINT; Schema: public; Owner: weberp_db_user
--

ALTER TABLE ONLY ediitemmapping
    ADD CONSTRAINT ediitemmapping_pkey PRIMARY KEY (supporcust, partnercode, stockid);


--
-- TOC entry 161 (OID 45357)
-- Name: edimessageformat_pkey; Type: CONSTRAINT; Schema: public; Owner: weberp_db_user
--

ALTER TABLE ONLY edimessageformat
    ADD CONSTRAINT edimessageformat_pkey PRIMARY KEY (id);


--
-- TOC entry 164 (OID 45359)
-- Name: edi_orders_seg_groups_pkey; Type: CONSTRAINT; Schema: public; Owner: weberp_db_user
--

ALTER TABLE ONLY edi_orders_seg_groups
    ADD CONSTRAINT edi_orders_seg_groups_pkey PRIMARY KEY (seggroupno);


--
-- TOC entry 165 (OID 45361)
-- Name: edi_orders_segs_pkey; Type: CONSTRAINT; Schema: public; Owner: weberp_db_user
--

ALTER TABLE ONLY edi_orders_segs
    ADD CONSTRAINT edi_orders_segs_pkey PRIMARY KEY (id);


--
-- TOC entry 168 (OID 45363)
-- Name: gltrans_pkey; Type: CONSTRAINT; Schema: public; Owner: weberp_db_user
--

ALTER TABLE ONLY gltrans
    ADD CONSTRAINT gltrans_pkey PRIMARY KEY (counterindex);

ALTER TABLE gltrans CLUSTER ON gltrans_pkey;


--
-- TOC entry 177 (OID 45365)
-- Name: locations_pkey; Type: CONSTRAINT; Schema: public; Owner: weberp_db_user
--

ALTER TABLE ONLY locations
    ADD CONSTRAINT locations_pkey PRIMARY KEY (loccode);


--
-- TOC entry 180 (OID 45367)
-- Name: reportheaders_pkey; Type: CONSTRAINT; Schema: public; Owner: weberp_db_user
--

ALTER TABLE ONLY reportheaders
    ADD CONSTRAINT reportheaders_pkey PRIMARY KEY (reportid);


--
-- TOC entry 181 (OID 45369)
-- Name: reportcolumns_pkey; Type: CONSTRAINT; Schema: public; Owner: weberp_db_user
--

ALTER TABLE ONLY reportcolumns
    ADD CONSTRAINT reportcolumns_pkey PRIMARY KEY (reportid, colno);


--
-- TOC entry 191 (OID 45371)
-- Name: salesanalysis_pkey; Type: CONSTRAINT; Schema: public; Owner: weberp_db_user
--

ALTER TABLE ONLY salesanalysis
    ADD CONSTRAINT salesanalysis_pkey PRIMARY KEY (id);


--
-- TOC entry 195 (OID 45373)
-- Name: salesglpostings_pkey; Type: CONSTRAINT; Schema: public; Owner: weberp_db_user
--

ALTER TABLE ONLY salesglpostings
    ADD CONSTRAINT salesglpostings_pkey PRIMARY KEY (id);


--
-- TOC entry 198 (OID 45375)
-- Name: salestypes_pkey; Type: CONSTRAINT; Schema: public; Owner: weberp_db_user
--

ALTER TABLE ONLY salestypes
    ADD CONSTRAINT salestypes_pkey PRIMARY KEY (typeabbrev);


--
-- TOC entry 199 (OID 45377)
-- Name: discountmatrix_pkey; Type: CONSTRAINT; Schema: public; Owner: weberp_db_user
--

ALTER TABLE ONLY discountmatrix
    ADD CONSTRAINT discountmatrix_pkey PRIMARY KEY (salestype, discountcategory, quantitybreak);


--
-- TOC entry 203 (OID 45379)
-- Name: salesman_pkey; Type: CONSTRAINT; Schema: public; Owner: weberp_db_user
--

ALTER TABLE ONLY salesman
    ADD CONSTRAINT salesman_pkey PRIMARY KEY (salesmancode);


--
-- TOC entry 210 (OID 45383)
-- Name: suppliers_pkey; Type: CONSTRAINT; Schema: public; Owner: weberp_db_user
--

ALTER TABLE ONLY suppliers
    ADD CONSTRAINT suppliers_pkey PRIMARY KEY (supplierid);


--
-- TOC entry 215 (OID 45385)
-- Name: shipments_pkey; Type: CONSTRAINT; Schema: public; Owner: weberp_db_user
--

ALTER TABLE ONLY shipments
    ADD CONSTRAINT shipments_pkey PRIMARY KEY (shiptref);


--
-- TOC entry 220 (OID 45387)
-- Name: shipmentcharges_pkey; Type: CONSTRAINT; Schema: public; Owner: weberp_db_user
--

ALTER TABLE ONLY shipmentcharges
    ADD CONSTRAINT shipmentcharges_pkey PRIMARY KEY (shiptchgid);


--
-- TOC entry 221 (OID 45389)
-- Name: shippers_pkey; Type: CONSTRAINT; Schema: public; Owner: weberp_db_user
--

ALTER TABLE ONLY shippers
    ADD CONSTRAINT shippers_pkey PRIMARY KEY (shipper_id);


--
-- TOC entry 222 (OID 45391)
-- Name: freightcosts_pkey; Type: CONSTRAINT; Schema: public; Owner: weberp_db_user
--

ALTER TABLE ONLY freightcosts
    ADD CONSTRAINT freightcosts_pkey PRIMARY KEY (shipcostfromid);


--
-- TOC entry 229 (OID 45393)
-- Name: stockcategory_pkey; Type: CONSTRAINT; Schema: public; Owner: weberp_db_user
--

ALTER TABLE ONLY stockcategory
    ADD CONSTRAINT stockcategory_pkey PRIMARY KEY (categoryid);


--
-- TOC entry 237 (OID 45395)
-- Name: stockmaster_pkey; Type: CONSTRAINT; Schema: public; Owner: weberp_db_user
--

ALTER TABLE ONLY stockmaster
    ADD CONSTRAINT stockmaster_pkey PRIMARY KEY (stockid);


--
-- TOC entry 240 (OID 45397)
-- Name: stockcounts_pkey; Type: CONSTRAINT; Schema: public; Owner: weberp_db_user
--

ALTER TABLE ONLY stockcounts
    ADD CONSTRAINT stockcounts_pkey PRIMARY KEY (id);


--
-- TOC entry 242 (OID 45399)
-- Name: stockcheckfreeze_pkey; Type: CONSTRAINT; Schema: public; Owner: weberp_db_user
--

ALTER TABLE ONLY stockcheckfreeze
    ADD CONSTRAINT stockcheckfreeze_pkey PRIMARY KEY (stockid);


--
-- TOC entry 247 (OID 45401)
-- Name: prices_pkey; Type: CONSTRAINT; Schema: public; Owner: weberp_db_user
--

ALTER TABLE ONLY prices
    ADD CONSTRAINT prices_pkey PRIMARY KEY (stockid, typeabbrev, currabrev, debtorno);


--
-- TOC entry 251 (OID 45403)
-- Name: purchdata_pkey; Type: CONSTRAINT; Schema: public; Owner: weberp_db_user
--

ALTER TABLE ONLY purchdata
    ADD CONSTRAINT purchdata_pkey PRIMARY KEY (supplierno, stockid);


--
-- TOC entry 253 (OID 45405)
-- Name: locstock_pkey; Type: CONSTRAINT; Schema: public; Owner: weberp_db_user
--

ALTER TABLE ONLY locstock
    ADD CONSTRAINT locstock_pkey PRIMARY KEY (loccode, stockid);


--
-- TOC entry 268 (OID 45407)
-- Name: stockmoves_pkey; Type: CONSTRAINT; Schema: public; Owner: weberp_db_user
--

ALTER TABLE ONLY stockmoves
    ADD CONSTRAINT stockmoves_pkey PRIMARY KEY (stkmoveno);


--
-- TOC entry 271 (OID 45409)
-- Name: stockserialitems_pkey; Type: CONSTRAINT; Schema: public; Owner: weberp_db_user
--

ALTER TABLE ONLY stockserialitems
    ADD CONSTRAINT stockserialitems_pkey PRIMARY KEY (stockid, serialno, loccode);


--
-- TOC entry 274 (OID 45411)
-- Name: stockserialmoves_pkey; Type: CONSTRAINT; Schema: public; Owner: weberp_db_user
--

ALTER TABLE ONLY stockserialmoves
    ADD CONSTRAINT stockserialmoves_pkey PRIMARY KEY (stkitmmoveno);


--
-- TOC entry 284 (OID 45413)
-- Name: supptrans_pkey; Type: CONSTRAINT; Schema: public; Owner: weberp_db_user
--

ALTER TABLE ONLY supptrans
    ADD CONSTRAINT supptrans_pkey PRIMARY KEY (id);


--
-- TOC entry 289 (OID 45415)
-- Name: suppallocs_pkey; Type: CONSTRAINT; Schema: public; Owner: weberp_db_user
--

ALTER TABLE ONLY suppallocs
    ADD CONSTRAINT suppallocs_pkey PRIMARY KEY (id);


--
-- TOC entry 292 (OID 45417)
-- Name: suppliercontacts_pkey; Type: CONSTRAINT; Schema: public; Owner: weberp_db_user
--

ALTER TABLE ONLY suppliercontacts
    ADD CONSTRAINT suppliercontacts_pkey PRIMARY KEY (supplierid, contact);


--
-- TOC entry 297 (OID 45419)
-- Name: purchorders_pkey; Type: CONSTRAINT; Schema: public; Owner: weberp_db_user
--

ALTER TABLE ONLY purchorders
    ADD CONSTRAINT purchorders_pkey PRIMARY KEY (orderno);


--
-- TOC entry 305 (OID 45421)
-- Name: purchorderdetails_pkey; Type: CONSTRAINT; Schema: public; Owner: weberp_db_user
--

ALTER TABLE ONLY purchorderdetails
    ADD CONSTRAINT purchorderdetails_pkey PRIMARY KEY (podetailitem);


--
-- TOC entry 306 (OID 45423)
-- Name: grns_pkey; Type: CONSTRAINT; Schema: public; Owner: weberp_db_user
--

ALTER TABLE ONLY grns
    ADD CONSTRAINT grns_pkey PRIMARY KEY (grnno);


--
-- TOC entry 314 (OID 45425)
-- Name: taxauthlevels_pkey; Type: CONSTRAINT; Schema: public; Owner: weberp_db_user
--

ALTER TABLE ONLY taxauthrates
    ADD CONSTRAINT taxauthlevels_pkey PRIMARY KEY (taxauthority, dispatchtaxprovince, taxcatid);


--
-- TOC entry 317 (OID 45427)
-- Name: www_users_pkey; Type: CONSTRAINT; Schema: public; Owner: weberp_db_user
--

ALTER TABLE ONLY www_users
    ADD CONSTRAINT www_users_pkey PRIMARY KEY (userid);


--
-- TOC entry 320 (OID 45429)
-- Name: workcentres_pkey; Type: CONSTRAINT; Schema: public; Owner: weberp_db_user
--

ALTER TABLE ONLY workcentres
    ADD CONSTRAINT workcentres_pkey PRIMARY KEY (code);


--
-- TOC entry 326 (OID 45431)
-- Name: worksorders_pkey; Type: CONSTRAINT; Schema: public; Owner: weberp_db_user
--

ALTER TABLE ONLY worksorders
    ADD CONSTRAINT worksorders_pkey PRIMARY KEY (woref);


--
-- TOC entry 338 (OID 45433)
-- Name: worequirements_pkey; Type: CONSTRAINT; Schema: public; Owner: weberp_db_user
--

ALTER TABLE ONLY worequirements
    ADD CONSTRAINT worequirements_pkey PRIMARY KEY (id);


--
-- TOC entry 339 (OID 45435)
-- Name: bom_pkey; Type: CONSTRAINT; Schema: public; Owner: weberp_db_user
--

ALTER TABLE ONLY bom
    ADD CONSTRAINT bom_pkey PRIMARY KEY (parent, component, workcentreadded, loccode);


--
-- TOC entry 347 (OID 45437)
-- Name: bankaccounts_pkey; Type: CONSTRAINT; Schema: public; Owner: weberp_db_user
--

ALTER TABLE ONLY bankaccounts
    ADD CONSTRAINT bankaccounts_pkey PRIMARY KEY (accountcode);


--
-- TOC entry 350 (OID 45439)
-- Name: banktrans_pkey; Type: CONSTRAINT; Schema: public; Owner: weberp_db_user
--

ALTER TABLE ONLY banktrans
    ADD CONSTRAINT banktrans_pkey PRIMARY KEY (banktransid);


--
-- TOC entry 356 (OID 45441)
-- Name: buckets_pkey; Type: CONSTRAINT; Schema: public; Owner: weberp_db_user
--

ALTER TABLE ONLY buckets
    ADD CONSTRAINT buckets_pkey PRIMARY KEY (workcentre, availdate);


--
-- TOC entry 359 (OID 45443)
-- Name: chartdetails_pkey; Type: CONSTRAINT; Schema: public; Owner: weberp_db_user
--

ALTER TABLE ONLY chartdetails
    ADD CONSTRAINT chartdetails_pkey PRIMARY KEY (accountcode, period);


--
-- TOC entry 361 (OID 45445)
-- Name: contractbom_pkey; Type: CONSTRAINT; Schema: public; Owner: weberp_db_user
--

ALTER TABLE ONLY contractbom
    ADD CONSTRAINT contractbom_pkey PRIMARY KEY (contractref, component, workcentreadded, loccode);


--
-- TOC entry 367 (OID 45447)
-- Name: debtorsmaster_pkey; Type: CONSTRAINT; Schema: public; Owner: weberp_db_user
--

ALTER TABLE ONLY debtorsmaster
    ADD CONSTRAINT debtorsmaster_pkey PRIMARY KEY (debtorno);


--
-- TOC entry 376 (OID 45449)
-- Name: custbranch_pkey; Type: CONSTRAINT; Schema: public; Owner: weberp_db_user
--

ALTER TABLE ONLY custbranch
    ADD CONSTRAINT custbranch_pkey PRIMARY KEY (branchcode, debtorno);


--
-- TOC entry 384 (OID 45451)
-- Name: contracts_pkey; Type: CONSTRAINT; Schema: public; Owner: weberp_db_user
--

ALTER TABLE ONLY contracts
    ADD CONSTRAINT contracts_pkey PRIMARY KEY (contractref);


--
-- TOC entry 391 (OID 45453)
-- Name: contractreqts_pkey; Type: CONSTRAINT; Schema: public; Owner: weberp_db_user
--

ALTER TABLE ONLY contractreqts
    ADD CONSTRAINT contractreqts_pkey PRIMARY KEY (contractreqid);


--
-- TOC entry 399 (OID 45455)
-- Name: salesorders_pkey; Type: CONSTRAINT; Schema: public; Owner: weberp_db_user
--

ALTER TABLE ONLY salesorders
    ADD CONSTRAINT salesorders_pkey PRIMARY KEY (orderno);


--
-- TOC entry 404 (OID 45457)
-- Name: orderdeliverydifferenceslog_pkey; Type: CONSTRAINT; Schema: public; Owner: weberp_db_user
--

ALTER TABLE ONLY orderdeliverydifferenceslog
    ADD CONSTRAINT orderdeliverydifferenceslog_pkey PRIMARY KEY (orderno, invoiceno, stockid);


--
-- TOC entry 408 (OID 45459)
-- Name: salesorderdetails_pkey; Type: CONSTRAINT; Schema: public; Owner: weberp_db_user
--

ALTER TABLE ONLY salesorderdetails
    ADD CONSTRAINT salesorderdetails_pkey PRIMARY KEY (orderno, stkcode);


--
-- TOC entry 409 (OID 45461)
-- Name: debtortrans_pkey; Type: CONSTRAINT; Schema: public; Owner: weberp_db_user
--

ALTER TABLE ONLY debtortrans
    ADD CONSTRAINT debtortrans_pkey PRIMARY KEY (id);


--
-- TOC entry 420 (OID 45463)
-- Name: custallocns_pkey; Type: CONSTRAINT; Schema: public; Owner: weberp_db_user
--

ALTER TABLE ONLY custallocns
    ADD CONSTRAINT custallocns_pkey PRIMARY KEY (id);


--
-- TOC entry 424 (OID 45465)
-- Name: areas_pkey; Type: CONSTRAINT; Schema: public; Owner: weberp_db_user
--

ALTER TABLE ONLY areas
    ADD CONSTRAINT areas_pkey PRIMARY KEY (areacode);


--
-- TOC entry 425 (OID 45467)
-- Name: recurringsalesorders_pkey; Type: CONSTRAINT; Schema: public; Owner: weberp_db_user
--

ALTER TABLE ONLY recurringsalesorders
    ADD CONSTRAINT recurringsalesorders_pkey PRIMARY KEY (recurrorderno);


--
-- TOC entry 426 (OID 45469)
-- Name: recurrsalesorderdetails_pkey; Type: CONSTRAINT; Schema: public; Owner: weberp_db_user
--

ALTER TABLE ONLY recurrsalesorderdetails
    ADD CONSTRAINT recurrsalesorderdetails_pkey PRIMARY KEY (recurrorderno, stkcode);


--
-- TOC entry 427 (OID 45471)
-- Name: accountsection_pkey; Type: CONSTRAINT; Schema: public; Owner: weberp_db_user
--

ALTER TABLE ONLY accountsection
    ADD CONSTRAINT accountsection_pkey PRIMARY KEY (sectionid);


--
-- TOC entry 428 (OID 45473)
-- Name: securityheadings_pkey; Type: CONSTRAINT; Schema: public; Owner: weberp_db_user
--

ALTER TABLE ONLY securityroles
    ADD CONSTRAINT securityheadings_pkey PRIMARY KEY (secroleid);


--
-- TOC entry 429 (OID 45475)
-- Name: securitytokens_pkey; Type: CONSTRAINT; Schema: public; Owner: weberp_db_user
--

ALTER TABLE ONLY securitytokens
    ADD CONSTRAINT securitytokens_pkey PRIMARY KEY (tokenid);


--
-- TOC entry 430 (OID 45477)
-- Name: securitygroups_pkey; Type: CONSTRAINT; Schema: public; Owner: weberp_db_user
--

ALTER TABLE ONLY securitygroups
    ADD CONSTRAINT securitygroups_pkey PRIMARY KEY (secroleid, tokenid);


--
-- TOC entry 431 (OID 45479)
-- Name: paymentmethods_pkey; Type: CONSTRAINT; Schema: public; Owner: weberp_db_user
--

ALTER TABLE ONLY paymentmethods
    ADD CONSTRAINT paymentmethods_pkey PRIMARY KEY (paymentname);


--
-- TOC entry 432 (OID 45481)
-- Name: unitsofmeasure_pkey; Type: CONSTRAINT; Schema: public; Owner: weberp_db_user
--

ALTER TABLE ONLY unitsofmeasure
    ADD CONSTRAINT unitsofmeasure_pkey PRIMARY KEY (unitname);


--
-- TOC entry 433 (OID 45483)
-- Name: config_pkey; Type: CONSTRAINT; Schema: public; Owner: weberp_db_user
--

ALTER TABLE ONLY config
    ADD CONSTRAINT config_pkey PRIMARY KEY (confname);


--
-- TOC entry 434 (OID 45978)
-- Name: salescat_pkey; Type: CONSTRAINT; Schema: public; Owner: weberp_db_user
--

ALTER TABLE ONLY salescat
    ADD CONSTRAINT salescat_pkey PRIMARY KEY (salescatid);


--
-- TOC entry 436 (OID 62222)
-- Name: taxcategories_pkey; Type: CONSTRAINT; Schema: public; Owner: weberp_db_user
--

ALTER TABLE ONLY taxcategories
    ADD CONSTRAINT taxcategories_pkey PRIMARY KEY (taxcatid);


--
-- TOC entry 437 (OID 62238)
-- Name: taxprovinces_pkey; Type: CONSTRAINT; Schema: public; Owner: weberp_db_user
--

ALTER TABLE ONLY taxprovinces
    ADD CONSTRAINT taxprovinces_pkey PRIMARY KEY (taxprovinceid);


--
-- TOC entry 438 (OID 62251)
-- Name: taxgroups_pkey; Type: CONSTRAINT; Schema: public; Owner: weberp_db_user
--

ALTER TABLE ONLY taxgroups
    ADD CONSTRAINT taxgroups_pkey PRIMARY KEY (taxgroupid);


--
-- TOC entry 439 (OID 62256)
-- Name: taxgrouptaxes_pkey; Type: CONSTRAINT; Schema: public; Owner: weberp_db_user
--

ALTER TABLE ONLY taxgrouptaxes
    ADD CONSTRAINT taxgrouptaxes_pkey PRIMARY KEY (taxgroupid, taxauthid);


--
-- TOC entry 442 (OID 62272)
-- Name: stockmovestaxes_pkey; Type: CONSTRAINT; Schema: public; Owner: weberp_db_user
--

ALTER TABLE ONLY stockmovestaxes
    ADD CONSTRAINT stockmovestaxes_pkey PRIMARY KEY (stkmoveno, taxauthid);


--
-- TOC entry 443 (OID 62282)
-- Name: debtortranstaxes_pkey; Type: CONSTRAINT; Schema: public; Owner: weberp_db_user
--

ALTER TABLE ONLY debtortranstaxes
    ADD CONSTRAINT debtortranstaxes_pkey PRIMARY KEY (debtortransid, taxauthid);


--
-- TOC entry 445 (OID 62306)
-- Name: supptranstaxes_pkey; Type: CONSTRAINT; Schema: public; Owner: weberp_db_user
--

ALTER TABLE ONLY supptranstaxes
    ADD CONSTRAINT supptranstaxes_pkey PRIMARY KEY (supptransid, taxauthid);


--
-- TOC entry 584 (OID 45485)
-- Name: cnt001254; Type: FK CONSTRAINT; Schema: public; Owner: weberp_db_user
--

ALTER TABLE ONLY chartmaster
    ADD CONSTRAINT cnt001254 FOREIGN KEY (group_) REFERENCES accountgroups(groupname);


--
-- TOC entry 586 (OID 45489)
-- Name: cnt001389; Type: FK CONSTRAINT; Schema: public; Owner: weberp_db_user
--

ALTER TABLE ONLY taxauthorities
    ADD CONSTRAINT cnt001389 FOREIGN KEY (taxglcode) REFERENCES chartmaster(accountcode);


--
-- TOC entry 585 (OID 45493)
-- Name: cnt001390; Type: FK CONSTRAINT; Schema: public; Owner: weberp_db_user
--

ALTER TABLE ONLY taxauthorities
    ADD CONSTRAINT cnt001390 FOREIGN KEY (purchtaxglaccount) REFERENCES chartmaster(accountcode);


--
-- TOC entry 587 (OID 45497)
-- Name: cnt001296; Type: FK CONSTRAINT; Schema: public; Owner: weberp_db_user
--

ALTER TABLE ONLY gltrans
    ADD CONSTRAINT cnt001296 FOREIGN KEY (account) REFERENCES chartmaster(accountcode);


--
-- TOC entry 588 (OID 45501)
-- Name: cnt001297; Type: FK CONSTRAINT; Schema: public; Owner: weberp_db_user
--

ALTER TABLE ONLY gltrans
    ADD CONSTRAINT cnt001297 FOREIGN KEY ("type") REFERENCES systypes(typeid);


--
-- TOC entry 589 (OID 45505)
-- Name: cnt001298; Type: FK CONSTRAINT; Schema: public; Owner: weberp_db_user
--

ALTER TABLE ONLY gltrans
    ADD CONSTRAINT cnt001298 FOREIGN KEY (periodno) REFERENCES periods(periodno);


--
-- TOC entry 591 (OID 45509)
-- Name: cnt001331; Type: FK CONSTRAINT; Schema: public; Owner: weberp_db_user
--

ALTER TABLE ONLY reportcolumns
    ADD CONSTRAINT cnt001331 FOREIGN KEY (reportid) REFERENCES reportheaders(reportid);


--
-- TOC entry 592 (OID 45513)
-- Name: cnt001334; Type: FK CONSTRAINT; Schema: public; Owner: weberp_db_user
--

ALTER TABLE ONLY salesanalysis
    ADD CONSTRAINT cnt001334 FOREIGN KEY (periodno) REFERENCES periods(periodno);


--
-- TOC entry 593 (OID 45517)
-- Name: cnt001287; Type: FK CONSTRAINT; Schema: public; Owner: weberp_db_user
--

ALTER TABLE ONLY discountmatrix
    ADD CONSTRAINT cnt001287 FOREIGN KEY (salestype) REFERENCES salestypes(typeabbrev);


--
-- TOC entry 594 (OID 45521)
-- Name: cnt001381; Type: FK CONSTRAINT; Schema: public; Owner: weberp_db_user
--

ALTER TABLE ONLY suppliers
    ADD CONSTRAINT cnt001381 FOREIGN KEY (currcode) REFERENCES currencies(currabrev);


--
-- TOC entry 595 (OID 45525)
-- Name: cnt001382; Type: FK CONSTRAINT; Schema: public; Owner: weberp_db_user
--

ALTER TABLE ONLY suppliers
    ADD CONSTRAINT cnt001382 FOREIGN KEY (paymentterms) REFERENCES paymentterms(termsindicator);


--
-- TOC entry 597 (OID 45533)
-- Name: cnt001350; Type: FK CONSTRAINT; Schema: public; Owner: weberp_db_user
--

ALTER TABLE ONLY shipments
    ADD CONSTRAINT cnt001350 FOREIGN KEY (supplierid) REFERENCES suppliers(supplierid);


--
-- TOC entry 599 (OID 45537)
-- Name: cnt001347; Type: FK CONSTRAINT; Schema: public; Owner: weberp_db_user
--

ALTER TABLE ONLY shipmentcharges
    ADD CONSTRAINT cnt001347 FOREIGN KEY (shiptref) REFERENCES shipments(shiptref);


--
-- TOC entry 598 (OID 45541)
-- Name: cnt001348; Type: FK CONSTRAINT; Schema: public; Owner: weberp_db_user
--

ALTER TABLE ONLY shipmentcharges
    ADD CONSTRAINT cnt001348 FOREIGN KEY (transtype) REFERENCES systypes(typeid);


--
-- TOC entry 601 (OID 45545)
-- Name: cnt001293; Type: FK CONSTRAINT; Schema: public; Owner: weberp_db_user
--

ALTER TABLE ONLY freightcosts
    ADD CONSTRAINT cnt001293 FOREIGN KEY (locationfrom) REFERENCES locations(loccode);


--
-- TOC entry 600 (OID 45549)
-- Name: cnt001294; Type: FK CONSTRAINT; Schema: public; Owner: weberp_db_user
--

ALTER TABLE ONLY freightcosts
    ADD CONSTRAINT cnt001294 FOREIGN KEY (shipperid) REFERENCES shippers(shipper_id);


--
-- TOC entry 602 (OID 45553)
-- Name: cnt001360; Type: FK CONSTRAINT; Schema: public; Owner: weberp_db_user
--

ALTER TABLE ONLY stockmaster
    ADD CONSTRAINT cnt001360 FOREIGN KEY (categoryid) REFERENCES stockcategory(categoryid);


--
-- TOC entry 604 (OID 45557)
-- Name: cnt001357; Type: FK CONSTRAINT; Schema: public; Owner: weberp_db_user
--

ALTER TABLE ONLY stockcounts
    ADD CONSTRAINT cnt001357 FOREIGN KEY (stockid) REFERENCES stockmaster(stockid);


--
-- TOC entry 603 (OID 45561)
-- Name: cnt001358; Type: FK CONSTRAINT; Schema: public; Owner: weberp_db_user
--

ALTER TABLE ONLY stockcounts
    ADD CONSTRAINT cnt001358 FOREIGN KEY (loccode) REFERENCES locations(loccode);


--
-- TOC entry 606 (OID 45565)
-- Name: cnt001354; Type: FK CONSTRAINT; Schema: public; Owner: weberp_db_user
--

ALTER TABLE ONLY stockcheckfreeze
    ADD CONSTRAINT cnt001354 FOREIGN KEY (stockid) REFERENCES stockmaster(stockid);


--
-- TOC entry 605 (OID 45569)
-- Name: cnt001355; Type: FK CONSTRAINT; Schema: public; Owner: weberp_db_user
--

ALTER TABLE ONLY stockcheckfreeze
    ADD CONSTRAINT cnt001355 FOREIGN KEY (loccode) REFERENCES locations(loccode);


--
-- TOC entry 607 (OID 45573)
-- Name: cnt001319; Type: FK CONSTRAINT; Schema: public; Owner: weberp_db_user
--

ALTER TABLE ONLY prices
    ADD CONSTRAINT cnt001319 FOREIGN KEY (stockid) REFERENCES stockmaster(stockid);


--
-- TOC entry 608 (OID 45577)
-- Name: cnt001320; Type: FK CONSTRAINT; Schema: public; Owner: weberp_db_user
--

ALTER TABLE ONLY prices
    ADD CONSTRAINT cnt001320 FOREIGN KEY (currabrev) REFERENCES currencies(currabrev);


--
-- TOC entry 609 (OID 45581)
-- Name: cnt001321; Type: FK CONSTRAINT; Schema: public; Owner: weberp_db_user
--

ALTER TABLE ONLY prices
    ADD CONSTRAINT cnt001321 FOREIGN KEY (typeabbrev) REFERENCES salestypes(typeabbrev);


--
-- TOC entry 611 (OID 45585)
-- Name: cnt001323; Type: FK CONSTRAINT; Schema: public; Owner: weberp_db_user
--

ALTER TABLE ONLY purchdata
    ADD CONSTRAINT cnt001323 FOREIGN KEY (stockid) REFERENCES stockmaster(stockid);


--
-- TOC entry 610 (OID 45589)
-- Name: cnt001324; Type: FK CONSTRAINT; Schema: public; Owner: weberp_db_user
--

ALTER TABLE ONLY purchdata
    ADD CONSTRAINT cnt001324 FOREIGN KEY (supplierno) REFERENCES suppliers(supplierid);


--
-- TOC entry 613 (OID 45593)
-- Name: cnt001305; Type: FK CONSTRAINT; Schema: public; Owner: weberp_db_user
--

ALTER TABLE ONLY locstock
    ADD CONSTRAINT cnt001305 FOREIGN KEY (loccode) REFERENCES locations(loccode);


--
-- TOC entry 612 (OID 45597)
-- Name: cnt001306; Type: FK CONSTRAINT; Schema: public; Owner: weberp_db_user
--

ALTER TABLE ONLY locstock
    ADD CONSTRAINT cnt001306 FOREIGN KEY (stockid) REFERENCES stockmaster(stockid);


--
-- TOC entry 616 (OID 45601)
-- Name: cnt001308; Type: FK CONSTRAINT; Schema: public; Owner: weberp_db_user
--

ALTER TABLE ONLY loctransfers
    ADD CONSTRAINT cnt001308 FOREIGN KEY (shiploc) REFERENCES locations(loccode);


--
-- TOC entry 615 (OID 45605)
-- Name: cnt001309; Type: FK CONSTRAINT; Schema: public; Owner: weberp_db_user
--

ALTER TABLE ONLY loctransfers
    ADD CONSTRAINT cnt001309 FOREIGN KEY (recloc) REFERENCES locations(loccode);


--
-- TOC entry 614 (OID 45609)
-- Name: cnt001310; Type: FK CONSTRAINT; Schema: public; Owner: weberp_db_user
--

ALTER TABLE ONLY loctransfers
    ADD CONSTRAINT cnt001310 FOREIGN KEY (stockid) REFERENCES stockmaster(stockid);


--
-- TOC entry 617 (OID 45613)
-- Name: cnt001362; Type: FK CONSTRAINT; Schema: public; Owner: weberp_db_user
--

ALTER TABLE ONLY stockmoves
    ADD CONSTRAINT cnt001362 FOREIGN KEY (stockid) REFERENCES stockmaster(stockid);


--
-- TOC entry 618 (OID 45617)
-- Name: cnt001363; Type: FK CONSTRAINT; Schema: public; Owner: weberp_db_user
--

ALTER TABLE ONLY stockmoves
    ADD CONSTRAINT cnt001363 FOREIGN KEY ("type") REFERENCES systypes(typeid);


--
-- TOC entry 619 (OID 45621)
-- Name: cnt001364; Type: FK CONSTRAINT; Schema: public; Owner: weberp_db_user
--

ALTER TABLE ONLY stockmoves
    ADD CONSTRAINT cnt001364 FOREIGN KEY (loccode) REFERENCES locations(loccode);


--
-- TOC entry 620 (OID 45625)
-- Name: cnt001365; Type: FK CONSTRAINT; Schema: public; Owner: weberp_db_user
--

ALTER TABLE ONLY stockmoves
    ADD CONSTRAINT cnt001365 FOREIGN KEY (prd) REFERENCES periods(periodno);


--
-- TOC entry 622 (OID 45629)
-- Name: cnt001367; Type: FK CONSTRAINT; Schema: public; Owner: weberp_db_user
--

ALTER TABLE ONLY stockserialitems
    ADD CONSTRAINT cnt001367 FOREIGN KEY (stockid) REFERENCES stockmaster(stockid);


--
-- TOC entry 621 (OID 45633)
-- Name: cnt001368; Type: FK CONSTRAINT; Schema: public; Owner: weberp_db_user
--

ALTER TABLE ONLY stockserialitems
    ADD CONSTRAINT cnt001368 FOREIGN KEY (loccode) REFERENCES locations(loccode);


--
-- TOC entry 623 (OID 45637)
-- Name: cnt001370; Type: FK CONSTRAINT; Schema: public; Owner: weberp_db_user
--

ALTER TABLE ONLY stockserialmoves
    ADD CONSTRAINT cnt001370 FOREIGN KEY (stockmoveno) REFERENCES stockmoves(stkmoveno);


--
-- TOC entry 625 (OID 45641)
-- Name: cnt001376; Type: FK CONSTRAINT; Schema: public; Owner: weberp_db_user
--

ALTER TABLE ONLY supptrans
    ADD CONSTRAINT cnt001376 FOREIGN KEY ("type") REFERENCES systypes(typeid);


--
-- TOC entry 624 (OID 45645)
-- Name: cnt001377; Type: FK CONSTRAINT; Schema: public; Owner: weberp_db_user
--

ALTER TABLE ONLY supptrans
    ADD CONSTRAINT cnt001377 FOREIGN KEY (supplierno) REFERENCES suppliers(supplierid);


--
-- TOC entry 627 (OID 45649)
-- Name: cnt001373; Type: FK CONSTRAINT; Schema: public; Owner: weberp_db_user
--

ALTER TABLE ONLY suppallocs
    ADD CONSTRAINT cnt001373 FOREIGN KEY (transid_allocfrom) REFERENCES supptrans(id);


--
-- TOC entry 626 (OID 45653)
-- Name: cnt001374; Type: FK CONSTRAINT; Schema: public; Owner: weberp_db_user
--

ALTER TABLE ONLY suppallocs
    ADD CONSTRAINT cnt001374 FOREIGN KEY (transid_allocto) REFERENCES supptrans(id);


--
-- TOC entry 628 (OID 45657)
-- Name: cnt001379; Type: FK CONSTRAINT; Schema: public; Owner: weberp_db_user
--

ALTER TABLE ONLY suppliercontacts
    ADD CONSTRAINT cnt001379 FOREIGN KEY (supplierid) REFERENCES suppliers(supplierid);


--
-- TOC entry 630 (OID 45661)
-- Name: cnt001328; Type: FK CONSTRAINT; Schema: public; Owner: weberp_db_user
--

ALTER TABLE ONLY purchorders
    ADD CONSTRAINT cnt001328 FOREIGN KEY (supplierno) REFERENCES suppliers(supplierid);


--
-- TOC entry 629 (OID 45665)
-- Name: cnt001329; Type: FK CONSTRAINT; Schema: public; Owner: weberp_db_user
--

ALTER TABLE ONLY purchorders
    ADD CONSTRAINT cnt001329 FOREIGN KEY (intostocklocation) REFERENCES locations(loccode);


--
-- TOC entry 631 (OID 45669)
-- Name: cnt001326; Type: FK CONSTRAINT; Schema: public; Owner: weberp_db_user
--

ALTER TABLE ONLY purchorderdetails
    ADD CONSTRAINT cnt001326 FOREIGN KEY (orderno) REFERENCES purchorders(orderno);


--
-- TOC entry 633 (OID 45673)
-- Name: cnt001300; Type: FK CONSTRAINT; Schema: public; Owner: weberp_db_user
--

ALTER TABLE ONLY grns
    ADD CONSTRAINT cnt001300 FOREIGN KEY (supplierid) REFERENCES suppliers(supplierid);


--
-- TOC entry 632 (OID 45677)
-- Name: cnt001301; Type: FK CONSTRAINT; Schema: public; Owner: weberp_db_user
--

ALTER TABLE ONLY grns
    ADD CONSTRAINT cnt001301 FOREIGN KEY (podetailitem) REFERENCES purchorderdetails(podetailitem);


--
-- TOC entry 634 (OID 45681)
-- Name: cnt001386; Type: FK CONSTRAINT; Schema: public; Owner: weberp_db_user
--

ALTER TABLE ONLY taxauthrates
    ADD CONSTRAINT cnt001386 FOREIGN KEY (taxauthority) REFERENCES taxauthorities(taxid);


--
-- TOC entry 637 (OID 45689)
-- Name: cnt001400; Type: FK CONSTRAINT; Schema: public; Owner: weberp_db_user
--

ALTER TABLE ONLY www_users
    ADD CONSTRAINT cnt001400 FOREIGN KEY (defaultlocation) REFERENCES locations(loccode);


--
-- TOC entry 638 (OID 45693)
-- Name: cnt001402; Type: FK CONSTRAINT; Schema: public; Owner: weberp_db_user
--

ALTER TABLE ONLY workcentres
    ADD CONSTRAINT cnt001402 FOREIGN KEY ("location") REFERENCES locations(loccode);


--
-- TOC entry 640 (OID 45697)
-- Name: cnt001404; Type: FK CONSTRAINT; Schema: public; Owner: weberp_db_user
--

ALTER TABLE ONLY worksorders
    ADD CONSTRAINT cnt001404 FOREIGN KEY (loccode) REFERENCES locations(loccode);


--
-- TOC entry 639 (OID 45701)
-- Name: cnt001405; Type: FK CONSTRAINT; Schema: public; Owner: weberp_db_user
--

ALTER TABLE ONLY worksorders
    ADD CONSTRAINT cnt001405 FOREIGN KEY (stockid) REFERENCES stockmaster(stockid);


--
-- TOC entry 643 (OID 45705)
-- Name: cnt001392; Type: FK CONSTRAINT; Schema: public; Owner: weberp_db_user
--

ALTER TABLE ONLY woissues
    ADD CONSTRAINT cnt001392 FOREIGN KEY (woref) REFERENCES worksorders(woref);


--
-- TOC entry 642 (OID 45709)
-- Name: cnt001393; Type: FK CONSTRAINT; Schema: public; Owner: weberp_db_user
--

ALTER TABLE ONLY woissues
    ADD CONSTRAINT cnt001393 FOREIGN KEY (stockid) REFERENCES stockmaster(stockid);


--
-- TOC entry 641 (OID 45713)
-- Name: cnt001394; Type: FK CONSTRAINT; Schema: public; Owner: weberp_db_user
--

ALTER TABLE ONLY woissues
    ADD CONSTRAINT cnt001394 FOREIGN KEY (workcentre) REFERENCES workcentres(code);


--
-- TOC entry 644 (OID 45717)
-- Name: cnt001396; Type: FK CONSTRAINT; Schema: public; Owner: weberp_db_user
--

ALTER TABLE ONLY worequirements
    ADD CONSTRAINT cnt001396 FOREIGN KEY (woref) REFERENCES worksorders(woref);


--
-- TOC entry 645 (OID 45721)
-- Name: cnt001397; Type: FK CONSTRAINT; Schema: public; Owner: weberp_db_user
--

ALTER TABLE ONLY worequirements
    ADD CONSTRAINT cnt001397 FOREIGN KEY (stockid) REFERENCES stockmaster(stockid);


--
-- TOC entry 646 (OID 45725)
-- Name: cnt001398; Type: FK CONSTRAINT; Schema: public; Owner: weberp_db_user
--

ALTER TABLE ONLY worequirements
    ADD CONSTRAINT cnt001398 FOREIGN KEY (wrkcentre) REFERENCES workcentres(code);


--
-- TOC entry 647 (OID 45729)
-- Name: cnt001238; Type: FK CONSTRAINT; Schema: public; Owner: weberp_db_user
--

ALTER TABLE ONLY bom
    ADD CONSTRAINT cnt001238 FOREIGN KEY (parent) REFERENCES stockmaster(stockid);


--
-- TOC entry 648 (OID 45733)
-- Name: cnt001239; Type: FK CONSTRAINT; Schema: public; Owner: weberp_db_user
--

ALTER TABLE ONLY bom
    ADD CONSTRAINT cnt001239 FOREIGN KEY (component) REFERENCES stockmaster(stockid);


--
-- TOC entry 649 (OID 45737)
-- Name: cnt001240; Type: FK CONSTRAINT; Schema: public; Owner: weberp_db_user
--

ALTER TABLE ONLY bom
    ADD CONSTRAINT cnt001240 FOREIGN KEY (workcentreadded) REFERENCES workcentres(code);


--
-- TOC entry 650 (OID 45741)
-- Name: cnt001241; Type: FK CONSTRAINT; Schema: public; Owner: weberp_db_user
--

ALTER TABLE ONLY bom
    ADD CONSTRAINT cnt001241 FOREIGN KEY (loccode) REFERENCES locations(loccode);


--
-- TOC entry 651 (OID 45745)
-- Name: cnt001243; Type: FK CONSTRAINT; Schema: public; Owner: weberp_db_user
--

ALTER TABLE ONLY bankaccounts
    ADD CONSTRAINT cnt001243 FOREIGN KEY (accountcode) REFERENCES chartmaster(accountcode);


--
-- TOC entry 653 (OID 45749)
-- Name: cnt001245; Type: FK CONSTRAINT; Schema: public; Owner: weberp_db_user
--

ALTER TABLE ONLY banktrans
    ADD CONSTRAINT cnt001245 FOREIGN KEY ("type") REFERENCES systypes(typeid);


--
-- TOC entry 652 (OID 45753)
-- Name: cnt001246; Type: FK CONSTRAINT; Schema: public; Owner: weberp_db_user
--

ALTER TABLE ONLY banktrans
    ADD CONSTRAINT cnt001246 FOREIGN KEY (bankact) REFERENCES bankaccounts(accountcode);


--
-- TOC entry 654 (OID 45757)
-- Name: cnt001248; Type: FK CONSTRAINT; Schema: public; Owner: weberp_db_user
--

ALTER TABLE ONLY buckets
    ADD CONSTRAINT cnt001248 FOREIGN KEY (workcentre) REFERENCES workcentres(code);


--
-- TOC entry 656 (OID 45761)
-- Name: cnt001251; Type: FK CONSTRAINT; Schema: public; Owner: weberp_db_user
--

ALTER TABLE ONLY chartdetails
    ADD CONSTRAINT cnt001251 FOREIGN KEY (accountcode) REFERENCES chartmaster(accountcode);


--
-- TOC entry 655 (OID 45765)
-- Name: cnt001252; Type: FK CONSTRAINT; Schema: public; Owner: weberp_db_user
--

ALTER TABLE ONLY chartdetails
    ADD CONSTRAINT cnt001252 FOREIGN KEY (period) REFERENCES periods(periodno);


--
-- TOC entry 657 (OID 45769)
-- Name: cnt001257; Type: FK CONSTRAINT; Schema: public; Owner: weberp_db_user
--

ALTER TABLE ONLY contractbom
    ADD CONSTRAINT cnt001257 FOREIGN KEY (workcentreadded) REFERENCES workcentres(code);


--
-- TOC entry 658 (OID 45773)
-- Name: cnt001258; Type: FK CONSTRAINT; Schema: public; Owner: weberp_db_user
--

ALTER TABLE ONLY contractbom
    ADD CONSTRAINT cnt001258 FOREIGN KEY (loccode) REFERENCES locations(loccode);


--
-- TOC entry 659 (OID 45777)
-- Name: cnt001259; Type: FK CONSTRAINT; Schema: public; Owner: weberp_db_user
--

ALTER TABLE ONLY contractbom
    ADD CONSTRAINT cnt001259 FOREIGN KEY (component) REFERENCES stockmaster(stockid);


--
-- TOC entry 660 (OID 45781)
-- Name: cnt001282; Type: FK CONSTRAINT; Schema: public; Owner: weberp_db_user
--

ALTER TABLE ONLY debtorsmaster
    ADD CONSTRAINT cnt001282 FOREIGN KEY (holdreason) REFERENCES holdreasons(reasoncode);


--
-- TOC entry 661 (OID 45785)
-- Name: cnt001283; Type: FK CONSTRAINT; Schema: public; Owner: weberp_db_user
--

ALTER TABLE ONLY debtorsmaster
    ADD CONSTRAINT cnt001283 FOREIGN KEY (currcode) REFERENCES currencies(currabrev);


--
-- TOC entry 662 (OID 45789)
-- Name: cnt001284; Type: FK CONSTRAINT; Schema: public; Owner: weberp_db_user
--

ALTER TABLE ONLY debtorsmaster
    ADD CONSTRAINT cnt001284 FOREIGN KEY (paymentterms) REFERENCES paymentterms(termsindicator);


--
-- TOC entry 663 (OID 45793)
-- Name: cnt001285; Type: FK CONSTRAINT; Schema: public; Owner: weberp_db_user
--

ALTER TABLE ONLY debtorsmaster
    ADD CONSTRAINT cnt001285 FOREIGN KEY (salestype) REFERENCES salestypes(typeabbrev);


--
-- TOC entry 664 (OID 45797)
-- Name: cnt001271; Type: FK CONSTRAINT; Schema: public; Owner: weberp_db_user
--

ALTER TABLE ONLY custbranch
    ADD CONSTRAINT cnt001271 FOREIGN KEY (debtorno) REFERENCES debtorsmaster(debtorno);


--
-- TOC entry 665 (OID 45801)
-- Name: cnt001273; Type: FK CONSTRAINT; Schema: public; Owner: weberp_db_user
--

ALTER TABLE ONLY custbranch
    ADD CONSTRAINT cnt001273 FOREIGN KEY (salesman) REFERENCES salesman(salesmancode);


--
-- TOC entry 666 (OID 45805)
-- Name: cnt001274; Type: FK CONSTRAINT; Schema: public; Owner: weberp_db_user
--

ALTER TABLE ONLY custbranch
    ADD CONSTRAINT cnt001274 FOREIGN KEY (defaultlocation) REFERENCES locations(loccode);


--
-- TOC entry 667 (OID 45813)
-- Name: cnt001276; Type: FK CONSTRAINT; Schema: public; Owner: weberp_db_user
--

ALTER TABLE ONLY custbranch
    ADD CONSTRAINT cnt001276 FOREIGN KEY (defaultshipvia) REFERENCES shippers(shipper_id);


--
-- TOC entry 672 (OID 45817)
-- Name: cnt001263; Type: FK CONSTRAINT; Schema: public; Owner: weberp_db_user
--

ALTER TABLE ONLY contracts
    ADD CONSTRAINT cnt001263 FOREIGN KEY (debtorno, branchcode) REFERENCES custbranch(debtorno, branchcode);


--
-- TOC entry 671 (OID 45821)
-- Name: cnt001264; Type: FK CONSTRAINT; Schema: public; Owner: weberp_db_user
--

ALTER TABLE ONLY contracts
    ADD CONSTRAINT cnt001264 FOREIGN KEY (categoryid) REFERENCES stockcategory(categoryid);


--
-- TOC entry 670 (OID 45825)
-- Name: cnt001265; Type: FK CONSTRAINT; Schema: public; Owner: weberp_db_user
--

ALTER TABLE ONLY contracts
    ADD CONSTRAINT cnt001265 FOREIGN KEY (typeabbrev) REFERENCES salestypes(typeabbrev);


--
-- TOC entry 673 (OID 45829)
-- Name: cnt001261; Type: FK CONSTRAINT; Schema: public; Owner: weberp_db_user
--

ALTER TABLE ONLY contractreqts
    ADD CONSTRAINT cnt001261 FOREIGN KEY (contract) REFERENCES contracts(contractref);


--
-- TOC entry 676 (OID 45833)
-- Name: cnt001340; Type: FK CONSTRAINT; Schema: public; Owner: weberp_db_user
--

ALTER TABLE ONLY salesorders
    ADD CONSTRAINT cnt001340 FOREIGN KEY (branchcode, debtorno) REFERENCES custbranch(branchcode, debtorno);


--
-- TOC entry 675 (OID 45837)
-- Name: cnt001341; Type: FK CONSTRAINT; Schema: public; Owner: weberp_db_user
--

ALTER TABLE ONLY salesorders
    ADD CONSTRAINT cnt001341 FOREIGN KEY (shipvia) REFERENCES shippers(shipper_id);


--
-- TOC entry 674 (OID 45841)
-- Name: cnt001342; Type: FK CONSTRAINT; Schema: public; Owner: weberp_db_user
--

ALTER TABLE ONLY salesorders
    ADD CONSTRAINT cnt001342 FOREIGN KEY (fromstkloc) REFERENCES locations(loccode);


--
-- TOC entry 679 (OID 45845)
-- Name: cnt001313; Type: FK CONSTRAINT; Schema: public; Owner: weberp_db_user
--

ALTER TABLE ONLY orderdeliverydifferenceslog
    ADD CONSTRAINT cnt001313 FOREIGN KEY (stockid) REFERENCES stockmaster(stockid);


--
-- TOC entry 678 (OID 45849)
-- Name: cnt001314; Type: FK CONSTRAINT; Schema: public; Owner: weberp_db_user
--

ALTER TABLE ONLY orderdeliverydifferenceslog
    ADD CONSTRAINT cnt001314 FOREIGN KEY (debtorno, branch) REFERENCES custbranch(debtorno, branchcode);


--
-- TOC entry 677 (OID 45853)
-- Name: cnt001315; Type: FK CONSTRAINT; Schema: public; Owner: weberp_db_user
--

ALTER TABLE ONLY orderdeliverydifferenceslog
    ADD CONSTRAINT cnt001315 FOREIGN KEY (orderno) REFERENCES salesorders(orderno);


--
-- TOC entry 681 (OID 45857)
-- Name: cnt001337; Type: FK CONSTRAINT; Schema: public; Owner: weberp_db_user
--

ALTER TABLE ONLY salesorderdetails
    ADD CONSTRAINT cnt001337 FOREIGN KEY (orderno) REFERENCES salesorders(orderno);


--
-- TOC entry 680 (OID 45861)
-- Name: cnt001338; Type: FK CONSTRAINT; Schema: public; Owner: weberp_db_user
--

ALTER TABLE ONLY salesorderdetails
    ADD CONSTRAINT cnt001338 FOREIGN KEY (stkcode) REFERENCES stockmaster(stockid);


--
-- TOC entry 684 (OID 45865)
-- Name: cnt001278; Type: FK CONSTRAINT; Schema: public; Owner: weberp_db_user
--

ALTER TABLE ONLY debtortrans
    ADD CONSTRAINT cnt001278 FOREIGN KEY (debtorno) REFERENCES debtorsmaster(debtorno);


--
-- TOC entry 683 (OID 45869)
-- Name: cnt001279; Type: FK CONSTRAINT; Schema: public; Owner: weberp_db_user
--

ALTER TABLE ONLY debtortrans
    ADD CONSTRAINT cnt001279 FOREIGN KEY ("type") REFERENCES systypes(typeid);


--
-- TOC entry 682 (OID 45873)
-- Name: cnt001280; Type: FK CONSTRAINT; Schema: public; Owner: weberp_db_user
--

ALTER TABLE ONLY debtortrans
    ADD CONSTRAINT cnt001280 FOREIGN KEY (prd) REFERENCES periods(periodno);


--
-- TOC entry 686 (OID 45877)
-- Name: cnt001268; Type: FK CONSTRAINT; Schema: public; Owner: weberp_db_user
--

ALTER TABLE ONLY custallocns
    ADD CONSTRAINT cnt001268 FOREIGN KEY (transid_allocfrom) REFERENCES debtortrans(id);


--
-- TOC entry 685 (OID 45881)
-- Name: cnt001269; Type: FK CONSTRAINT; Schema: public; Owner: weberp_db_user
--

ALTER TABLE ONLY custallocns
    ADD CONSTRAINT cnt001269 FOREIGN KEY (transid_allocto) REFERENCES debtortrans(id);


--
-- TOC entry 668 (OID 45885)
-- Name: cnt001272; Type: FK CONSTRAINT; Schema: public; Owner: weberp_db_user
--

ALTER TABLE ONLY custbranch
    ADD CONSTRAINT cnt001272 FOREIGN KEY (area) REFERENCES areas(areacode);


--
-- TOC entry 688 (OID 45889)
-- Name: recurrorderno; Type: FK CONSTRAINT; Schema: public; Owner: weberp_db_user
--

ALTER TABLE ONLY recurrsalesorderdetails
    ADD CONSTRAINT recurrorderno FOREIGN KEY (recurrorderno) REFERENCES recurringsalesorders(recurrorderno);


--
-- TOC entry 687 (OID 45893)
-- Name: recurrorderstkcode; Type: FK CONSTRAINT; Schema: public; Owner: weberp_db_user
--

ALTER TABLE ONLY recurrsalesorderdetails
    ADD CONSTRAINT recurrorderstkcode FOREIGN KEY (stkcode) REFERENCES stockmaster(stockid);


--
-- TOC entry 583 (OID 45897)
-- Name: $1; Type: FK CONSTRAINT; Schema: public; Owner: weberp_db_user
--

ALTER TABLE ONLY accountgroups
    ADD CONSTRAINT "$1" FOREIGN KEY (sectioninaccounts) REFERENCES accountsection(sectionid);


--
-- TOC entry 690 (OID 45901)
-- Name: securitygroups_secgroupid_fk; Type: FK CONSTRAINT; Schema: public; Owner: weberp_db_user
--

ALTER TABLE ONLY securitygroups
    ADD CONSTRAINT securitygroups_secgroupid_fk FOREIGN KEY (secroleid) REFERENCES securityroles(secroleid);


--
-- TOC entry 689 (OID 45905)
-- Name: securitygroups_tokenid_fk; Type: FK CONSTRAINT; Schema: public; Owner: weberp_db_user
--

ALTER TABLE ONLY securitygroups
    ADD CONSTRAINT securitygroups_tokenid_fk FOREIGN KEY (tokenid) REFERENCES securitytokens(tokenid);


--
-- TOC entry 692 (OID 45985)
-- Name: $1; Type: FK CONSTRAINT; Schema: public; Owner: weberp_db_user
--

ALTER TABLE ONLY salescatprod
    ADD CONSTRAINT "$1" FOREIGN KEY (salescatid) REFERENCES salescat(salescatid);


--
-- TOC entry 691 (OID 45989)
-- Name: $2; Type: FK CONSTRAINT; Schema: public; Owner: weberp_db_user
--

ALTER TABLE ONLY salescatprod
    ADD CONSTRAINT "$2" FOREIGN KEY (stockid) REFERENCES stockmaster(stockid);


--
-- TOC entry 635 (OID 62229)
-- Name: taxcatid_fk; Type: FK CONSTRAINT; Schema: public; Owner: weberp_db_user
--

ALTER TABLE ONLY taxauthrates
    ADD CONSTRAINT taxcatid_fk FOREIGN KEY (taxcatid) REFERENCES taxcategories(taxcatid);


--
-- TOC entry 590 (OID 62242)
-- Name: taxprovinceid_fk; Type: FK CONSTRAINT; Schema: public; Owner: weberp_db_user
--

ALTER TABLE ONLY locations
    ADD CONSTRAINT taxprovinceid_fk FOREIGN KEY (taxprovinceid) REFERENCES taxprovinces(taxprovinceid);


--
-- TOC entry 694 (OID 62258)
-- Name: $1; Type: FK CONSTRAINT; Schema: public; Owner: weberp_db_user
--

ALTER TABLE ONLY taxgrouptaxes
    ADD CONSTRAINT "$1" FOREIGN KEY (taxgroupid) REFERENCES taxgroups(taxgroupid);


--
-- TOC entry 693 (OID 62262)
-- Name: $2; Type: FK CONSTRAINT; Schema: public; Owner: weberp_db_user
--

ALTER TABLE ONLY taxgrouptaxes
    ADD CONSTRAINT "$2" FOREIGN KEY (taxauthid) REFERENCES taxauthorities(taxid);


--
-- TOC entry 695 (OID 62274)
-- Name: $1; Type: FK CONSTRAINT; Schema: public; Owner: weberp_db_user
--

ALTER TABLE ONLY stockmovestaxes
    ADD CONSTRAINT "$1" FOREIGN KEY (taxauthid) REFERENCES taxauthorities(taxid);


--
-- TOC entry 697 (OID 62284)
-- Name: $1; Type: FK CONSTRAINT; Schema: public; Owner: weberp_db_user
--

ALTER TABLE ONLY debtortranstaxes
    ADD CONSTRAINT "$1" FOREIGN KEY (debtortransid) REFERENCES debtortrans(id);


--
-- TOC entry 696 (OID 62288)
-- Name: $2; Type: FK CONSTRAINT; Schema: public; Owner: weberp_db_user
--

ALTER TABLE ONLY debtortranstaxes
    ADD CONSTRAINT "$2" FOREIGN KEY (taxauthid) REFERENCES taxauthorities(taxid);


--
-- TOC entry 669 (OID 62295)
-- Name: $1; Type: FK CONSTRAINT; Schema: public; Owner: weberp_db_user
--

ALTER TABLE ONLY custbranch
    ADD CONSTRAINT "$1" FOREIGN KEY (taxgroupid) REFERENCES taxgroups(taxgroupid);


--
-- TOC entry 636 (OID 62299)
-- Name: $1; Type: FK CONSTRAINT; Schema: public; Owner: weberp_db_user
--

ALTER TABLE ONLY taxauthrates
    ADD CONSTRAINT "$1" FOREIGN KEY (dispatchtaxprovince) REFERENCES taxprovinces(taxprovinceid);


--
-- TOC entry 699 (OID 62308)
-- Name: $1; Type: FK CONSTRAINT; Schema: public; Owner: weberp_db_user
--

ALTER TABLE ONLY supptranstaxes
    ADD CONSTRAINT "$1" FOREIGN KEY (supptransid) REFERENCES supptrans(id);


--
-- TOC entry 698 (OID 62312)
-- Name: $2; Type: FK CONSTRAINT; Schema: public; Owner: weberp_db_user
--

ALTER TABLE ONLY supptranstaxes
    ADD CONSTRAINT "$2" FOREIGN KEY (taxauthid) REFERENCES taxauthorities(taxid);


--
-- TOC entry 596 (OID 62357)
-- Name: $1; Type: FK CONSTRAINT; Schema: public; Owner: weberp_db_user
--

ALTER TABLE ONLY suppliers
    ADD CONSTRAINT "$1" FOREIGN KEY (taxgroupid) REFERENCES taxgroups(taxgroupid);


--
-- TOC entry 94 (OID 35789)
-- Name: cogsglpostings_id_seq; Type: SEQUENCE SET; Schema: public; Owner: weberp_db_user
--

SELECT pg_catalog.setval('cogsglpostings_id_seq', 4, true);


--
-- TOC entry 95 (OID 35809)
-- Name: taxauthorities_taxid_seq; Type: SEQUENCE SET; Schema: public; Owner: weberp_db_user
--

SELECT pg_catalog.setval('taxauthorities_taxid_seq', 5, true);


--
-- TOC entry 96 (OID 35858)
-- Name: edimessageformat_id_seq; Type: SEQUENCE SET; Schema: public; Owner: weberp_db_user
--

SELECT pg_catalog.setval('edimessageformat_id_seq', 1, false);


--
-- TOC entry 97 (OID 35876)
-- Name: edi_orders_segs_id_seq; Type: SEQUENCE SET; Schema: public; Owner: weberp_db_user
--

SELECT pg_catalog.setval('edi_orders_segs_id_seq', 1, false);


--
-- TOC entry 98 (OID 35887)
-- Name: gltrans_counterindex_seq; Type: SEQUENCE SET; Schema: public; Owner: weberp_db_user
--

SELECT pg_catalog.setval('gltrans_counterindex_seq', 132, true);


--
-- TOC entry 99 (OID 35935)
-- Name: reportheaders_reportid_seq; Type: SEQUENCE SET; Schema: public; Owner: weberp_db_user
--

SELECT pg_catalog.setval('reportheaders_reportid_seq', 1, true);


--
-- TOC entry 100 (OID 35966)
-- Name: salesanalysis_id_seq; Type: SEQUENCE SET; Schema: public; Owner: weberp_db_user
--

SELECT pg_catalog.setval('salesanalysis_id_seq', 26, true);


--
-- TOC entry 101 (OID 35987)
-- Name: salesglpostings_id_seq; Type: SEQUENCE SET; Schema: public; Owner: weberp_db_user
--

SELECT pg_catalog.setval('salesglpostings_id_seq', 6, true);


--
-- TOC entry 102 (OID 36066)
-- Name: shipmentcharges_shiptchgid_seq; Type: SEQUENCE SET; Schema: public; Owner: weberp_db_user
--

SELECT pg_catalog.setval('shipmentcharges_shiptchgid_seq', 1, false);


--
-- TOC entry 103 (OID 36079)
-- Name: shippers_shipper_id_seq; Type: SEQUENCE SET; Schema: public; Owner: weberp_db_user
--

SELECT pg_catalog.setval('shippers_shipper_id_seq', 2, true);


--
-- TOC entry 104 (OID 36089)
-- Name: freightcosts_shipcostfromid_seq; Type: SEQUENCE SET; Schema: public; Owner: weberp_db_user
--

SELECT pg_catalog.setval('freightcosts_shipcostfromid_seq', 1, true);


--
-- TOC entry 105 (OID 36146)
-- Name: stockcounts_id_seq; Type: SEQUENCE SET; Schema: public; Owner: weberp_db_user
--

SELECT pg_catalog.setval('stockcounts_id_seq', 1, false);


--
-- TOC entry 106 (OID 36210)
-- Name: stockmoves_stkmoveno_seq; Type: SEQUENCE SET; Schema: public; Owner: weberp_db_user
--

SELECT pg_catalog.setval('stockmoves_stkmoveno_seq', 64, true);


--
-- TOC entry 107 (OID 36244)
-- Name: stockserialmoves_stkitmmoveno_seq; Type: SEQUENCE SET; Schema: public; Owner: weberp_db_user
--

SELECT pg_catalog.setval('stockserialmoves_stkitmmoveno_seq', 85, true);


--
-- TOC entry 108 (OID 36256)
-- Name: supptrans_id_seq; Type: SEQUENCE SET; Schema: public; Owner: weberp_db_user
--

SELECT pg_catalog.setval('supptrans_id_seq', 4, true);


--
-- TOC entry 109 (OID 36275)
-- Name: suppallocs_id_seq; Type: SEQUENCE SET; Schema: public; Owner: weberp_db_user
--

SELECT pg_catalog.setval('suppallocs_id_seq', 1, true);


--
-- TOC entry 110 (OID 36296)
-- Name: purchorders_orderno_seq; Type: SEQUENCE SET; Schema: public; Owner: weberp_db_user
--

SELECT pg_catalog.setval('purchorders_orderno_seq', 7, true);


--
-- TOC entry 111 (OID 36312)
-- Name: purchorderdetails_podetailitem_seq; Type: SEQUENCE SET; Schema: public; Owner: weberp_db_user
--

SELECT pg_catalog.setval('purchorderdetails_podetailitem_seq', 5, true);


--
-- TOC entry 112 (OID 36333)
-- Name: grns_grnno_seq; Type: SEQUENCE SET; Schema: public; Owner: weberp_db_user
--

SELECT pg_catalog.setval('grns_grnno_seq', 13, true);


--
-- TOC entry 113 (OID 36412)
-- Name: worequirements_id_seq; Type: SEQUENCE SET; Schema: public; Owner: weberp_db_user
--

SELECT pg_catalog.setval('worequirements_id_seq', 1, false);


--
-- TOC entry 114 (OID 36445)
-- Name: banktrans_banktransid_seq; Type: SEQUENCE SET; Schema: public; Owner: weberp_db_user
--

SELECT pg_catalog.setval('banktrans_banktransid_seq', 5, true);


--
-- TOC entry 115 (OID 36564)
-- Name: contractreqts_contractreqid_seq; Type: SEQUENCE SET; Schema: public; Owner: weberp_db_user
--

SELECT pg_catalog.setval('contractreqts_contractreqid_seq', 1, false);


--
-- TOC entry 116 (OID 36576)
-- Name: salesorders_orderno_seq; Type: SEQUENCE SET; Schema: public; Owner: weberp_db_user
--

SELECT pg_catalog.setval('salesorders_orderno_seq', 59, true);


--
-- TOC entry 117 (OID 36622)
-- Name: debtortrans_id_seq; Type: SEQUENCE SET; Schema: public; Owner: weberp_db_user
--

SELECT pg_catalog.setval('debtortrans_id_seq', 41, true);


--
-- TOC entry 118 (OID 36649)
-- Name: custallocns_id_seq; Type: SEQUENCE SET; Schema: public; Owner: weberp_db_user
--

SELECT pg_catalog.setval('custallocns_id_seq', 1, false);


--
-- TOC entry 119 (OID 36713)
-- Name: recurringsalesorders_recurrorderno_seq; Type: SEQUENCE SET; Schema: public; Owner: weberp_db_user
--

SELECT pg_catalog.setval('recurringsalesorders_recurrorderno_seq', 5, true);


--
-- TOC entry 7 (OID 36745)
-- Name: scripts_id_seq; Type: SEQUENCE SET; Schema: public; Owner: weberp_db_user
--

SELECT pg_catalog.setval('scripts_id_seq', 0, false);


--
-- TOC entry 120 (OID 36752)
-- Name: securityroles_secroleid_seq; Type: SEQUENCE SET; Schema: public; Owner: weberp_db_user
--

SELECT pg_catalog.setval('securityroles_secroleid_seq', 1, false);


--
-- TOC entry 121 (OID 36767)
-- Name: paymentmethods_paymentid_seq; Type: SEQUENCE SET; Schema: public; Owner: weberp_db_user
--

SELECT pg_catalog.setval('paymentmethods_paymentid_seq', 4, true);


--
-- TOC entry 122 (OID 36777)
-- Name: unitsofmeasure_unitid_seq; Type: SEQUENCE SET; Schema: public; Owner: weberp_db_user
--

SELECT pg_catalog.setval('unitsofmeasure_unitid_seq', 6, true);


--
-- TOC entry 123 (OID 45970)
-- Name: salescat_salescatid_seq; Type: SEQUENCE SET; Schema: public; Owner: weberp_db_user
--

SELECT pg_catalog.setval('salescat_salescatid_seq', 2, true);


--
-- TOC entry 124 (OID 62217)
-- Name: taxcategories_taxcatid_seq; Type: SEQUENCE SET; Schema: public; Owner: weberp_db_user
--

SELECT pg_catalog.setval('taxcategories_taxcatid_seq', 1, false);


--
-- TOC entry 125 (OID 62233)
-- Name: taxprovinces_taxprovinceid_seq; Type: SEQUENCE SET; Schema: public; Owner: weberp_db_user
--

SELECT pg_catalog.setval('taxprovinces_taxprovinceid_seq', 6, true);


--
-- TOC entry 126 (OID 62246)
-- Name: taxgroups_taxgroupid_seq; Type: SEQUENCE SET; Schema: public; Owner: weberp_db_user
--

SELECT pg_catalog.setval('taxgroups_taxgroupid_seq', 3, true);


SET SESSION AUTHORIZATION 'postgres';

--
-- TOC entry 3 (OID 2200)
-- Name: SCHEMA public; Type: COMMENT; Schema: -; Owner: postgres
--

COMMENT ON SCHEMA public IS 'Standard public schema';


