--
-- PostgreSQL database dump
--

SET client_encoding = 'SQL_ASCII';
SET check_function_bodies = false;

SET SESSION AUTHORIZATION 'postgres';

SET search_path = public, pg_catalog;

--
-- TOC entry 423 (OID 35739)
-- Name: plpgsql_call_handler(); Type: FUNC PROCEDURAL LANGUAGE; Schema: public; Owner: postgres
--

CREATE FUNCTION plpgsql_call_handler() RETURNS language_handler
    AS 'plpgsql.so', 'plpgsql_call_handler'
    LANGUAGE c;


SET SESSION AUTHORIZATION DEFAULT;

--
-- TOC entry 422 (OID 35740)
-- Name: plpgsql; Type: PROCEDURAL LANGUAGE; Schema: public; Owner: 
--

CREATE TRUSTED PROCEDURAL LANGUAGE plpgsql HANDLER plpgsql_call_handler;


SET SESSION AUTHORIZATION 'postgres';

--
-- TOC entry 4 (OID 2200)
-- Name: public; Type: ACL; Schema: -; Owner: postgres
--

REVOKE ALL ON SCHEMA public FROM PUBLIC;
GRANT ALL ON SCHEMA public TO PUBLIC;


SET SESSION AUTHORIZATION 'weberp_db_user';

--
-- TOC entry 5 (OID 35741)
-- Name: pgblob; Type: DOMAIN; Schema: public; Owner: weberp_db_user
--

CREATE DOMAIN pgblob AS text;


--
-- TOC entry 8 (OID 35742)
-- Name: holdreasons; Type: TABLE; Schema: public; Owner: weberp_db_user
--

CREATE TABLE holdreasons (
    reasoncode integer DEFAULT 1 NOT NULL,
    reasondescription text DEFAULT ''::text NOT NULL,
    dissallowinvoices integer DEFAULT -1 NOT NULL
);


--
-- TOC entry 9 (OID 35750)
-- Name: currencies; Type: TABLE; Schema: public; Owner: weberp_db_user
--

CREATE TABLE currencies (
    currency text DEFAULT ''::text NOT NULL,
    currabrev text DEFAULT ''::text NOT NULL,
    country text DEFAULT ''::text NOT NULL,
    hundredsname text DEFAULT 'Cents'::text NOT NULL,
    rate numeric(16,4) DEFAULT 1.0000 NOT NULL
);


--
-- TOC entry 10 (OID 35760)
-- Name: paymentterms; Type: TABLE; Schema: public; Owner: weberp_db_user
--

CREATE TABLE paymentterms (
    termsindicator text DEFAULT ''::text NOT NULL,
    terms text DEFAULT ''::text NOT NULL,
    daysbeforedue integer DEFAULT 0 NOT NULL,
    dayinfollowingmonth integer DEFAULT 0 NOT NULL
);


--
-- TOC entry 11 (OID 35769)
-- Name: systypes; Type: TABLE; Schema: public; Owner: weberp_db_user
--

CREATE TABLE systypes (
    typeid integer DEFAULT 0 NOT NULL,
    typename text DEFAULT ''::text NOT NULL,
    typeno integer DEFAULT 1 NOT NULL
);


--
-- TOC entry 12 (OID 35777)
-- Name: periods; Type: TABLE; Schema: public; Owner: weberp_db_user
--

CREATE TABLE periods (
    periodno integer DEFAULT 0 NOT NULL,
    lastdate_in_period date
);


--
-- TOC entry 13 (OID 35780)
-- Name: accountgroups; Type: TABLE; Schema: public; Owner: weberp_db_user
--

CREATE TABLE accountgroups (
    groupname text DEFAULT ''::text NOT NULL,
    sectioninaccounts integer DEFAULT 0 NOT NULL,
    pandl integer DEFAULT 1 NOT NULL,
    sequenceintb integer DEFAULT 0 NOT NULL
);


--
-- TOC entry 14 (OID 35791)
-- Name: cogsglpostings; Type: TABLE; Schema: public; Owner: weberp_db_user
--

CREATE TABLE cogsglpostings (
    id serial NOT NULL,
    area text DEFAULT ''::text NOT NULL,
    stkcat text DEFAULT ''::text NOT NULL,
    glcode integer DEFAULT 0 NOT NULL,
    salestype text DEFAULT 'AN'::text NOT NULL
);


--
-- TOC entry 15 (OID 35801)
-- Name: chartmaster; Type: TABLE; Schema: public; Owner: weberp_db_user
--

CREATE TABLE chartmaster (
    accountcode integer DEFAULT 0 NOT NULL,
    accountname text DEFAULT ''::text NOT NULL,
    group_ text DEFAULT ''::text NOT NULL
);


--
-- TOC entry 16 (OID 35811)
-- Name: taxauthorities; Type: TABLE; Schema: public; Owner: weberp_db_user
--

CREATE TABLE taxauthorities (
    taxid serial NOT NULL,
    description text DEFAULT ''::text NOT NULL,
    taxglcode integer DEFAULT 0 NOT NULL,
    purchtaxglaccount integer DEFAULT 0 NOT NULL,
    bank text,
    bankacctype text,
    bankacc text,
    bankswift text
);


--
-- TOC entry 17 (OID 35820)
-- Name: companies; Type: TABLE; Schema: public; Owner: weberp_db_user
--

CREATE TABLE companies (
    coycode integer DEFAULT 1 NOT NULL,
    coyname text DEFAULT ''::text NOT NULL,
    gstno text DEFAULT ''::text NOT NULL,
    companynumber text DEFAULT '0'::text NOT NULL,
    postaladdress text DEFAULT ''::text NOT NULL,
    regoffice1 text DEFAULT ''::text NOT NULL,
    regoffice2 text DEFAULT ''::text NOT NULL,
    regoffice3 text DEFAULT ''::text NOT NULL,
    telephone text DEFAULT ''::text NOT NULL,
    fax text DEFAULT ''::text NOT NULL,
    email text DEFAULT ''::text NOT NULL,
    currencydefault text DEFAULT ''::text NOT NULL,
    debtorsact integer DEFAULT 70000 NOT NULL,
    pytdiscountact integer DEFAULT 55000 NOT NULL,
    creditorsact integer DEFAULT 80000 NOT NULL,
    payrollact integer DEFAULT 84000 NOT NULL,
    grnact integer DEFAULT 72000 NOT NULL,
    exchangediffact integer DEFAULT 65000 NOT NULL,
    purchasesexchangediffact integer DEFAULT 0 NOT NULL,
    retainedearnings integer DEFAULT 90000 NOT NULL,
    gllink_debtors integer DEFAULT 1,
    gllink_creditors integer DEFAULT 1,
    gllink_stock integer DEFAULT 1,
    freightact integer DEFAULT 0 NOT NULL
);


--
-- TOC entry 18 (OID 35849)
-- Name: ediitemmapping; Type: TABLE; Schema: public; Owner: weberp_db_user
--

CREATE TABLE ediitemmapping (
    supporcust text DEFAULT ''::text NOT NULL,
    partnercode text DEFAULT ''::text NOT NULL,
    stockid text DEFAULT ''::text NOT NULL,
    partnerstockid text DEFAULT ''::text NOT NULL
);


--
-- TOC entry 19 (OID 35860)
-- Name: edimessageformat; Type: TABLE; Schema: public; Owner: weberp_db_user
--

CREATE TABLE edimessageformat (
    id serial NOT NULL,
    partnercode text DEFAULT ''::text NOT NULL,
    messagetype text DEFAULT ''::text NOT NULL,
    section text DEFAULT ''::text NOT NULL,
    sequenceno integer DEFAULT 0 NOT NULL,
    linetext text DEFAULT ''::text NOT NULL
);


--
-- TOC entry 20 (OID 35871)
-- Name: edi_orders_seg_groups; Type: TABLE; Schema: public; Owner: weberp_db_user
--

CREATE TABLE edi_orders_seg_groups (
    seggroupno integer DEFAULT 0 NOT NULL,
    maxoccur integer DEFAULT 0 NOT NULL,
    parentseggroup integer DEFAULT 0 NOT NULL
);


--
-- TOC entry 21 (OID 35878)
-- Name: edi_orders_segs; Type: TABLE; Schema: public; Owner: weberp_db_user
--

CREATE TABLE edi_orders_segs (
    id serial NOT NULL,
    segtag text DEFAULT ''::text NOT NULL,
    seggroup integer DEFAULT 0 NOT NULL,
    maxoccur integer DEFAULT 0 NOT NULL
);


--
-- TOC entry 22 (OID 35889)
-- Name: gltrans; Type: TABLE; Schema: public; Owner: weberp_db_user
--

CREATE TABLE gltrans (
    counterindex serial NOT NULL,
    "type" integer DEFAULT 0 NOT NULL,
    typeno bigint DEFAULT (1)::bigint NOT NULL,
    chequeno integer DEFAULT 0 NOT NULL,
    trandate date,
    periodno integer DEFAULT 0 NOT NULL,
    account integer DEFAULT 0 NOT NULL,
    narrative text DEFAULT ''::text NOT NULL,
    amount double precision DEFAULT (0)::double precision NOT NULL,
    posted integer DEFAULT 0 NOT NULL,
    jobref text DEFAULT ''::text NOT NULL
);


--
-- TOC entry 23 (OID 35904)
-- Name: lastcostrollup; Type: TABLE; Schema: public; Owner: weberp_db_user
--

CREATE TABLE lastcostrollup (
    stockid text DEFAULT ''::text NOT NULL,
    totalonhand numeric(16,4) DEFAULT 0.0000 NOT NULL,
    matcost numeric(20,4) DEFAULT 0.0000 NOT NULL,
    labcost numeric(20,4) DEFAULT 0.0000 NOT NULL,
    oheadcost numeric(20,4) DEFAULT 0.0000 NOT NULL,
    categoryid text DEFAULT ''::text NOT NULL,
    stockact integer DEFAULT 0 NOT NULL,
    adjglact integer DEFAULT 0 NOT NULL,
    newmatcost numeric(20,4) DEFAULT 0.0000 NOT NULL,
    newlabcost numeric(20,4) DEFAULT 0.0000 NOT NULL,
    newoheadcost numeric(20,4) DEFAULT 0.0000 NOT NULL
);


--
-- TOC entry 24 (OID 35920)
-- Name: locations; Type: TABLE; Schema: public; Owner: weberp_db_user
--

CREATE TABLE locations (
    loccode text DEFAULT ''::text NOT NULL,
    locationname text DEFAULT ''::text NOT NULL,
    deladd1 text DEFAULT ''::text NOT NULL,
    deladd2 text DEFAULT ''::text NOT NULL,
    deladd3 text DEFAULT ''::text NOT NULL,
    tel text DEFAULT ''::text NOT NULL,
    fax text DEFAULT ''::text NOT NULL,
    email text DEFAULT ''::text NOT NULL,
    contact text DEFAULT ''::text NOT NULL,
    taxauthority integer DEFAULT 1 NOT NULL
);


--
-- TOC entry 25 (OID 35937)
-- Name: reportheaders; Type: TABLE; Schema: public; Owner: weberp_db_user
--

CREATE TABLE reportheaders (
    reportid serial NOT NULL,
    reportheading text DEFAULT ''::text NOT NULL,
    groupbydata1 text DEFAULT ''::text NOT NULL,
    newpageafter1 integer DEFAULT 0 NOT NULL,
    lower1 text DEFAULT ''::text NOT NULL,
    upper1 text DEFAULT ''::text NOT NULL,
    groupbydata2 text,
    newpageafter2 integer DEFAULT 0 NOT NULL,
    lower2 text,
    upper2 text,
    groupbydata3 text,
    newpageafter3 integer DEFAULT 0 NOT NULL,
    lower3 text,
    upper3 text,
    groupbydata4 text DEFAULT ''::text NOT NULL,
    newpageafter4 integer DEFAULT 0 NOT NULL,
    upper4 text DEFAULT ''::text NOT NULL,
    lower4 text DEFAULT ''::text NOT NULL
);


--
-- TOC entry 26 (OID 35954)
-- Name: reportcolumns; Type: TABLE; Schema: public; Owner: weberp_db_user
--

CREATE TABLE reportcolumns (
    reportid integer DEFAULT 0 NOT NULL,
    colno integer DEFAULT 0 NOT NULL,
    heading1 text DEFAULT ''::text NOT NULL,
    heading2 text,
    calculation integer DEFAULT 0 NOT NULL,
    periodfrom integer,
    periodto integer,
    datatype text,
    colnumerator integer,
    coldenominator integer,
    calcoperator text,
    budgetoractual integer DEFAULT 0 NOT NULL,
    valformat text DEFAULT 'N'::text NOT NULL,
    constant double precision DEFAULT (0)::double precision NOT NULL
);


--
-- TOC entry 27 (OID 35968)
-- Name: salesanalysis; Type: TABLE; Schema: public; Owner: weberp_db_user
--

CREATE TABLE salesanalysis (
    typeabbrev text DEFAULT ''::text NOT NULL,
    periodno integer DEFAULT 0 NOT NULL,
    amt numeric(16,4) DEFAULT 0.0000 NOT NULL,
    cost numeric(16,4) DEFAULT 0.0000 NOT NULL,
    cust text DEFAULT ''::text NOT NULL,
    custbranch text DEFAULT ''::text NOT NULL,
    qty numeric(16,4) DEFAULT 0.0000 NOT NULL,
    disc numeric(16,4) DEFAULT 0.0000 NOT NULL,
    stockid text DEFAULT ''::text NOT NULL,
    area text DEFAULT ''::text NOT NULL,
    budgetoractual integer DEFAULT 0 NOT NULL,
    salesperson text DEFAULT ''::text NOT NULL,
    stkcategory text DEFAULT ''::text NOT NULL,
    id serial NOT NULL
);


--
-- TOC entry 28 (OID 35989)
-- Name: salesglpostings; Type: TABLE; Schema: public; Owner: weberp_db_user
--

CREATE TABLE salesglpostings (
    id serial NOT NULL,
    area text DEFAULT ''::text NOT NULL,
    stkcat text DEFAULT ''::text NOT NULL,
    discountglcode integer DEFAULT 0 NOT NULL,
    salesglcode integer DEFAULT 0 NOT NULL,
    salestype text DEFAULT 'AN'::text NOT NULL
);


--
-- TOC entry 29 (OID 36000)
-- Name: salestypes; Type: TABLE; Schema: public; Owner: weberp_db_user
--

CREATE TABLE salestypes (
    typeabbrev text DEFAULT ''::text NOT NULL,
    sales_type text DEFAULT ''::text NOT NULL
);


--
-- TOC entry 30 (OID 36007)
-- Name: discountmatrix; Type: TABLE; Schema: public; Owner: weberp_db_user
--

CREATE TABLE discountmatrix (
    salestype text DEFAULT ''::text NOT NULL,
    discountcategory text DEFAULT ''::text NOT NULL,
    quantitybreak integer DEFAULT 1 NOT NULL,
    discountrate numeric(16,4) DEFAULT 0.0000 NOT NULL
);


--
-- TOC entry 31 (OID 36016)
-- Name: salesman; Type: TABLE; Schema: public; Owner: weberp_db_user
--

CREATE TABLE salesman (
    salesmancode text DEFAULT ''::text NOT NULL,
    salesmanname text DEFAULT ''::text NOT NULL,
    smantel text DEFAULT ''::text NOT NULL,
    smanfax text DEFAULT ''::text NOT NULL,
    commissionrate1 numeric(16,4) DEFAULT 0.0000 NOT NULL,
    breakpoint numeric(20,4) DEFAULT 0.0000 NOT NULL,
    commissionrate2 numeric(16,4) DEFAULT 0.0000 NOT NULL
);


--
-- TOC entry 32 (OID 36028)
-- Name: scripts; Type: TABLE; Schema: public; Owner: weberp_db_user
--

CREATE TABLE scripts (
    pageid integer DEFAULT nextval('public.scripts_id_seq'::text) NOT NULL,
    filename text DEFAULT ''::text NOT NULL,
    pagedescription text DEFAULT ''::text NOT NULL
);


--
-- TOC entry 33 (OID 36036)
-- Name: suppliers; Type: TABLE; Schema: public; Owner: weberp_db_user
--

CREATE TABLE suppliers (
    supplierid text DEFAULT ''::text NOT NULL,
    suppname text DEFAULT ''::text NOT NULL,
    address1 text DEFAULT ''::text NOT NULL,
    address2 text DEFAULT ''::text NOT NULL,
    address3 text DEFAULT ''::text NOT NULL,
    address4 text DEFAULT ''::text NOT NULL,
    currcode text DEFAULT ''::text NOT NULL,
    suppliersince date,
    paymentterms text DEFAULT ''::text NOT NULL,
    lastpaid numeric(16,4) DEFAULT 0.0000 NOT NULL,
    lastpaiddate timestamp without time zone,
    bankact text DEFAULT ''::text NOT NULL,
    bankref text DEFAULT ''::text NOT NULL,
    bankpartics text DEFAULT ''::text NOT NULL,
    remittance integer DEFAULT 1 NOT NULL,
    taxauthority integer DEFAULT 1 NOT NULL
);


--
-- TOC entry 34 (OID 36055)
-- Name: shipments; Type: TABLE; Schema: public; Owner: weberp_db_user
--

CREATE TABLE shipments (
    shiptref integer DEFAULT 0 NOT NULL,
    voyageref text DEFAULT '0'::text NOT NULL,
    vessel text DEFAULT ''::text NOT NULL,
    eta timestamp without time zone,
    accumvalue numeric(16,4) DEFAULT 0.0000 NOT NULL,
    supplierid text DEFAULT ''::text NOT NULL,
    closed integer DEFAULT 0 NOT NULL
);


--
-- TOC entry 35 (OID 36068)
-- Name: shipmentcharges; Type: TABLE; Schema: public; Owner: weberp_db_user
--

CREATE TABLE shipmentcharges (
    shiptchgid serial NOT NULL,
    shiptref integer DEFAULT 0 NOT NULL,
    transtype integer DEFAULT 0 NOT NULL,
    transno integer DEFAULT 0 NOT NULL,
    stockid text DEFAULT ''::text NOT NULL,
    value double precision DEFAULT (0)::double precision NOT NULL
);


--
-- TOC entry 36 (OID 36081)
-- Name: shippers; Type: TABLE; Schema: public; Owner: weberp_db_user
--

CREATE TABLE shippers (
    shipper_id serial NOT NULL,
    shippername text DEFAULT ''::text NOT NULL,
    mincharge numeric(16,4) DEFAULT 0.0000 NOT NULL
);


--
-- TOC entry 37 (OID 36091)
-- Name: freightcosts; Type: TABLE; Schema: public; Owner: weberp_db_user
--

CREATE TABLE freightcosts (
    shipcostfromid serial NOT NULL,
    locationfrom text DEFAULT ''::text NOT NULL,
    destination text DEFAULT ''::text NOT NULL,
    shipperid integer DEFAULT 0 NOT NULL,
    cubrate numeric(16,2) DEFAULT 0.00 NOT NULL,
    kgrate numeric(16,2) DEFAULT 0.00 NOT NULL,
    maxkgs numeric(16,2) DEFAULT 999999.00 NOT NULL,
    maxcub numeric(16,2) DEFAULT 999999.00 NOT NULL,
    fixedprice numeric(16,2) DEFAULT 0.00 NOT NULL,
    minimumchg numeric(16,2) DEFAULT 0.00 NOT NULL
);


--
-- TOC entry 38 (OID 36106)
-- Name: stockcategory; Type: TABLE; Schema: public; Owner: weberp_db_user
--

CREATE TABLE stockcategory (
    categoryid text DEFAULT ''::text NOT NULL,
    categorydescription text DEFAULT ''::text NOT NULL,
    stocktype text DEFAULT 'F'::text NOT NULL,
    stockact integer DEFAULT 0 NOT NULL,
    adjglact integer DEFAULT 0 NOT NULL,
    purchpricevaract integer DEFAULT 80000 NOT NULL,
    materialuseagevarac integer DEFAULT 80000 NOT NULL,
    wipact integer DEFAULT 0 NOT NULL
);


--
-- TOC entry 39 (OID 36119)
-- Name: stockmaster; Type: TABLE; Schema: public; Owner: weberp_db_user
--

CREATE TABLE stockmaster (
    stockid text DEFAULT ''::text NOT NULL,
    categoryid text DEFAULT ''::text NOT NULL,
    description text DEFAULT ''::text NOT NULL,
    longdescription text NOT NULL,
    units text DEFAULT 'each'::text NOT NULL,
    mbflag text DEFAULT 'B'::text NOT NULL,
    lastcurcostdate date DEFAULT '1800-01-01'::date NOT NULL,
    actualcost numeric(20,4) DEFAULT 0.0000 NOT NULL,
    lastcost numeric(20,4) DEFAULT 0.0000 NOT NULL,
    materialcost numeric(20,4) DEFAULT 0.0000 NOT NULL,
    labourcost numeric(20,4) DEFAULT 0.0000 NOT NULL,
    overheadcost numeric(20,4) DEFAULT 0.0000 NOT NULL,
    lowestlevel integer DEFAULT 0 NOT NULL,
    discontinued integer DEFAULT 0 NOT NULL,
    controlled integer DEFAULT 0 NOT NULL,
    eoq numeric(10,2) DEFAULT 0.00 NOT NULL,
    volume numeric(20,4) DEFAULT 0.0000 NOT NULL,
    kgs numeric(20,4) DEFAULT 0.0000 NOT NULL,
    barcode text DEFAULT ''::text NOT NULL,
    discountcategory text DEFAULT ''::text NOT NULL,
    taxlevel integer DEFAULT 1 NOT NULL,
    serialised integer DEFAULT 0 NOT NULL,
    decimalplaces integer DEFAULT 0 NOT NULL
);


--
-- TOC entry 40 (OID 36148)
-- Name: stockcounts; Type: TABLE; Schema: public; Owner: weberp_db_user
--

CREATE TABLE stockcounts (
    id serial NOT NULL,
    stockid text DEFAULT ''::text NOT NULL,
    loccode text DEFAULT ''::text NOT NULL,
    qtycounted double precision DEFAULT (0)::double precision NOT NULL,
    reference text DEFAULT ''::text NOT NULL
);


--
-- TOC entry 41 (OID 36158)
-- Name: stockcheckfreeze; Type: TABLE; Schema: public; Owner: weberp_db_user
--

CREATE TABLE stockcheckfreeze (
    stockid text DEFAULT ''::text NOT NULL,
    loccode text DEFAULT ''::text NOT NULL,
    qoh double precision DEFAULT (0)::double precision NOT NULL
);


--
-- TOC entry 42 (OID 36166)
-- Name: prices; Type: TABLE; Schema: public; Owner: weberp_db_user
--

CREATE TABLE prices (
    stockid text DEFAULT ''::text NOT NULL,
    typeabbrev text DEFAULT ''::text NOT NULL,
    currabrev text DEFAULT ''::text NOT NULL,
    debtorno text DEFAULT ''::text NOT NULL,
    price numeric(20,4) DEFAULT 0.0000 NOT NULL,
    branchcode text DEFAULT ''::text NOT NULL
);


--
-- TOC entry 43 (OID 36177)
-- Name: purchdata; Type: TABLE; Schema: public; Owner: weberp_db_user
--

CREATE TABLE purchdata (
    supplierno text DEFAULT ''::text NOT NULL,
    stockid text DEFAULT ''::text NOT NULL,
    price numeric(20,4) DEFAULT 0.0000 NOT NULL,
    suppliersuom text DEFAULT ''::text NOT NULL,
    conversionfactor numeric(16,4) DEFAULT 1.0000 NOT NULL,
    supplierdescription text DEFAULT ''::text NOT NULL,
    leadtime integer DEFAULT 1 NOT NULL,
    preferred integer DEFAULT 0 NOT NULL
);


--
-- TOC entry 44 (OID 36190)
-- Name: locstock; Type: TABLE; Schema: public; Owner: weberp_db_user
--

CREATE TABLE locstock (
    loccode text DEFAULT ''::text NOT NULL,
    stockid text DEFAULT ''::text NOT NULL,
    quantity numeric(16,1) DEFAULT 0.0 NOT NULL,
    reorderlevel bigint DEFAULT (0)::bigint NOT NULL
);


--
-- TOC entry 45 (OID 36199)
-- Name: loctransfers; Type: TABLE; Schema: public; Owner: weberp_db_user
--

CREATE TABLE loctransfers (
    reference integer DEFAULT 0 NOT NULL,
    stockid text DEFAULT ''::text NOT NULL,
    shipqty integer DEFAULT 0 NOT NULL,
    recqty integer DEFAULT 0 NOT NULL,
    shipdate date,
    recdate date,
    shiploc text DEFAULT ''::text NOT NULL,
    recloc text DEFAULT ''::text NOT NULL
);


--
-- TOC entry 46 (OID 36212)
-- Name: stockmoves; Type: TABLE; Schema: public; Owner: weberp_db_user
--

CREATE TABLE stockmoves (
    stkmoveno serial NOT NULL,
    stockid text DEFAULT ''::text NOT NULL,
    "type" integer DEFAULT 0 NOT NULL,
    transno integer DEFAULT 0 NOT NULL,
    loccode text DEFAULT ''::text NOT NULL,
    trandate date,
    debtorno text DEFAULT ''::text NOT NULL,
    branchcode text DEFAULT ''::text NOT NULL,
    price numeric(20,4) DEFAULT 0.0000 NOT NULL,
    prd integer DEFAULT 0 NOT NULL,
    reference text DEFAULT ''::text NOT NULL,
    qty numeric(16,4) DEFAULT 1.0000 NOT NULL,
    discountpercent numeric(16,4) DEFAULT 0.0000 NOT NULL,
    standardcost numeric(16,4) DEFAULT 0.0000 NOT NULL,
    show_on_inv_crds integer DEFAULT 1 NOT NULL,
    newqoh double precision DEFAULT (0)::double precision NOT NULL,
    hidemovt integer DEFAULT 0 NOT NULL,
    taxrate double precision DEFAULT (0)::double precision NOT NULL,
    narrative text DEFAULT ''::text NOT NULL
);


--
-- TOC entry 47 (OID 36235)
-- Name: stockserialitems; Type: TABLE; Schema: public; Owner: weberp_db_user
--

CREATE TABLE stockserialitems (
    stockid text DEFAULT ''::text NOT NULL,
    loccode text DEFAULT ''::text NOT NULL,
    serialno text DEFAULT ''::text NOT NULL,
    quantity double precision DEFAULT (0)::double precision NOT NULL
);


--
-- TOC entry 48 (OID 36246)
-- Name: stockserialmoves; Type: TABLE; Schema: public; Owner: weberp_db_user
--

CREATE TABLE stockserialmoves (
    stkitmmoveno serial NOT NULL,
    stockmoveno integer DEFAULT 0 NOT NULL,
    stockid text DEFAULT ''::text NOT NULL,
    serialno text DEFAULT ''::text NOT NULL,
    moveqty double precision DEFAULT (0)::double precision NOT NULL
);


--
-- TOC entry 49 (OID 36258)
-- Name: supptrans; Type: TABLE; Schema: public; Owner: weberp_db_user
--

CREATE TABLE supptrans (
    transno integer DEFAULT 0 NOT NULL,
    "type" integer DEFAULT 0 NOT NULL,
    supplierno text DEFAULT ''::text NOT NULL,
    suppreference text DEFAULT ''::text NOT NULL,
    trandate date,
    duedate date,
    settled integer DEFAULT 0 NOT NULL,
    rate numeric(16,6) DEFAULT 1.000000 NOT NULL,
    ovamount numeric(16,4) DEFAULT 0.0000 NOT NULL,
    ovgst numeric(16,4) DEFAULT 0.0000 NOT NULL,
    diffonexch numeric(16,4) DEFAULT 0.0000 NOT NULL,
    alloc numeric(16,4) DEFAULT 0.0000 NOT NULL,
    transtext pgblob,
    "hold" integer DEFAULT 0 NOT NULL,
    id serial NOT NULL
);


--
-- TOC entry 50 (OID 36277)
-- Name: suppallocs; Type: TABLE; Schema: public; Owner: weberp_db_user
--

CREATE TABLE suppallocs (
    id serial NOT NULL,
    amt numeric(20,2) DEFAULT 0.00 NOT NULL,
    datealloc date,
    transid_allocfrom integer DEFAULT 0 NOT NULL,
    transid_allocto integer DEFAULT 0 NOT NULL
);


--
-- TOC entry 51 (OID 36283)
-- Name: suppliercontacts; Type: TABLE; Schema: public; Owner: weberp_db_user
--

CREATE TABLE suppliercontacts (
    supplierid text DEFAULT ''::text NOT NULL,
    contact text DEFAULT ''::text NOT NULL,
    "position" text DEFAULT ''::text NOT NULL,
    tel text DEFAULT ''::text NOT NULL,
    fax text DEFAULT ''::text NOT NULL,
    mobile text DEFAULT ''::text NOT NULL,
    email text DEFAULT ''::text NOT NULL,
    ordercontact integer DEFAULT 0 NOT NULL
);


--
-- TOC entry 52 (OID 36298)
-- Name: purchorders; Type: TABLE; Schema: public; Owner: weberp_db_user
--

CREATE TABLE purchorders (
    orderno serial NOT NULL,
    supplierno text DEFAULT ''::text NOT NULL,
    comments pgblob,
    orddate timestamp without time zone,
    rate numeric(16,4) DEFAULT 1.0000 NOT NULL,
    dateprinted timestamp without time zone,
    allowprint integer DEFAULT 1 NOT NULL,
    initiator text,
    requisitionno text,
    intostocklocation text DEFAULT ''::text NOT NULL,
    deladd1 text DEFAULT ''::text NOT NULL,
    deladd2 text DEFAULT ''::text NOT NULL,
    deladd3 text DEFAULT ''::text NOT NULL,
    deladd4 text DEFAULT ''::text NOT NULL
);


--
-- TOC entry 53 (OID 36314)
-- Name: purchorderdetails; Type: TABLE; Schema: public; Owner: weberp_db_user
--

CREATE TABLE purchorderdetails (
    podetailitem serial NOT NULL,
    orderno integer DEFAULT 0 NOT NULL,
    itemcode text DEFAULT ''::text NOT NULL,
    deliverydate date,
    itemdescription text DEFAULT ''::text NOT NULL,
    glcode integer DEFAULT 0 NOT NULL,
    qtyinvoiced numeric(16,4) DEFAULT 0.0000 NOT NULL,
    unitprice numeric(16,4) DEFAULT 0.0000 NOT NULL,
    actprice numeric(16,4) DEFAULT 0.0000 NOT NULL,
    stdcostunit numeric(16,4) DEFAULT 0.0000 NOT NULL,
    quantityord numeric(16,4) DEFAULT 0.0000 NOT NULL,
    quantityrecd numeric(16,4) DEFAULT 0.0000 NOT NULL,
    shiptref integer DEFAULT 0 NOT NULL,
    jobref text DEFAULT ''::text NOT NULL,
    completed integer DEFAULT 0 NOT NULL
);


--
-- TOC entry 54 (OID 36335)
-- Name: grns; Type: TABLE; Schema: public; Owner: weberp_db_user
--

CREATE TABLE grns (
    grnbatch integer DEFAULT 0 NOT NULL,
    grnno serial NOT NULL,
    podetailitem integer DEFAULT 0 NOT NULL,
    itemcode text DEFAULT ''::text NOT NULL,
    deliverydate date,
    itemdescription text DEFAULT ''::text NOT NULL,
    qtyrecd numeric(16,4) DEFAULT 0.0000 NOT NULL,
    quantityinv numeric(16,4) DEFAULT 0.0000 NOT NULL,
    supplierid text DEFAULT ''::text NOT NULL
);


--
-- TOC entry 55 (OID 36348)
-- Name: taxauthlevels; Type: TABLE; Schema: public; Owner: weberp_db_user
--

CREATE TABLE taxauthlevels (
    taxauthority integer DEFAULT 1 NOT NULL,
    dispatchtaxauthority integer DEFAULT 1 NOT NULL,
    "level" integer DEFAULT 0 NOT NULL,
    taxrate double precision DEFAULT (0)::double precision NOT NULL
);


--
-- TOC entry 56 (OID 36354)
-- Name: www_users; Type: TABLE; Schema: public; Owner: weberp_db_user
--

CREATE TABLE www_users (
    userid text DEFAULT ''::text NOT NULL,
    "password" text DEFAULT ''::text NOT NULL,
    realname text DEFAULT ''::text NOT NULL,
    customerid text DEFAULT ''::text NOT NULL,
    phone text DEFAULT ''::text NOT NULL,
    email text,
    defaultlocation text DEFAULT ''::text,
    fullaccess integer DEFAULT 1 NOT NULL,
    lastvisitdate timestamp without time zone,
    branchcode text DEFAULT ''::text NOT NULL,
    pagesize text DEFAULT 'A4'::text NOT NULL,
    modulesallowed text DEFAULT ''::text NOT NULL,
    blocked integer DEFAULT 0 NOT NULL,
    displayrecordsmax integer DEFAULT 0 NOT NULL,
    theme text DEFAULT 'fresh'::text NOT NULL,
    "language" text DEFAULT 'en'::text NOT NULL,
    pinno text,
    swipecard text
);


--
-- TOC entry 57 (OID 36373)
-- Name: workcentres; Type: TABLE; Schema: public; Owner: weberp_db_user
--

CREATE TABLE workcentres (
    code text DEFAULT ''::text NOT NULL,
    "location" text DEFAULT ''::text NOT NULL,
    description text DEFAULT ''::text NOT NULL,
    capacity numeric(16,4) DEFAULT 1.0000 NOT NULL,
    overheadperhour numeric(20,4) DEFAULT 0.0000 NOT NULL,
    overheadrecoveryact integer DEFAULT 0 NOT NULL,
    setuphrs numeric(20,4) DEFAULT 0.0000 NOT NULL
);


--
-- TOC entry 58 (OID 36385)
-- Name: worksorders; Type: TABLE; Schema: public; Owner: weberp_db_user
--

CREATE TABLE worksorders (
    woref text DEFAULT ''::text NOT NULL,
    loccode text DEFAULT ''::text NOT NULL,
    unitsreqd integer DEFAULT 1 NOT NULL,
    stockid text DEFAULT ''::text NOT NULL,
    stdcost numeric(20,4) DEFAULT 0.0000 NOT NULL,
    requiredby date,
    releaseddate date DEFAULT '1800-01-01'::date NOT NULL,
    accumvalueissued numeric(20,4) DEFAULT 0.0000 NOT NULL,
    accumvaluetrfd numeric(20,4) DEFAULT 0.0000 NOT NULL,
    closed integer DEFAULT 0 NOT NULL,
    released integer DEFAULT 0 NOT NULL
);


--
-- TOC entry 59 (OID 36400)
-- Name: woissues; Type: TABLE; Schema: public; Owner: weberp_db_user
--

CREATE TABLE woissues (
    issueno integer DEFAULT 0 NOT NULL,
    woref text DEFAULT ''::text NOT NULL,
    stockid text DEFAULT ''::text NOT NULL,
    issuetype text DEFAULT 'M'::text NOT NULL,
    workcentre text DEFAULT ''::text NOT NULL,
    qtyissued numeric(16,4) DEFAULT 0.0000 NOT NULL,
    stdcost numeric(20,4) DEFAULT 0.0000 NOT NULL
);


--
-- TOC entry 60 (OID 36414)
-- Name: worequirements; Type: TABLE; Schema: public; Owner: weberp_db_user
--

CREATE TABLE worequirements (
    id serial NOT NULL,
    woref text DEFAULT ''::text NOT NULL,
    stockid text DEFAULT ''::text NOT NULL,
    wrkcentre text DEFAULT ''::text NOT NULL,
    unitsreq numeric(16,4) DEFAULT 1.0000 NOT NULL,
    stdcost numeric(20,4) DEFAULT 0.0000 NOT NULL,
    resourcetype text DEFAULT 'M'::text NOT NULL
);


--
-- TOC entry 61 (OID 36426)
-- Name: bom; Type: TABLE; Schema: public; Owner: weberp_db_user
--

CREATE TABLE bom (
    parent text DEFAULT ''::text NOT NULL,
    component text DEFAULT ''::text NOT NULL,
    workcentreadded text DEFAULT ''::text NOT NULL,
    loccode text DEFAULT ''::text NOT NULL,
    effectiveafter date,
    effectiveto date DEFAULT '9999-12-31'::date NOT NULL,
    quantity numeric(16,4) DEFAULT 1.0000 NOT NULL
);


--
-- TOC entry 62 (OID 36437)
-- Name: bankaccounts; Type: TABLE; Schema: public; Owner: weberp_db_user
--

CREATE TABLE bankaccounts (
    accountcode integer DEFAULT 0 NOT NULL,
    bankaccountname text DEFAULT ''::text NOT NULL,
    bankaccountnumber text DEFAULT ''::text NOT NULL,
    bankaddress text
);


--
-- TOC entry 63 (OID 36447)
-- Name: banktrans; Type: TABLE; Schema: public; Owner: weberp_db_user
--

CREATE TABLE banktrans (
    banktransid serial NOT NULL,
    "type" integer DEFAULT 0 NOT NULL,
    transno bigint DEFAULT (0)::bigint NOT NULL,
    bankact integer DEFAULT 0 NOT NULL,
    ref text DEFAULT ''::text NOT NULL,
    amountcleared double precision DEFAULT (0)::double precision NOT NULL,
    exrate double precision DEFAULT (1)::double precision NOT NULL,
    transdate date,
    banktranstype text DEFAULT ''::text NOT NULL,
    amount double precision DEFAULT (0)::double precision NOT NULL,
    currcode text DEFAULT ''::text NOT NULL
);


--
-- TOC entry 64 (OID 36462)
-- Name: buckets; Type: TABLE; Schema: public; Owner: weberp_db_user
--

CREATE TABLE buckets (
    workcentre text DEFAULT ''::text NOT NULL,
    availdate timestamp without time zone NOT NULL,
    capacity numeric(10,2) DEFAULT 0.00 NOT NULL
);


--
-- TOC entry 65 (OID 36469)
-- Name: chartdetails; Type: TABLE; Schema: public; Owner: weberp_db_user
--

CREATE TABLE chartdetails (
    accountcode integer DEFAULT 0 NOT NULL,
    period integer DEFAULT 0 NOT NULL,
    budget double precision DEFAULT (0)::double precision NOT NULL,
    actual double precision DEFAULT (0)::double precision NOT NULL,
    bfwd double precision DEFAULT (0)::double precision NOT NULL,
    bfwdbudget double precision DEFAULT (0)::double precision NOT NULL
);


--
-- TOC entry 66 (OID 36477)
-- Name: contractbom; Type: TABLE; Schema: public; Owner: weberp_db_user
--

CREATE TABLE contractbom (
    contractref text DEFAULT ''::text NOT NULL,
    component text DEFAULT ''::text NOT NULL,
    workcentreadded text DEFAULT ''::text NOT NULL,
    loccode text DEFAULT ''::text NOT NULL,
    quantity numeric(16,4) DEFAULT 1.0000 NOT NULL
);


--
-- TOC entry 67 (OID 36487)
-- Name: debtorsmaster; Type: TABLE; Schema: public; Owner: weberp_db_user
--

CREATE TABLE debtorsmaster (
    debtorno text DEFAULT ''::text NOT NULL,
    name text DEFAULT ''::text NOT NULL,
    address1 text DEFAULT ''::text NOT NULL,
    address2 text DEFAULT ''::text NOT NULL,
    address3 text DEFAULT ''::text NOT NULL,
    address4 text DEFAULT ''::text NOT NULL,
    currcode text DEFAULT ''::text NOT NULL,
    salestype text DEFAULT ''::text NOT NULL,
    clientsince timestamp without time zone,
    holdreason integer DEFAULT 0 NOT NULL,
    paymentterms text DEFAULT 'f'::text NOT NULL,
    discount numeric(16,4) DEFAULT 0.0000 NOT NULL,
    pymtdiscount numeric(16,4) DEFAULT 0.0000 NOT NULL,
    lastpaid numeric(16,4) DEFAULT 0.0000 NOT NULL,
    lastpaiddate timestamp without time zone,
    creditlimit double precision DEFAULT (1000)::double precision NOT NULL,
    invaddrbranch integer DEFAULT 0 NOT NULL,
    discountcode text DEFAULT ''::text NOT NULL,
    ediinvoices integer DEFAULT 0 NOT NULL,
    ediorders integer DEFAULT 0 NOT NULL,
    edireference text DEFAULT ''::text NOT NULL,
    editransport text DEFAULT 'email'::text NOT NULL,
    ediaddress text DEFAULT ''::text NOT NULL,
    ediserveruser text DEFAULT ''::text NOT NULL,
    ediserverpwd text DEFAULT ''::text NOT NULL,
    taxref text DEFAULT ''::text
);


--
-- TOC entry 68 (OID 36516)
-- Name: custbranch; Type: TABLE; Schema: public; Owner: weberp_db_user
--

CREATE TABLE custbranch (
    branchcode text DEFAULT ''::text NOT NULL,
    debtorno text DEFAULT ''::text NOT NULL,
    brname text DEFAULT ''::text NOT NULL,
    braddress1 text DEFAULT ''::text NOT NULL,
    braddress2 text DEFAULT ''::text NOT NULL,
    braddress3 text DEFAULT ''::text NOT NULL,
    braddress4 text DEFAULT ''::text NOT NULL,
    estdeliverydays integer DEFAULT 1 NOT NULL,
    area text DEFAULT ''::text NOT NULL,
    salesman text DEFAULT ''::text NOT NULL,
    fwddate integer DEFAULT 0 NOT NULL,
    phoneno text DEFAULT ''::text NOT NULL,
    faxno text DEFAULT ''::text NOT NULL,
    contactname text DEFAULT ''::text NOT NULL,
    email text DEFAULT ''::text NOT NULL,
    defaultlocation text DEFAULT ''::text NOT NULL,
    taxauthority integer DEFAULT 1 NOT NULL,
    defaultshipvia integer DEFAULT 1 NOT NULL,
    disabletrans integer DEFAULT 0 NOT NULL,
    brpostaddr1 text DEFAULT ''::text NOT NULL,
    brpostaddr2 text DEFAULT ''::text NOT NULL,
    brpostaddr3 text DEFAULT ''::text NOT NULL,
    brpostaddr4 text DEFAULT ''::text NOT NULL,
    custbranchcode text DEFAULT ''::text NOT NULL
);


--
-- TOC entry 69 (OID 36545)
-- Name: contracts; Type: TABLE; Schema: public; Owner: weberp_db_user
--

CREATE TABLE contracts (
    contractref text DEFAULT ''::text NOT NULL,
    contractdescription text DEFAULT ''::text NOT NULL,
    debtorno text DEFAULT ''::text NOT NULL,
    branchcode text DEFAULT ''::text NOT NULL,
    status text DEFAULT 'Quotation'::text NOT NULL,
    categoryid text DEFAULT ''::text NOT NULL,
    typeabbrev text DEFAULT ''::text NOT NULL,
    orderno integer DEFAULT 0 NOT NULL,
    quotedpricefx numeric(20,4) DEFAULT 0.0000 NOT NULL,
    margin numeric(16,4) DEFAULT 1.0000 NOT NULL,
    woref text DEFAULT ''::text NOT NULL,
    requireddate timestamp without time zone,
    canceldate timestamp without time zone,
    quantityreqd numeric(16,4) DEFAULT 1.0000 NOT NULL,
    specifications pgblob NOT NULL,
    datequoted timestamp without time zone,
    units text DEFAULT 'Each'::text NOT NULL,
    drawing pgblob NOT NULL,
    rate numeric(16,4) DEFAULT 1.0000 NOT NULL
);


--
-- TOC entry 70 (OID 36566)
-- Name: contractreqts; Type: TABLE; Schema: public; Owner: weberp_db_user
--

CREATE TABLE contractreqts (
    contractreqid serial NOT NULL,
    contract text DEFAULT ''::text NOT NULL,
    component text DEFAULT ''::text NOT NULL,
    quantity numeric(16,4) DEFAULT 1.0000 NOT NULL,
    priceperunit numeric(20,4) DEFAULT 0.0000 NOT NULL
);


--
-- TOC entry 71 (OID 36578)
-- Name: salesorders; Type: TABLE; Schema: public; Owner: weberp_db_user
--

CREATE TABLE salesorders (
    orderno serial NOT NULL,
    debtorno text DEFAULT ''::text NOT NULL,
    branchcode text DEFAULT ''::text NOT NULL,
    customerref text DEFAULT ''::text NOT NULL,
    buyername text,
    comments pgblob,
    orddate date,
    ordertype text DEFAULT ''::text NOT NULL,
    shipvia integer DEFAULT 0 NOT NULL,
    deladd1 text DEFAULT ''::text NOT NULL,
    deladd2 text DEFAULT ''::text NOT NULL,
    deladd3 text DEFAULT ''::text NOT NULL,
    deladd4 text,
    contactphone text,
    contactemail text,
    deliverto text DEFAULT ''::text NOT NULL,
    freightcost numeric(10,2) DEFAULT 0.00 NOT NULL,
    fromstkloc text DEFAULT ''::text NOT NULL,
    deliverydate date,
    printedpackingslip integer DEFAULT 0 NOT NULL,
    datepackingslipprinted date,
    quotation integer DEFAULT 0
);


--
-- TOC entry 72 (OID 36597)
-- Name: orderdeliverydifferenceslog; Type: TABLE; Schema: public; Owner: weberp_db_user
--

CREATE TABLE orderdeliverydifferenceslog (
    orderno integer DEFAULT 0 NOT NULL,
    invoiceno integer DEFAULT 0 NOT NULL,
    stockid text DEFAULT ''::text NOT NULL,
    quantitydiff numeric(16,4) DEFAULT 0.0000 NOT NULL,
    debtorno text DEFAULT ''::text NOT NULL,
    branch text DEFAULT ''::text NOT NULL,
    can_or_bo text DEFAULT 'CAN'::text NOT NULL
);


--
-- TOC entry 73 (OID 36609)
-- Name: salesorderdetails; Type: TABLE; Schema: public; Owner: weberp_db_user
--

CREATE TABLE salesorderdetails (
    orderno integer DEFAULT 0 NOT NULL,
    stkcode text DEFAULT ''::text NOT NULL,
    qtyinvoiced numeric(16,4) DEFAULT 0.0000 NOT NULL,
    unitprice numeric(16,4) DEFAULT 0.0000 NOT NULL,
    quantity numeric(16,4) DEFAULT 0.0000 NOT NULL,
    estimate integer DEFAULT 0 NOT NULL,
    discountpercent numeric(16,4) DEFAULT 0.0000 NOT NULL,
    actualdispatchdate timestamp without time zone,
    completed integer DEFAULT 0 NOT NULL,
    narrative text NOT NULL
);


--
-- TOC entry 74 (OID 36624)
-- Name: debtortrans; Type: TABLE; Schema: public; Owner: weberp_db_user
--

CREATE TABLE debtortrans (
    id serial NOT NULL,
    transno integer DEFAULT 0 NOT NULL,
    "type" integer DEFAULT 0 NOT NULL,
    debtorno text DEFAULT ''::text NOT NULL,
    branchcode text DEFAULT ''::text NOT NULL,
    trandate timestamp without time zone,
    prd integer DEFAULT 0 NOT NULL,
    settled integer DEFAULT 0 NOT NULL,
    reference text DEFAULT ''::text NOT NULL,
    tpe text DEFAULT ''::text NOT NULL,
    order_ integer DEFAULT 0 NOT NULL,
    rate numeric(16,6) DEFAULT 0.000000 NOT NULL,
    ovamount double precision DEFAULT (0)::double precision NOT NULL,
    ovgst double precision DEFAULT (0)::double precision NOT NULL,
    ovfreight double precision DEFAULT (0)::double precision NOT NULL,
    ovdiscount double precision DEFAULT (0)::double precision NOT NULL,
    diffonexch double precision DEFAULT (0)::double precision NOT NULL,
    alloc double precision DEFAULT (0)::double precision NOT NULL,
    invtext text,
    shipvia text DEFAULT ''::text NOT NULL,
    edisent integer DEFAULT 0 NOT NULL,
    consignment text DEFAULT ''::text NOT NULL
);


--
-- TOC entry 75 (OID 36651)
-- Name: custallocns; Type: TABLE; Schema: public; Owner: weberp_db_user
--

CREATE TABLE custallocns (
    id serial NOT NULL,
    amt numeric(20,4) DEFAULT 0.0000 NOT NULL,
    datealloc date,
    transid_allocfrom integer DEFAULT 0 NOT NULL,
    transid_allocto integer DEFAULT 0 NOT NULL
);


--
-- TOC entry 76 (OID 36657)
-- Name: areas; Type: TABLE; Schema: public; Owner: weberp_db_user
--

CREATE TABLE areas (
    areacode text DEFAULT ''::text NOT NULL,
    areadescription text DEFAULT ''::text NOT NULL
);


SET SESSION AUTHORIZATION 'postgres';

--
-- TOC entry 424 (OID 36664)
-- Name: getstkmoveloc(integer); Type: FUNCTION; Schema: public; Owner: postgres
--

CREATE FUNCTION getstkmoveloc(integer) RETURNS text
    AS '
DECLARE
  pStockMoveID ALIAS FOR $1;
  pLocCode INTEGER;
BEGIN
	SELECT INTO pLocCode LocCode FROM StockMoves WHERE StockMoveNo = pStockMoveID;
	IF pLocCode ISNULL THEN
		RAISE EXCEPTION "StockNoveNo does not spec a valid LocCode.";
	ELSE
		RETURN pLocCode;
	END IF;
END;'
    LANGUAGE plpgsql;


--
-- TOC entry 425 (OID 36665)
-- Name: chkstockserialmoves(); Type: FUNCTION; Schema: public; Owner: postgres
--

CREATE FUNCTION chkstockserialmoves() RETURNS "trigger"
    AS '
BEGIN
	NEW.LocCode := getStkMoveLoc( NEW.StockMoveNo );
	RETURN NEW;
END;
'
    LANGUAGE plpgsql;


--
-- TOC entry 426 (OID 36666)
-- Name: to_days(timestamp without time zone); Type: FUNCTION; Schema: public; Owner: postgres
--

CREATE FUNCTION to_days(timestamp without time zone) RETURNS integer
    AS '
DECLARE
  pDate ALIAS FOR $1;
BEGIN
  RETURN to_days(pDate::timestamp with time zone);
END;
'
    LANGUAGE plpgsql;


--
-- TOC entry 427 (OID 36667)
-- Name: to_days(timestamp with time zone); Type: FUNCTION; Schema: public; Owner: postgres
--

CREATE FUNCTION to_days(timestamp with time zone) RETURNS integer
    AS '
DECLARE
  pDate ALIAS FOR $1;
  vDays interval;
  vResult integer;
BEGIN
  vDays := (DATE_TRUNC(''day'', pDate) - DATE_TRUNC(''day'', ''0000-01-01''::timestamp));
  vResult := EXTRACT(''day'' FROM vDays);
  RETURN vResult;
END;
'
    LANGUAGE plpgsql;


--
-- TOC entry 428 (OID 36668)
-- Name: dayofmonth(timestamp without time zone); Type: FUNCTION; Schema: public; Owner: postgres
--

CREATE FUNCTION dayofmonth(timestamp without time zone) RETURNS integer
    AS '
DECLARE
  pDate ALIAS FOR $1;
BEGIN
  RETURN EXTRACT(''day'' FROM pDate);
END;
'
    LANGUAGE plpgsql;


--
-- TOC entry 429 (OID 36669)
-- Name: dayofmonth(timestamp with time zone); Type: FUNCTION; Schema: public; Owner: postgres
--

CREATE FUNCTION dayofmonth(timestamp with time zone) RETURNS integer
    AS '
DECLARE
  pDate ALIAS FOR $1;
BEGIN
  RETURN EXTRACT(''day'' FROM pDate);
END;
'
    LANGUAGE plpgsql;


--
-- TOC entry 430 (OID 36670)
-- Name: to_days(date); Type: FUNCTION; Schema: public; Owner: postgres
--

CREATE FUNCTION to_days(date) RETURNS integer
    AS '
DECLARE
  pDate ALIAS FOR $1;
BEGIN
  RETURN to_days(pDate::timestamp);
END;
'
    LANGUAGE plpgsql;


--
-- TOC entry 431 (OID 36671)
-- Name: date_add(date, interval); Type: FUNCTION; Schema: public; Owner: postgres
--

CREATE FUNCTION date_add(date, interval) RETURNS date
    AS '
DECLARE
  pDate     ALIAS FOR $1;
  pInterval ALIAS FOR $2;
BEGIN
  RETURN (pDate + pInterval)::date;
END;
'
    LANGUAGE plpgsql;


--
-- TOC entry 432 (OID 36672)
-- Name: time_add_hours(timestamp with time zone, integer); Type: FUNCTION; Schema: public; Owner: postgres
--

CREATE FUNCTION time_add_hours(timestamp with time zone, integer) RETURNS timestamp without time zone
    AS '
DECLARE
  pTime  ALIAS FOR $1;
  pHours ALIAS FOR $2;
BEGIN
  RETURN (pTime + (pHours || '' hours'')::interval)::timestamp ;
END;
'
    LANGUAGE plpgsql;


--
-- TOC entry 433 (OID 36673)
-- Name: time_add_hours(timestamp without time zone, integer); Type: FUNCTION; Schema: public; Owner: postgres
--

CREATE FUNCTION time_add_hours(timestamp without time zone, integer) RETURNS timestamp without time zone
    AS '
DECLARE
  pTime  ALIAS FOR $1;
  pHours ALIAS FOR $2;
BEGIN
  RETURN time_add_hours(pTime::timestamp with time zone, pHours);
END;
'
    LANGUAGE plpgsql;


--
-- TOC entry 434 (OID 36674)
-- Name: time_add_hours(time without time zone, integer); Type: FUNCTION; Schema: public; Owner: postgres
--

CREATE FUNCTION time_add_hours(time without time zone, integer) RETURNS time without time zone
    AS '
DECLARE
  pTime  ALIAS FOR $1;
  pHours ALIAS FOR $2;
BEGIN
  RETURN (pTime + (pHours || '' hours'')::interval)::time;
END;
'
    LANGUAGE plpgsql;


--
-- TOC entry 435 (OID 36675)
-- Name: time_add_minutes(timestamp with time zone, integer); Type: FUNCTION; Schema: public; Owner: postgres
--

CREATE FUNCTION time_add_minutes(timestamp with time zone, integer) RETURNS timestamp without time zone
    AS '
DECLARE
  pTime    ALIAS FOR $1;
  pMinutes ALIAS FOR $2;
BEGIN
  RETURN (pTime + (pMinutes || '' minutes'')::interval)::timestamp;
END;
'
    LANGUAGE plpgsql;


--
-- TOC entry 436 (OID 36676)
-- Name: time_add_minutes(timestamp without time zone, integer); Type: FUNCTION; Schema: public; Owner: postgres
--

CREATE FUNCTION time_add_minutes(timestamp without time zone, integer) RETURNS timestamp without time zone
    AS '
DECLARE
  pTime    ALIAS FOR $1;
  pMinutes ALIAS FOR $2;
BEGIN
  RETURN time_add_minutes(pTime::timestamp with time zone, pMinutes)::timestamp;
END;
'
    LANGUAGE plpgsql;


--
-- TOC entry 437 (OID 36677)
-- Name: time_add_minutes(time without time zone, integer); Type: FUNCTION; Schema: public; Owner: postgres
--

CREATE FUNCTION time_add_minutes(time without time zone, integer) RETURNS time without time zone
    AS '
DECLARE
  pTime    ALIAS FOR $1;
  pMinutes ALIAS FOR $2;
BEGIN
  RETURN (pTime + (pMinutes || '' minutes'')::interval)::time;
END;
'
    LANGUAGE plpgsql;


--
-- TOC entry 438 (OID 36678)
-- Name: date_add_days(timestamp with time zone, integer); Type: FUNCTION; Schema: public; Owner: postgres
--

CREATE FUNCTION date_add_days(timestamp with time zone, integer) RETURNS timestamp without time zone
    AS '
DECLARE
  pDate ALIAS FOR $1;
  pDays ALIAS FOR $2;
BEGIN
  RETURN (pDate + (pDays || '' days'')::interval)::timestamp;
END;
'
    LANGUAGE plpgsql;


--
-- TOC entry 439 (OID 36679)
-- Name: date_add_days(timestamp without time zone, integer); Type: FUNCTION; Schema: public; Owner: postgres
--

CREATE FUNCTION date_add_days(timestamp without time zone, integer) RETURNS timestamp without time zone
    AS '
DECLARE
  pDate ALIAS FOR $1;
  pDays ALIAS FOR $2;
BEGIN
  RETURN date_add_days(pDate::timestamp with time zone, pDays)::timestamp;
END;
'
    LANGUAGE plpgsql;


--
-- TOC entry 440 (OID 36680)
-- Name: date_add_days(date, integer); Type: FUNCTION; Schema: public; Owner: postgres
--

CREATE FUNCTION date_add_days(date, integer) RETURNS date
    AS '
DECLARE
  pDate ALIAS FOR $1;
  pDays ALIAS FOR $2;
BEGIN
  RETURN date_add_days(pDate::timestamp with time zone, pDays)::date;
END;
'
    LANGUAGE plpgsql;


--
-- TOC entry 441 (OID 36681)
-- Name: date_add_months(timestamp with time zone, integer); Type: FUNCTION; Schema: public; Owner: postgres
--

CREATE FUNCTION date_add_months(timestamp with time zone, integer) RETURNS timestamp without time zone
    AS '
DECLARE
  pDate   ALIAS FOR $1;
  pMonths ALIAS FOR $2;
BEGIN
  RETURN (pDate + (pMonths || '' months'')::interval)::timestamp;
END;
'
    LANGUAGE plpgsql;


--
-- TOC entry 442 (OID 36682)
-- Name: date_add_months(timestamp without time zone, integer); Type: FUNCTION; Schema: public; Owner: postgres
--

CREATE FUNCTION date_add_months(timestamp without time zone, integer) RETURNS timestamp without time zone
    AS '
DECLARE
  pDate   ALIAS FOR $1;
  pMonths ALIAS FOR $2;
BEGIN
  RETURN date_add_months(pDate::timestamp with time zone, pMonths);
END;
'
    LANGUAGE plpgsql;


--
-- TOC entry 443 (OID 36683)
-- Name: date_add_months(date, integer); Type: FUNCTION; Schema: public; Owner: postgres
--

CREATE FUNCTION date_add_months(date, integer) RETURNS date
    AS '
DECLARE
  pDate   ALIAS FOR $1;
  pMonths ALIAS FOR $2;
BEGIN
  RETURN date_add_months(pDate::timestamp with time zone, pMonths)::date;
END;
'
    LANGUAGE plpgsql;


--
-- TOC entry 444 (OID 36684)
-- Name: date_add_years(timestamp with time zone, integer); Type: FUNCTION; Schema: public; Owner: postgres
--

CREATE FUNCTION date_add_years(timestamp with time zone, integer) RETURNS timestamp without time zone
    AS '
DECLARE
  pDate  ALIAS FOR $1;
  pYears ALIAS FOR $2;
BEGIN
  RETURN (pDate + (pYears || '' years'')::interval)::timestamp;
END;
'
    LANGUAGE plpgsql;


--
-- TOC entry 445 (OID 36685)
-- Name: date_add_years(timestamp without time zone, integer); Type: FUNCTION; Schema: public; Owner: postgres
--

CREATE FUNCTION date_add_years(timestamp without time zone, integer) RETURNS timestamp without time zone
    AS '
DECLARE
  pDate  ALIAS FOR $1;
  pYears ALIAS FOR $2;
BEGIN
  RETURN date_add_years(pDate::timestamp with time zone, pYears);
END;
'
    LANGUAGE plpgsql;


--
-- TOC entry 446 (OID 36686)
-- Name: date_add_years(date, integer); Type: FUNCTION; Schema: public; Owner: postgres
--

CREATE FUNCTION date_add_years(date, integer) RETURNS date
    AS '
DECLARE
  pDate  ALIAS FOR $1;
  pYears ALIAS FOR $2;
BEGIN
  RETURN date_add_years(pDate::timestamp with time zone, pYears)::date;
END;
'
    LANGUAGE plpgsql;


--
-- TOC entry 447 (OID 36687)
-- Name: dayofmonth(date); Type: FUNCTION; Schema: public; Owner: postgres
--

CREATE FUNCTION dayofmonth(date) RETURNS integer
    AS '
DECLARE
  pDate ALIAS FOR $1;
BEGIN
  RETURN EXTRACT(''day'' FROM pDate);
END;
'
    LANGUAGE plpgsql;


--
-- TOC entry 448 (OID 36688)
-- Name: date_diff_days(timestamp with time zone, timestamp with time zone); Type: FUNCTION; Schema: public; Owner: postgres
--

CREATE FUNCTION date_diff_days(timestamp with time zone, timestamp with time zone) RETURNS integer
    AS '
DECLARE
  pStartDate ALIAS FOR $1;
  pEndDate   ALIAS FOR $2;
  vInterval  interval;
BEGIN
  vInterval := DATE_TRUNC(''day'', pEndDate) - DATE_TRUNC(''day'', pStartDate);
  RETURN EXTRACT(''day'' FROM vInterval);
END;
'
    LANGUAGE plpgsql;


--
-- TOC entry 449 (OID 36689)
-- Name: date_diff_days(timestamp without time zone, timestamp without time zone); Type: FUNCTION; Schema: public; Owner: postgres
--

CREATE FUNCTION date_diff_days(timestamp without time zone, timestamp without time zone) RETURNS integer
    AS '
DECLARE
  pStartDate ALIAS FOR $1;
  pEndDate   ALIAS FOR $2;
BEGIN
  RETURN  to_days(pEndDate) - to_days(pStartDate);
END;
'
    LANGUAGE plpgsql;


--
-- TOC entry 450 (OID 36690)
-- Name: date_diff_days(date, date); Type: FUNCTION; Schema: public; Owner: postgres
--

CREATE FUNCTION date_diff_days(date, date) RETURNS integer
    AS '
DECLARE
  pStartDate ALIAS FOR $1;
  pEndDate   ALIAS FOR $2;
BEGIN
  RETURN  to_days(pEndDate) - to_days(pStartDate);
END;
'
    LANGUAGE plpgsql;


--
-- TOC entry 451 (OID 36691)
-- Name: date_diff_months(timestamp with time zone, timestamp with time zone); Type: FUNCTION; Schema: public; Owner: postgres
--

CREATE FUNCTION date_diff_months(timestamp with time zone, timestamp with time zone) RETURNS integer
    AS '
DECLARE
  pStartDate ALIAS FOR $1;
  pEndDate   ALIAS FOR $2;
  vInterval  interval;
BEGIN
  vInterval := AGE(pEndDate, pStartDate);
  RETURN EXTRACT(''month'' FROM vInterval) + (12 * EXTRACT(''year'' FROM vInterval));
END;
'
    LANGUAGE plpgsql;


--
-- TOC entry 452 (OID 36692)
-- Name: date_diff_months(timestamp without time zone, timestamp without time zone); Type: FUNCTION; Schema: public; Owner: postgres
--

CREATE FUNCTION date_diff_months(timestamp without time zone, timestamp without time zone) RETURNS integer
    AS '
DECLARE
  pStartDate ALIAS FOR $1;
  pEndDate   ALIAS FOR $2;
BEGIN
  RETURN date_diff_months(pStartDate::timestamp with time zone, pEndDate::timestamp with time zone);
END;
'
    LANGUAGE plpgsql;


--
-- TOC entry 453 (OID 36693)
-- Name: date_diff_months(date, date); Type: FUNCTION; Schema: public; Owner: postgres
--

CREATE FUNCTION date_diff_months(date, date) RETURNS integer
    AS '
DECLARE
  pStartDate ALIAS FOR $1;
  pEndDate   ALIAS FOR $2;
BEGIN
  RETURN date_diff_months(pStartDate::timestamp with time zone, pEndDate::timestamp with time zone);
END;
'
    LANGUAGE plpgsql;


--
-- TOC entry 454 (OID 36694)
-- Name: date_diff_years(timestamp with time zone, timestamp with time zone); Type: FUNCTION; Schema: public; Owner: postgres
--

CREATE FUNCTION date_diff_years(timestamp with time zone, timestamp with time zone) RETURNS integer
    AS '
DECLARE
  pStartDate ALIAS FOR $1;
  pEndDate   ALIAS FOR $2;
BEGIN
  RETURN EXTRACT(''year'' FROM AGE(DATE_TRUNC(''month'', pEndDate), DATE_TRUNC(''month'', pStartDate)));
END;
'
    LANGUAGE plpgsql;


--
-- TOC entry 455 (OID 36695)
-- Name: date_diff_years(timestamp without time zone, timestamp without time zone); Type: FUNCTION; Schema: public; Owner: postgres
--

CREATE FUNCTION date_diff_years(timestamp without time zone, timestamp without time zone) RETURNS integer
    AS '
DECLARE
  pStartDate ALIAS FOR $1;
  pEndDate   ALIAS FOR $2;
BEGIN
  RETURN date_diff_years(pStartDate::timestamp with time zone, pEndDate::timestamp with time zone);
END;
'
    LANGUAGE plpgsql;


--
-- TOC entry 456 (OID 36696)
-- Name: date_diff_years(date, date); Type: FUNCTION; Schema: public; Owner: postgres
--

CREATE FUNCTION date_diff_years(date, date) RETURNS integer
    AS '
DECLARE
  pStartDate ALIAS FOR $1;
  pEndDate   ALIAS FOR $2;
BEGIN
  RETURN date_diff_years(pStartDate::timestamp with time zone, pEndDate::timestamp with time zone);
END;
'
    LANGUAGE plpgsql;


--
-- TOC entry 457 (OID 36697)
-- Name: time_diff_hours(timestamp with time zone, timestamp with time zone); Type: FUNCTION; Schema: public; Owner: postgres
--

CREATE FUNCTION time_diff_hours(timestamp with time zone, timestamp with time zone) RETURNS integer
    AS '
DECLARE
  pStartTime ALIAS FOR $1;
  pEndTime   ALIAS FOR $2;
  vDays      integer;
  vHours     integer;
BEGIN
  vDays  := EXTRACT(''day''  FROM (DATE_TRUNC(''day'', pEndTime) - DATE_TRUNC(''day'', pStartTime)));
  vHours := EXTRACT(''hour'' FROM (pEndTime - pStartTime));
  RETURN (vDays * 24) + vHours;
END;
'
    LANGUAGE plpgsql;


--
-- TOC entry 458 (OID 36698)
-- Name: time_diff_hours(timestamp without time zone, timestamp without time zone); Type: FUNCTION; Schema: public; Owner: postgres
--

CREATE FUNCTION time_diff_hours(timestamp without time zone, timestamp without time zone) RETURNS integer
    AS '
DECLARE
  pStartTime ALIAS FOR $1;
  pEndTime   ALIAS FOR $2;
BEGIN
  RETURN time_diff_hours(pStartTime::timestamp with time zone, pEndTime::timestamp with time zone);
END;
'
    LANGUAGE plpgsql;


--
-- TOC entry 459 (OID 36699)
-- Name: time_diff_hours(time without time zone, time without time zone); Type: FUNCTION; Schema: public; Owner: postgres
--

CREATE FUNCTION time_diff_hours(time without time zone, time without time zone) RETURNS integer
    AS '
DECLARE
  pStartTime ALIAS FOR $1;
  pEndTime   ALIAS FOR $2;
BEGIN
  RETURN EXTRACT(''hour'' FROM (pEndTime - pStartTime));
END;
'
    LANGUAGE plpgsql;


--
-- TOC entry 460 (OID 36700)
-- Name: time_diff_minutes(timestamp with time zone, timestamp with time zone); Type: FUNCTION; Schema: public; Owner: postgres
--

CREATE FUNCTION time_diff_minutes(timestamp with time zone, timestamp with time zone) RETURNS integer
    AS '
DECLARE
  pStartTime ALIAS FOR $1;
  pEndTime   ALIAS FOR $2;
  vHours     integer;
  vMinutes   integer;
BEGIN
  vHours   := time_diff_hours(pStartTime, pEndTime);
  vMinutes := EXTRACT(''minute'' FROM AGE(pEndTime, pStartTime));
  RETURN (vHours * 60) + vMinutes;
END;
'
    LANGUAGE plpgsql;


--
-- TOC entry 461 (OID 36701)
-- Name: time_diff_minutes(timestamp without time zone, timestamp without time zone); Type: FUNCTION; Schema: public; Owner: postgres
--

CREATE FUNCTION time_diff_minutes(timestamp without time zone, timestamp without time zone) RETURNS integer
    AS '
DECLARE
  pStartTime ALIAS FOR $1;
  pEndTime   ALIAS FOR $2;
BEGIN
  RETURN time_diff_minutes(pStartTime::timestamp with time zone, pEndTime::timestamp with time zone);
END;
'
    LANGUAGE plpgsql;


--
-- TOC entry 462 (OID 36702)
-- Name: time_diff_minutes(time without time zone, time without time zone); Type: FUNCTION; Schema: public; Owner: postgres
--

CREATE FUNCTION time_diff_minutes(time without time zone, time without time zone) RETURNS integer
    AS '
DECLARE
  pStartTime ALIAS FOR $1;
  pEndTime   ALIAS FOR $2;
  vHours     integer;
  vMinutes   integer;
BEGIN
  vHours   := EXTRACT(''hour'' FROM (pEndTime - pStartTime));
  vMinutes := EXTRACT(''minute'' FROM (pEndTime - pStartTime));
  RETURN (vHours * 60) + vMinutes;
END;
'
    LANGUAGE plpgsql;


--
-- TOC entry 463 (OID 36703)
-- Name: date_add(timestamp with time zone, interval); Type: FUNCTION; Schema: public; Owner: postgres
--

CREATE FUNCTION date_add(timestamp with time zone, interval) RETURNS timestamp without time zone
    AS '
DECLARE
  pDate     ALIAS FOR $1;
  pInterval ALIAS FOR $2;
BEGIN
  RETURN (pDate + pInterval)::timestamp with time zone;
END;
'
    LANGUAGE plpgsql;


--
-- TOC entry 464 (OID 36704)
-- Name: date_add(timestamp without time zone, interval); Type: FUNCTION; Schema: public; Owner: postgres
--

CREATE FUNCTION date_add(timestamp without time zone, interval) RETURNS timestamp without time zone
    AS '
DECLARE
  pDate     ALIAS FOR $1;
  pInterval ALIAS FOR $2;
BEGIN
  RETURN (pDate + pInterval)::timestamp;
END;
'
    LANGUAGE plpgsql;


--
-- TOC entry 465 (OID 36705)
-- Name: concat(text, text); Type: FUNCTION; Schema: public; Owner: postgres
--

CREATE FUNCTION concat(text, text) RETURNS text
    AS '
DECLARE
  pTxt1 ALIAS FOR $1;
  pTxt2 ALIAS FOR $2;
BEGIN
  RETURN (pTxt1 || pTxt2);
END;

'
    LANGUAGE plpgsql;


--
-- TOC entry 466 (OID 36706)
-- Name: concat(text, text, text); Type: FUNCTION; Schema: public; Owner: postgres
--

CREATE FUNCTION concat(text, text, text) RETURNS text
    AS '
DECLARE
  pTxt1 ALIAS FOR $1;
  pTxt2 ALIAS FOR $2;
  pTxt3 ALIAS FOR $3;
BEGIN
  RETURN (pTxt1 || pTxt2 || pTxt3);
END;
'
    LANGUAGE plpgsql;


--
-- TOC entry 467 (OID 36707)
-- Name: getmonth(timestamp without time zone); Type: FUNCTION; Schema: public; Owner: postgres
--

CREATE FUNCTION getmonth(timestamp without time zone) RETURNS integer
    AS '
DECLARE
   pDate ALIAS FOR $1;
   vResult integer;
 BEGIN
   vResult := EXTRACT(''month'' FROM pDate);
   RETURN vResult;
 END;
'
    LANGUAGE plpgsql;


--
-- TOC entry 468 (OID 36708)
-- Name: getmonth(timestamp with time zone); Type: FUNCTION; Schema: public; Owner: postgres
--

CREATE FUNCTION getmonth(timestamp with time zone) RETURNS integer
    AS '
DECLARE
    pDate ALIAS FOR $1;
    vResult integer;
  BEGIN
    vResult := EXTRACT(''month'' FROM pDate);
    RETURN vResult;
  END;
'
    LANGUAGE plpgsql;


--
-- TOC entry 469 (OID 36709)
-- Name: monthname(integer); Type: FUNCTION; Schema: public; Owner: postgres
--

CREATE FUNCTION monthname(integer) RETURNS text
    AS '
DECLARE
    pMonth ALIAS FOR $1;
    vResult text;
BEGIN
    vResult := CASE 
	WHEN pMonth = 1 THEN ''January''
	WHEN pMonth = 2 THEN ''February''
	WHEN pMonth = 3 THEN ''March''
	WHEN pMonth = 4 THEN ''April''
	WHEN pMonth = 5 THEN ''May''
	WHEN pMonth = 6 THEN ''June''
	WHEN pMonth = 7 THEN ''Jully''
	WHEN pMonth = 8 THEN ''August''
	WHEN pMonth = 9 THEN ''September''
	WHEN pMonth = 10 THEN ''October''
	WHEN pMonth = 11 THEN ''November''
	WHEN pMonth = 12 THEN ''December''
        WHEN (pMonth < 1) OR (pMonth > 12) THEN null
    END;
    RETURN vResult;
END;

'
    LANGUAGE plpgsql;


--
-- TOC entry 470 (OID 36710)
-- Name: monthname(date); Type: FUNCTION; Schema: public; Owner: postgres
--

CREATE FUNCTION monthname(date) RETURNS text
    AS '
DECLARE
  vDate ALIAS FOR $1;
  vResult text;
BEGIN
  vResult := monthname(getmonth(vdate::timestamp));
  RETURN vResult;
END;

'
    LANGUAGE plpgsql;


--
-- TOC entry 471 (OID 36711)
-- Name: monthname(timestamp with time zone); Type: FUNCTION; Schema: public; Owner: postgres
--

CREATE FUNCTION monthname(timestamp with time zone) RETURNS text
    AS '
DECLARE
   vDate ALIAS FOR $1;
   vResult text;
 BEGIN
   vResult := monthname(getmonth(vdate));
   RETURN vResult;
 END;
 

'
    LANGUAGE plpgsql;


--
-- TOC entry 472 (OID 36712)
-- Name: year(date); Type: FUNCTION; Schema: public; Owner: postgres
--

CREATE FUNCTION "year"(date) RETURNS integer
    AS '
DECLARE
    pDate ALIAS FOR $1;
    vResult integer;
  BEGIN
    vResult := EXTRACT(''year'' FROM pDate);
    RETURN vResult;
  END;
'
    LANGUAGE plpgsql;


SET SESSION AUTHORIZATION 'weberp_db_user';

--
-- TOC entry 77 (OID 36715)
-- Name: recurringsalesorders; Type: TABLE; Schema: public; Owner: weberp_db_user
--

CREATE TABLE recurringsalesorders (
    recurrorderno serial NOT NULL,
    debtorno text DEFAULT ''::text NOT NULL,
    branchcode text DEFAULT ''::text NOT NULL,
    customerref text DEFAULT ''::text NOT NULL,
    buyername text,
    comments pgblob,
    orddate date,
    ordertype text DEFAULT ''::text NOT NULL,
    shipvia integer DEFAULT 0 NOT NULL,
    deladd1 text DEFAULT ''::text NOT NULL,
    deladd2 text DEFAULT ''::text NOT NULL,
    deladd3 text DEFAULT ''::text NOT NULL,
    deladd4 text,
    contactphone text,
    contactemail text,
    deliverto text DEFAULT ''::text NOT NULL,
    freightcost numeric(10,2) DEFAULT 0.00 NOT NULL,
    fromstkloc text DEFAULT ''::text NOT NULL,
    deliverydate date,
    lastrecurrence date DEFAULT now(),
    frequency integer DEFAULT 1 NOT NULL,
    stopdate date,
    autoinvoice integer DEFAULT 0 NOT NULL
);


--
-- TOC entry 78 (OID 36735)
-- Name: recurrsalesorderdetails; Type: TABLE; Schema: public; Owner: weberp_db_user
--

CREATE TABLE recurrsalesorderdetails (
    recurrorderno integer DEFAULT 0 NOT NULL,
    stkcode text DEFAULT ''::text NOT NULL,
    unitprice numeric(16,4) DEFAULT 0.0000 NOT NULL,
    quantity numeric(16,4) DEFAULT 0.0000 NOT NULL,
    discountpercent numeric(16,4) DEFAULT 0.0000 NOT NULL,
    narrative text NOT NULL
);


--
-- TOC entry 6 (OID 36745)
-- Name: scripts_id_seq; Type: SEQUENCE; Schema: public; Owner: weberp_db_user
--

CREATE SEQUENCE scripts_id_seq
    START WITH 0
    INCREMENT BY 1
    MAXVALUE 999999
    MINVALUE 0
    CACHE 1;


--
-- TOC entry 79 (OID 36747)
-- Name: accountsection; Type: TABLE; Schema: public; Owner: weberp_db_user
--

CREATE TABLE accountsection (
    sectionid integer NOT NULL,
    sectionname text NOT NULL
);


--
-- TOC entry 80 (OID 36754)
-- Name: securityroles; Type: TABLE; Schema: public; Owner: weberp_db_user
--

CREATE TABLE securityroles (
    secroleid serial NOT NULL,
    secrolename text NOT NULL
);


--
-- TOC entry 81 (OID 36760)
-- Name: securitytokens; Type: TABLE; Schema: public; Owner: weberp_db_user
--

CREATE TABLE securitytokens (
    tokenid integer NOT NULL,
    tokenname text NOT NULL
);


--
-- TOC entry 82 (OID 36765)
-- Name: securitygroups; Type: TABLE; Schema: public; Owner: weberp_db_user
--

CREATE TABLE securitygroups (
    secroleid integer NOT NULL,
    tokenid integer NOT NULL
);


--
-- TOC entry 83 (OID 36769)
-- Name: paymentmethods; Type: TABLE; Schema: public; Owner: weberp_db_user
--

CREATE TABLE paymentmethods (
    paymentid serial NOT NULL,
    paymentname text NOT NULL,
    paymenttype integer DEFAULT 1 NOT NULL,
    receipttype integer DEFAULT 1 NOT NULL
);


--
-- TOC entry 84 (OID 36779)
-- Name: unitsofmeasure; Type: TABLE; Schema: public; Owner: weberp_db_user
--

CREATE TABLE unitsofmeasure (
    unitid serial NOT NULL,
    unitname text NOT NULL
);


--
-- TOC entry 85 (OID 36785)
-- Name: config; Type: TABLE; Schema: public; Owner: weberp_db_user
--

CREATE TABLE config (
    confname text NOT NULL,
    confvalue text NOT NULL
);


--
-- Data for TOC entry 473 (OID 35742)
-- Name: holdreasons; Type: TABLE DATA; Schema: public; Owner: weberp_db_user
--

COPY holdreasons (reasoncode, reasondescription, dissallowinvoices) FROM stdin;
20	Watch	0
30	No more work until payment rec	1
1	Good History	0
51	In liquidation	1
\.


--
-- Data for TOC entry 474 (OID 35750)
-- Name: currencies; Type: TABLE DATA; Schema: public; Owner: weberp_db_user
--

COPY currencies (currency, currabrev, country, hundredsname, rate) FROM stdin;
Rand	ZAR	South Africa	cents	1.0000
Euros Europe	EUR	European Union	cents	2.4540
\.


--
-- Data for TOC entry 475 (OID 35760)
-- Name: paymentterms; Type: TABLE DATA; Schema: public; Owner: weberp_db_user
--

COPY paymentterms (termsindicator, terms, daysbeforedue, dayinfollowingmonth) FROM stdin;
7	Payment due within 7 days	7	0
20	Due 20th Of the Following Month	0	22
30	Due By End Of The Following Month	0	30
CA	Cash Only	0	1
\.


--
-- Data for TOC entry 476 (OID 35769)
-- Name: systypes; Type: TABLE DATA; Schema: public; Owner: weberp_db_user
--

COPY systypes (typeid, typename, typeno) FROM stdin;
0	Journal - GL	0
2	Receipt - GL	0
3	Standing Journal	0
15	Journal - Debtors	0
18	Purchase Order	0
21	Debit Note	0
23	Creditors Journal	0
26	Work Order Receipt	0
28	Work Order Issue	0
29	Work Order Variance	0
30	Sales Order	0
35	Cost Update	0
50	Opening Balance	0
16	Location Transfer	2
31	Shipment Close	3
11	Credit Note	2
1	Payment - GL	2
22	Creditors Payment	2
12	Receipt	5
25	Purchase Order Delivery	2
20	Purchase Invoice	1
17	Stock Adjustment	4
10	Sales Invoice	12
\.


--
-- Data for TOC entry 477 (OID 35777)
-- Name: periods; Type: TABLE DATA; Schema: public; Owner: weberp_db_user
--

COPY periods (periodno, lastdate_in_period) FROM stdin;
1	2000-01-31
2	2000-02-29
3	2000-03-31
4	2000-04-30
5	2000-05-31
6	2000-06-30
7	2000-07-31
8	2000-08-31
9	2000-09-30
10	2000-10-31
11	2000-11-30
12	2000-12-31
13	2001-01-31
14	2001-02-28
15	2001-03-31
16	2001-04-30
17	2001-05-31
18	2001-06-30
19	2001-07-31
20	2001-08-31
21	2001-09-30
22	2001-10-31
23	2001-11-30
24	2001-12-31
25	2002-01-31
26	2002-02-28
27	2002-03-31
28	2002-04-30
29	2002-05-31
30	2002-06-30
31	2002-07-31
32	2002-08-31
33	2002-09-30
34	2002-10-31
35	2002-11-30
36	2002-12-31
37	2003-01-31
38	2003-02-28
39	2003-03-31
40	2003-04-30
41	2003-05-31
42	2003-06-30
43	2003-07-31
44	2003-08-31
45	2003-09-30
46	2003-10-31
47	2003-11-30
48	2003-12-31
49	2004-01-31
50	2004-02-29
51	2004-03-31
52	2004-04-30
53	2004-05-31
54	2004-06-30
55	2004-07-31
56	2004-08-31
57	2004-09-30
58	2004-10-31
59	2004-11-30
60	2004-12-31
61	2005-01-31
62	2005-02-28
\.


--
-- Data for TOC entry 478 (OID 35780)
-- Name: accountgroups; Type: TABLE DATA; Schema: public; Owner: weberp_db_user
--

COPY accountgroups (groupname, sectioninaccounts, pandl, sequenceintb) FROM stdin;
Accounts Payable	30	0	80
Accounts Receivable	20	0	74
Bank	20	0	76
Cost of Sales	2	1	15
Dividents Paid	5	1	35
Expenses	5	1	25
Goodwill or Intangable Assets	20	0	71
Inventory - W.I.P	20	0	73
Investments	20	0	70
Long Term Liabilities	30	0	55
Manufacturing Cost Adj	2	1	18
Non Distributable Reserve	50	0	48
Normal Taxation	5	1	30
Other Balance Sheet Accs	30	0	99
Other Current Assets	20	0	78
Other Current Liabilities	30	0	88
Other Income	5	1	20
Other Income / Expenses	5	1	1
Other Long Term Liabilities	30	0	58
Provision for Expenses	30	0	90
Retained Income/(Loss)	50	0	45
Sales	1	1	10
Share Capital	50	0	40
Shareholders Loans	30	0	50
VAT / Tax Payable	30	0	85
FA-Land and Buildings	10	0	60
FA-Plant and Machinery	10	0	61
FA-Motor Vehicles	10	0	62
FA-Computer Equipment	10	0	63
FA-Office Equipment	10	0	64
FA-Furniture and Fittings	10	0	65
FA-Other Assets - 1	10	0	66
Inventory - on Hand	20	0	72
\.


--
-- Data for TOC entry 479 (OID 35791)
-- Name: cogsglpostings; Type: TABLE DATA; Schema: public; Owner: weberp_db_user
--

COPY cogsglpostings (id, area, stkcat, glcode, salestype) FROM stdin;
\.


--
-- Data for TOC entry 480 (OID 35801)
-- Name: chartmaster; Type: TABLE DATA; Schema: public; Owner: weberp_db_user
--

COPY chartmaster (accountcode, accountname, group_) FROM stdin;
100000	Sales / Discount / Service Fee Income	Sales
200000	Operating Cost / Cost of Sales / Purchases	Cost of Sales
210000	Inv Adjustment / Other Direct Operating Costs	Cost of Sales
220000	Purchase Variance	Cost of Sales
230000	Freight on Goods Purchased	Cost of Sales
235000	Packing Costs	Cost of Sales
240000	Manufacturing Cost / Recovery Account	Manufacturing Cost Adj
240010	Labour Manufacture Cost / Recovery	Manufacturing Cost Adj
240020	Direct Manufacture Cost / Recovery	Manufacturing Cost Adj
240030	Other Manufacture Cost / Recovery	Manufacturing Cost Adj
250000	Pft/Loss on Foreign Currency	Cost of Sales
270000	Discount Received for Cash	Other Income
275000	Interest Received	Other Income
280000	Pft/Loss on Sale of Non Current Assets	Other Income
285000	Bad Debt Recovery	Other Income
290000	Sundry Income	Other Income
300000	Accounting Fees	Expenses
305000	Advertising and Promotions	Expenses
310000	Accounting / Audit Fees	Expenses
315000	Bad Debts	Expenses
320000	Bank Charges	Expenses
325000	Cleaning	Expenses
330000	Computer Expenses	Expenses
335000	Consulting Fees	Expenses
340000	Courier & Postage	Expenses
345000	Depreciation	Expenses
350000	Directors Fees / Members Remuneration	Expenses
355000	Discount Allowed for Cash	Expenses
360000	Donations	Expenses
365000	Electricity and Water	Expenses
370000	Entertainment Expenses	Expenses
375000	Finance Charges	Expenses
380000	General Expenses	Expenses
380010	General Expenses - Gifts	Expenses
380020	General Expenses - Fines	Expenses
385000	Insurance	Expenses
390000	Interest Paid	Expenses
395000	Leasing Charges	Expenses
400000	Legal Fees	Expenses
405000	Levies	Expenses
415000	Motor Vehicle Expenses	Expenses
415010	Motor Vehicle - Perol and Oil	Expenses
415020	Motor Vehicle - Repairs and Maintenance	Expenses
415030	Motor Vehicle - Insurance and Licence	Expenses
415040	Motor Vehicle - Parking and Toll	Expenses
420000	Printing and Stationery	Expenses
430000	Rent Paid	Expenses
435000	Repairs and Maintenance	Expenses
438000	Royalty Expenses	Expenses
440000	Salaries and Wages	Expenses
445000	Staff Training	Expenses
450000	Staff Welfare	Expenses
455000	Subscriptions	Expenses
460000	Telephone and Fax	Expenses
465000	Travel - Abroad	Expenses
465010	Travel - Abroad - Travelling	Expenses
465020	Travel - Abroad - Accommodation and subsistance	Expenses
466000	Travel - Local	Expenses
466010	Travel - Local - Travelling	Expenses
466020	Travel - Local - Accommodation and subsistance	Expenses
480000	Normal Taxation	Normal Taxation
485000	Deferred Taxation	Normal Taxation
490000	Dividends Declared / Paid	Dividents Paid
510000	Share Capital / Members Contribution	Share Capital
520000	Retained Income / (Accumulated Loss)	Retained Income/(Loss)
540000	Shareholders / Directors / Members Loans	Shareholders Loans
550000	Long Term Liabilities	Long Term Liabilities
560000	Instalment Sale Creditors	Other Long Term Liabilities
570000	Deferred Taxation Provision	Other Long Term Liabilities
610000	Land and Buildings - Net Value	FA-Land and Buildings
610010	Land and Buildings - at Cost	FA-Land and Buildings
610020	Land and Buildings - Accum Depreciation	FA-Land and Buildings
615000	Plant and Machinery - Net Value	FA-Plant and Machinery
615010	Plant and Machinery - at Cost	FA-Plant and Machinery
615020	Plant and Machinery - Accum Depreciation	FA-Plant and Machinery
620000	Motor Vehicles - Net Value	FA-Motor Vehicles
620010	Motor Vehicles - at Cost	FA-Motor Vehicles
620020	Motor Vehicles - Accum Depreciation	FA-Motor Vehicles
625000	Computer Equipment - Net Value	FA-Computer Equipment
625010	Computer Equipment - at Cost	FA-Computer Equipment
625020	Computer Equipment - Accum Depreciation	FA-Computer Equipment
630000	Office Equipment - Net Value	FA-Office Equipment
630010	Office Equipment - at Cost	FA-Office Equipment
630020	Office Equipment - Accum Depreciation	FA-Office Equipment
635000	Furniture and Fittings - Net Value	FA-Furniture and Fittings
635010	Furniture and Fittings - at Cost	FA-Furniture and Fittings
635020	Furniture and Fittings - Accum Depreciation	FA-Furniture and Fittings
660000	Other Fixed Assets - Net Value	FA-Other Assets - 1
660010	Other Fixed Assets - at Cost	FA-Other Assets - 1
660020	Other Fixed Assets - Accum Depreciation	FA-Other Assets - 1
700000	Goodwill or Intangable Assets	Goodwill or Intangable Assets
710000	Investments	Investments
710100	Listed Shares - at Cost	Investments
710200	Unlisted Shares - at Cost	Investments
720000	Shares in Subsidiary Companies	Investments
740000	Loans To /(From) Subsidiary Companies	Investments
750000	Inventory Control - Raw Materials	Inventory - on Hand
760000	Inventory Control - W.I.P / Sub Assembly	Inventory - W.I.P
770000	Inventory Control - Finished Goods / Other Assets	Inventory - on Hand
800000	Customer Control Account	Accounts Receivable
805000	Less:Provision For Doubtful Debts	Accounts Receivable
810000	POS Cash Control	Other Current Assets
820000	Sundry Customers	Other Current Assets
820010	Prepayments / Deferred Expenses	Other Current Assets
820020	Staff Loans	Other Current Assets
840000	Petty Cash	Bank
841000	Bank Account 1	Bank
842000	Bank Account 2	Bank
900000	Supplier Control Account	Accounts Payable
910000	GRN Accrual Account	Accounts Payable
920000	Sundry Suppliers	Other Current Liabilities
920010	Accounting / Audit Fee Accrual	Other Current Liabilities
920020	Other Accruals	Other Current Liabilities
925000	Salary and Wages Control	Other Current Liabilities
930000	Taxation Payable	Other Current Liabilities
935000	Dividends Payable	Other Current Liabilities
940000	Provision for Future Expenses	Provision for Expenses
940010	Provision for Insurance	Provision for Expenses
940020	Provision for Salary Bonus	Provision for Expenses
950000	VAT / Tax Control Account	VAT / Tax Payable
951000	VAT / Tax Provision Account	VAT / Tax Payable
999000	Opening Balance / Suspense Account	Other Current Liabilities
1	Default Sales and COGS	Sales
215000	Inv Count Variance / Other Indirect Operating Cost	Cost of Sales
\.


--
-- Data for TOC entry 481 (OID 35811)
-- Name: taxauthorities; Type: TABLE DATA; Schema: public; Owner: weberp_db_user
--

COPY taxauthorities (taxid, description, taxglcode, purchtaxglaccount, bank, bankacctype, bankacc, bankswift) FROM stdin;
1	VAT	951000	951000	\N	\N	\N	\N
\.


--
-- Data for TOC entry 482 (OID 35820)
-- Name: companies; Type: TABLE DATA; Schema: public; Owner: weberp_db_user
--

COPY companies (coycode, coyname, gstno, companynumber, postaladdress, regoffice1, regoffice2, regoffice3, telephone, fax, email, currencydefault, debtorsact, pytdiscountact, creditorsact, payrollact, grnact, exchangediffact, purchasesexchangediffact, retainedearnings, gllink_debtors, gllink_creditors, gllink_stock, freightact) FROM stdin;
1	weberp Demo		0	123 no name road	12 Downing Street,	Wagga Wagga	Victoria	03 45444 5442 	03 54444 45454		ZAR	800000	100000	900000	925000	910000	250000	220000	520000	1	1	1	340000
\.


--
-- Data for TOC entry 483 (OID 35849)
-- Name: ediitemmapping; Type: TABLE DATA; Schema: public; Owner: weberp_db_user
--

COPY ediitemmapping (supporcust, partnercode, stockid, partnerstockid) FROM stdin;
\.


--
-- Data for TOC entry 484 (OID 35860)
-- Name: edimessageformat; Type: TABLE DATA; Schema: public; Owner: weberp_db_user
--

COPY edimessageformat (id, partnercode, messagetype, section, sequenceno, linetext) FROM stdin;
\.


--
-- Data for TOC entry 485 (OID 35871)
-- Name: edi_orders_seg_groups; Type: TABLE DATA; Schema: public; Owner: weberp_db_user
--

COPY edi_orders_seg_groups (seggroupno, maxoccur, parentseggroup) FROM stdin;
\.


--
-- Data for TOC entry 486 (OID 35878)
-- Name: edi_orders_segs; Type: TABLE DATA; Schema: public; Owner: weberp_db_user
--

COPY edi_orders_segs (id, segtag, seggroup, maxoccur) FROM stdin;
\.


--
-- Data for TOC entry 487 (OID 35889)
-- Name: gltrans; Type: TABLE DATA; Schema: public; Owner: weberp_db_user
--

COPY gltrans (counterindex, "type", typeno, chequeno, trandate, periodno, account, narrative, amount, posted, jobref) FROM stdin;
1	12	5	0	2005-01-03	61	841000		3.5	0	
2	12	5	0	2005-01-03	61	800000		-3.6200000000000001	0	
3	12	5	0	2005-01-03	61	100000		0.12	0	
7	25	2	0	2005-01-13	61	770000	PO: 6 SUP01 - PHIS01 - A phisical Stock Item x 320 @ 10.00	3200	0	
8	25	2	0	2005-01-13	61	910000	PO: 6 SUP01 - PHIS01 - A phisical Stock Item x 320 @ 10.00	-3200	0	
9	20	1	0	2005-01-12	61	910000	SUP01 - GRN 6 - PHIS01 x 322 @  std cost of 10.0000	3220	0	
10	20	1	0	2005-01-12	61	220000	SUP01 - GRN 6 - PHIS01 x 322 x  price var of 1.55	499.10000000000002	0	
11	20	1	0	2005-01-12	61	900000	SUP01 - Inv 854442 ZAR3,719.10 @ a rate of 1.0000	-3719.0999999999999	0	
12	10	10	0	2005-01-14	61	1	CUST01 - PHIS01 x 12 @ 10.0000	120	0	
13	10	10	0	2005-01-14	61	770000	CUST01 - PHIS01 x 12 @ 10.0000	-120	0	
14	10	10	0	2005-01-14	61	100000	CUST01 - PHIS01 x 12 @ 60.0000	-720	0	
15	10	10	0	2005-01-14	61	100000	CUST01 - PHIS01 @ 3.5%	25.199999999999999	0	
16	10	10	0	2005-01-14	61	800000	CUST01	694.79999999999995	0	
17	10	11	0	2005-02-07	62	100000	CUST01 - DEVDB x 24.2 @ 40.0000	-968	0	
18	10	11	0	2005-02-07	62	800000	CUST01	968	0	
19	10	12	0	2005-02-07	62	100000	CUST01 - DEVDB x 6.5 @ 40.0000	-260	0	
20	10	12	0	2005-02-07	62	100000	CUST01 - DEVDB @ 25%	65	0	
21	10	12	0	2005-02-07	62	100000	CUST01 - PHIS02 x 6 @ 70.0000	-420	0	
22	10	12	0	2005-02-07	62	800000	CUST01	615	0	
\.


--
-- Data for TOC entry 488 (OID 35904)
-- Name: lastcostrollup; Type: TABLE DATA; Schema: public; Owner: weberp_db_user
--

COPY lastcostrollup (stockid, totalonhand, matcost, labcost, oheadcost, categoryid, stockact, adjglact, newmatcost, newlabcost, newoheadcost) FROM stdin;
\.


--
-- Data for TOC entry 489 (OID 35920)
-- Name: locations; Type: TABLE DATA; Schema: public; Owner: weberp_db_user
--

COPY locations (loccode, locationname, deladd1, deladd2, deladd3, tel, fax, email, contact, taxauthority) FROM stdin;
CPT	Cape Town	na	na	na	na	na	na	na	1
SYD	Sydney							Eric Von Hammer	1
\.


--
-- Data for TOC entry 490 (OID 35937)
-- Name: reportheaders; Type: TABLE DATA; Schema: public; Owner: weberp_db_user
--

COPY reportheaders (reportid, reportheading, groupbydata1, newpageafter1, lower1, upper1, groupbydata2, newpageafter2, lower2, upper2, groupbydata3, newpageafter3, lower3, upper3, groupbydata4, newpageafter4, upper4, lower4) FROM stdin;
1	Sales in 2004	Customer Code	0	0	zzzzzzz	Not Used	0			Not Used	0			Not Used	0		
\.


--
-- Data for TOC entry 491 (OID 35954)
-- Name: reportcolumns; Type: TABLE DATA; Schema: public; Owner: weberp_db_user
--

COPY reportcolumns (reportid, colno, heading1, heading2, calculation, periodfrom, periodto, datatype, colnumerator, coldenominator, calcoperator, budgetoractual, valformat, constant) FROM stdin;
1	2	Quantity		0	51	60	Quantity	0	0		1	N	0
1	3	Budget	Value	0	51	59	Gross Value	0	0		0	N	0
\.


--
-- Data for TOC entry 492 (OID 35968)
-- Name: salesanalysis; Type: TABLE DATA; Schema: public; Owner: weberp_db_user
--

COPY salesanalysis (typeabbrev, periodno, amt, cost, cust, custbranch, qty, disc, stockid, area, budgetoractual, salesperson, stkcategory, id) FROM stdin;
WS	60	-60.0000	0.0000	CUST01	CUST01	-1.0000	0.0000	PHIS01	ZA	1	GEN	MISC	1
WS	60	-70.0000	0.0000	CUST01	CUST01	-1.0000	0.0000	PHIS02	ZA	1	GEN	MISC	2
WS	60	600.0000	0.0000	CUST01	CUST01	15.0000	0.0000	DEVDB	ZA	1	GEN	MISC	3
WS	60	60.0000	40.0000	CUST01	CUST01	2.0000	0.0000	*5_1	ZA	1	GEN	MISC	4
WS	61	720.0000	120.0000	CUST01	CUST01	12.0000	25.2000	PHIS01	ZA	1	GEN	MISC	5
WS	62	968.0000	0.0000	CUST01	CUST01	24.2000	0.0000	DEVDB	ZA	1	GEN	MISC	6
WS	62	420.0000	0.0000	CUST01	CUST01	6.0000	0.0000	PHIS02	ZA	1	GEN	MISC	7
\.


--
-- Data for TOC entry 493 (OID 35989)
-- Name: salesglpostings; Type: TABLE DATA; Schema: public; Owner: weberp_db_user
--

COPY salesglpostings (id, area, stkcat, discountglcode, salesglcode, salestype) FROM stdin;
2	AN	ANY	100000	100000	AN
\.


--
-- Data for TOC entry 494 (OID 36000)
-- Name: salestypes; Type: TABLE DATA; Schema: public; Owner: weberp_db_user
--

COPY salestypes (typeabbrev, sales_type) FROM stdin;
WS	Wholesale
\.


--
-- Data for TOC entry 495 (OID 36007)
-- Name: discountmatrix; Type: TABLE DATA; Schema: public; Owner: weberp_db_user
--

COPY discountmatrix (salestype, discountcategory, quantitybreak, discountrate) FROM stdin;
\.


--
-- Data for TOC entry 496 (OID 36016)
-- Name: salesman; Type: TABLE DATA; Schema: public; Owner: weberp_db_user
--

COPY salesman (salesmancode, salesmanname, smantel, smanfax, commissionrate1, breakpoint, commissionrate2) FROM stdin;
GEN	General	N/A	N/A	0.0000	0.0000	0.0000
REF	Referral			0.0000	0.0000	0.0000
\.


--
-- Data for TOC entry 497 (OID 36028)
-- Name: scripts; Type: TABLE DATA; Schema: public; Owner: weberp_db_user
--

COPY scripts (pageid, filename, pagedescription) FROM stdin;
1	AccountGroups.php	Defines the groupings of general ledger accounts
2	AgedDebtors.php	Lists customer account balances in detail or summary in selected currency
3	AgedSuppliers.php	Lists supplier account balances in detail or summary in selected currency
4	Areas.php	Defines the sales areas - all customers must belong to a sales area for the purposes of sales analysis
5	BOMInquiry.php	Displays the bill of material with cost information
6	BOMListing.php	Lists the bills of material for a selected range of items
7	BOMs.php	Administers the bills of material for a selected item
8	BankAccounts.php	Defines the general ledger code for bank accounts and specifies that bank transactions be created for these accounts for the purposes of reconciliation
9	BankMatching.php	Allows payments and receipts to be matched off against bank statements
10	BankReconciliation.php	Displays the bank reconciliation for a selected bank account
11	COGSGLPostings.php	Defines the general ledger account to be used for cost of sales entries
12	CompanyPreferences.php	Defines the settings applicable for the company, including name, address, tax authority reference, whether GL integration used etc.
13	ConfirmDispatchControlled_Invoice.php	Specifies the batch references/serial numbers of items dispatched that are being invoiced
14	ConfirmDispatch_Invoice.php	Creates sales invoices from entered sales orders based on the quantities dispatched that can be modified
15	CreditItemsControlled.php	Specifies the batch references/serial numbers of items being credited back into stock
16	CreditStatus.php	Defines the credit status records. Each customer account is given a credit status from this table. Some credit status records can prohibit invoicing and new orders being entered.
17	Credit_Invoice.php	Creates a credit note based on the details of an existing invoice
18	Currencies.php	Defines the currencies available. Each customer and supplier must be defined as transacting in one of the currencies defined here.
19	CustEDISetup.php	Allows the set up the customer specified EDI parameters for server, email or ftp.
20	CustWhereAlloc.php	Shows to which invoices a receipt was allocated to
21	CustomerAllocations.php	Allows customer receipts and credit notes to be allocated to sales invoices
22	CustomerBranches.php	Defines the details of customer branches such as delivery address and contact details - also sales area, representative etc
23	CustomerInquiry.php	Shows the customers account transactions with balances outstanding, links available to drill down to invoice/credit note or email invoices/credit notes
24	CustomerReceipt.php	Entry of both customer receipts against accounts receivable and also general ledger or nominal receipts
25	CustomerTransInquiry.php	Lists in html the sequence of customer transactions, invoices, credit notes or receipts by a user entered date range
26	Customers.php	Defines the setup of a customer account, including payment terms, billing address, credit status, currency etc
27	DeliveryDetails.php	Used during order entry to allow the entry of delivery addresses other than the defaulted branch delivery address and information about carrier/shipping method etc
30	EDIMessageFormat.php	Specifies the EDI message format used by a customer - administrator use only.
31	EDIProcessOrders.php	Processes incoming EDI orders into sales orders
32	EDISendInvoices.php	Processes invoiced EDI customer invoices into EDI messages and sends using the customers preferred method either ftp or email attachments.
33	EmailCustTrans.php	Emails selected invoice or credit to the customer
34	FTP_RadioBeacon.php	FTPs sales orders for dispatch to a radio beacon software enabled warehouse dispatching facility
35	FreightCosts.php	Defines the setup of the freight cost using different shipping methods to different destinations. The system can use this information to calculate applicable freight if the items are defined with the correct kgs and cubic volume
36	GLAccountInquiry.php	Shows the general ledger transactions for a specified account over a specified range of periods
37	GLAccounts.php	Defines the general ledger accounts
38	GLBalanceSheet.php	Shows the balance sheet for the company as at a specified date
39	GLCodesInquiry.php	Shows the list of general ledger codes defined with account names and groupings
40	GLJournal.php	Entry of general ledger journals, periods are calculated based on the date entered here
41	GLProfit_Loss.php	Shows the profit and loss of the company for the range of periods entered
42	GLTransInquiry.php	Shows the general ledger journal created for the sub ledger transaction specified
43	GLTrialBalance.php	Shows the trial balance for the month and the for the period selected together with the budgeted trial balances
44	GoodsReceived.php	Entry of items received against purchase orders
45	GoodsReceivedControlled.php	Entry of the serial numbers or batch references for controlled items received against purchase orders
46	InventoryPlanning.php	Creates a pdf report showing the last 4 months use of items including as a component of assemblies together with stock quantity on hand, current demand for the item and current quantity on sales order.
47	InventoryValuation.php	Creates a pdf report showing the value of stock at standard cost for a range of product categories selected
48	Locations.php	Defines the inventory stocking locations or warehouses
49	Logout.php	Shows when the user logs out of webERP
50	MailInventoryValuation.php	Meant to be run as a scheduled process to email the stock valuation off to a specified person. Creates the same stock valuation report as InventoryValuation.php
51	MailSalesReport.php	Creates a sales analysis pdf report and emails it to the defined receipients. This script is meant to be run as a scheduled process for daily or weekly sales reporting
52	MailSalesReport_csv.php	Creates a sales analysis report as a comma separated values (csv) file and emails it to the defined receipients. This script is meant to be run as a scheduled process for daily or weekly sales reporting
53	OrderDetails.php	Shows the detail of a sales order
54	OutstandingGRNs.php	Creates a pdf showing all GRNs for which there has been no purchase invoice matched off against.
55	PDFBankingSummary.php	Creates a pdf showing the amounts entered as receipts on a specified date together with references for the purposes of banking
56	PDFChequeListing.php	Creates a pdf showing all payments that have been made from a specified bank account over a specified period. This can be emailed to an email account defined in config.php - ie a financial controller
57	PDFDeliveryDifferences.php	Creates a pdf report listing the delivery differences from what the customer requested as recorded in the order entry. The report calculates a percentage of order fill based on the number of orders filled in full on time
58	PDFLowGP.php	Creates a pdf report showing the low gross profit sales made in the selected date range. The percentage of gp deemed acceptable can also be entered
59	PDFPriceList.php	Creates a pdf of the price list applicable to a given sales type and customer. Also allows the listing of prices specific to a customer
60	PDFStockCheckComparison.php	Creates a pdf comparing the quantites entered as counted at a given range of locations against the quantity stored as on hand as at the time a stock check was initiated.
61	PDFStockLocTransfer.php	Creates a stock location transfer docket for the selected location transfer reference number
62	PO_Chk_ShiptRef_JobRef.php	Checks the Shipment of JobReference number is correct during AP invoice entry
63	PO_Header.php	Entry of a purchase order header record - date, references buyer etc
64	PO_Items.php	Entry of a purchase order items - allows entry of items with lookup of currency cost from Purchasing Data previously entered also allows entry of nominal items against a general ledger code if the AP is integrated to the GL
65	PO_OrderDetails.php	Purchase order inquiry shows the quantity received and invoiced of purchase order items as well as the header information
66	PO_PDFPurchOrder.php	Creates a pdf of the selected purchase order for printing or email to one of the supplier contacts entered
67	PO_SelectOSPurchOrder.php	Shows the outstanding purchase orders for selecting with links to receive or modify the purchase order header and items
68	PO_SelectPurchOrder.php	Allows selection of any purchase order with links to the inquiry
69	PaymentTerms.php	Defines the payment terms records, these can be expressed as either a number of days credit or a day in the following month. All customers and suppliers must have a corresponding payment term recorded against their account
70	Payments.php	Entry of bank account payments either against an AP account or a general ledger payment - if the AP-GL link in company preferences is set
71	PeriodsInquiry.php	Shows a list of all the system defined periods
72	Prices.php	Entry of prices for a selected item also allows selection of sales type and currency for the price
73	Prices_Customer.php	Entry of prices for a selected item and selected customer/branch. The currency and sales type is defaulted from the customer's record
74	PrintCustOrder.php	Creates a pdf of the dispatch note - by default this is expected to be on two part pre-printed stationery to allow pickers to note discrepancies for the confirmer to update the dispatch at the time of invoicing
75	PrintCustOrder_generic.php	Creates two copies of a laser printed dispatch note - both copies need to be written on by the pickers with any discrepancies to advise customer of any shortfall and on the office copy to ensure the correct quantites are invoiced
76	PrintCustStatements.php	Creates a pdf for the customer statements in the selected range
77	PrintCustTrans.php	Creates either a html invoice or credit note or a pdf. A range of invoices or credit notes can be selected also.
78	PurchData.php	Entry of supplier purchasing data, the suppliers part reference and the suppliers currency cost of the item
79	ReverseGRN.php	Reverses the entry of goods received - creating stock movements back out and necessary general ledger journals to effect the reversal
80	SalesAnalReptCols.php	Entry of the definition of a sales analysis report's columns.
81	SalesAnalRepts.php	Entry of the definition of a sales analysis report headers
82	SalesAnalysis_UserDefined.php	Creates a pdf of a selected user defined sales analysis report
83	SalesGLPostings.php	Defines the general ledger accounts used to post sales to based on product categories and sales areas
84	SalesPeople.php	Defines the sales people of the business
85	SalesTypes.php	Defines the sales types - prices are held against sales types they can be considered price lists. Sales analysis records are held by sales type too.
86	SelectCompletedOrder.php	Allows the selection of completed sales orders for inquiries - choices to select by item code or customer
87	SelectCreditItems.php	Entry of credit notes from scratch, selecting the items in either quick entry mode or searching for them manually
88	SelectCustomer.php	Selection of customer - from where all customer related maintenance, transactions and inquiries start
89	SelectGLAccount.php	Selection of general ledger account from where all general ledger account maintenance, or inquiries are initiated
90	SelectOrderItems.php	Entry of sales order items with both quick entry and part search functions
91	SelectProduct.php	Selection of items. All item maintenance, transactions and inquiries start with this script
92	SelectSalesOrder.php	Selects a sales order irrespective of completed or not for inquiries
93	SelectSupplier.php	Selects a supplier. A supplier is required to be selected before any AP transactions and before any maintenance or inquiry of the supplier
94	ShipmentCosting.php	Shows the costing of a shipment with all the items invoice values and any shipment costs apportioned. Updating the shipment has an option to update standard costs of all items on the shipment and create any general ledger variance journals
95	Shipments.php	Entry of shipments from outstanding purchase orders for a selected supplier - changes in the delivery date will cascade into the different purchase orders on the shipment
96	Shippers.php	Defines the shipping methods available. Each customer branch has a default shipping method associated with it which must match a record from this table
97	Shipt_Select.php	Selection of a shipment for displaying and modification or updating
98	ShiptsList.php	Shows a list of all the open shipments for a selected supplier. Linked from POItems.php
99	SpecialOrder.php	Allows for a sales order to be created and an indent order to be created on a supplier for a one off item that may never be purchased again. A dummy part is created based on the description and cost details given.
100	StockAdjustments.php	Entry of quantity corrections to stocks in a selected location.
101	StockAdjustmentsControlled.php	Entry of batch references or serial numbers on controlled stock items being adjusted
102	StockCategories.php	Defines the stock categories. All items must refer to one of these categories. The category record also allows the specification of the general ledger codes where stock items are to be posted - the balance sheet account and the profit and loss effect of any adjustments and the profit and loss effect of any price variances
103	StockCheck.php	Allows creation of a stock check file - copying the current quantites in stock for later comparison to the entered counts. Also produces a pdf for the count sheets.
104	StockCostUpdate.php	Allows update of the standard cost of items producing general ledger journals if the company preferences stock GL interface is active
105	StockCounts.php	Allows entry of stock counts
106	StockLocMovements.php	Inquiry shows the Movements of all stock items for a specified location
107	StockLocQties_csv.php	Makes a comma separated values (CSV)file of the stock item codes and quantities
108	StockLocStatus.php	Shows the stock on hand together with outstanding sales orders and outstanding purchase orders by stock location for all items in the selected stock category
109	StockLocTransfer.php	Entry of a bulk stock location transfer for many parts from one location to another.
110	StockLocTransferReceive.php	Effects the transfer and creates the stock movements for a bulk stock location transfer initiated from StockLocTransfer.php
111	StockMovements.php	Shows a list of all the stock movements for a selected item and stock location including the price at which they were sold in local currency and the price at which they were purchased for in local currency
112	StockQties_csv.php	Makes a comma separated values (CSV)file of the stock item codes and quantities
113	StockReorderLevel.php	Entry and review of the re-order level of items by stocking location
114	StockSerialItems.php	Shows a list of the serial numbers or the batch references and quantities of controlled items. This inquiry is linked from the stock status inquiry
115	StockStatus.php	Shows the stock on hand together with outstanding sales orders and outstanding purchase orders by stock location for a selected part. Has a link to show the serial numbers in stock at the location selected if the item is controlled
116	StockTransferControlled.php	Entry of serial numbers/batch references for controlled items being received on a stock transfer. The script is used by both bulk transfers and point to point transfers
117	StockTransfers.php	Entry of point to point stock location transfers of a single part
118	StockUsage.php	Inquiry showing the quantity of stock used by period calculated from the sum of the stock movements over that period - by item and stock location. Also available over all locations
119	Stocks.php	Defines an item - maintenance and addition of new parts
120	SuppCreditGRNs.php	Entry of a supplier credit notes (debit notes) against existing GRN which have already been matched in full or in part
121	SuppInvGRNs.php	Entry of supplier invoices against goods received
122	SuppPaymentRun.php	Automatic creation of payment records based on calculated amounts due from AP invoices entered
123	SuppShiptChgs.php	Entry of supplier invoices against shipments as charges against a shipment
124	SuppTransGLAnalysis.php	Entry of supplier invoices against general ledger codes
125	SupplierAllocations.php	Entry of allocations of supplier payments and credit notes to invoices
126	SupplierContacts.php	Entry of supplier contacts and contact details including email addresses
127	SupplierCredit.php	Entry of supplier credit notes (debit notes)
128	SupplierInquiry.php	Inquiry showing invoices, credit notes and payments made to suppliers together with the amounts outstanding
129	SupplierInvoice.php	Entry of supplier invoices
130	Suppliers.php	Entry of new suppliers and maintenance of existing suppliers
131	TaxAuthorities.php	Entry of tax authorities - the state intitutions that charge tax
132	TaxAuthorityRates.php	Entry of the rates of tax applicable to the tax authority depending on the item tax level
133	WWW_Users.php	Entry of users and security settings of users
134	WhereUsedInquiry.php	Inquiry showing where an item is used ie all the parents where the item is a component of
135	WorkCentres.php	Defines the various centres of work within a manufacturing company. Also the overhead and labour rates applicable to the work centre and its standard capacity
136	WorkOrderEntry.php	Entry of new work orders
137	WorkOrderIssue.php	Issue of materials to a work order
138	Z_ChangeBranchCode.php	Utility to change the branch code of a customer that cascades the change through all the necessary tables
139	Z_ChangeCustomerCode.php	Utility to change a customer code that cascades the change through all the necessary tables
140	Z_ChangeStockCode.php	Utility to change an item code that cascades the change through all the necessary tables
141	Z_CheckAllocationsFrom.php	
142	Z_CheckAllocs.php	
143	Z_CheckDebtorsControl.php	Inquiry that shows the total local currency (functional currency) balance of all customer accounts to reconcile with the general ledger debtors account
144	Z_CreateChartDetails.php	Utility page to create chart detail records for all general ledger accounts and periods created - needs expert assistance in use
145	Z_CreateCompany.php	Utility to insert company number 1 if not already there - actually only company 1 is used - the system is not multi-company
146	Z_CurrencyDebtorsBalances.php	Inquiry that shows the total foreign currency together with the total local currency (functional currency) balances of all customer accounts to reconcile with the general ledger debtors account
147	Z_CurrencySuppliersBalances.php	Inquiry that shows the total foreign currency amounts and also the local currency (functional currency) balances of all supplier accounts to reconcile with the general ledger creditors account
148	Z_DeleteCreditNote.php	Utility to reverse a customer credit note - a desperate measure that should not be used except in extreme circumstances
149	Z_DeleteInvoice.php	Utility to reverse a customer invoice - a desperate measure that should not be used except in extreme circumstances
150	Z_DeleteSalesTransActions.php	Utility to delete all sales transactions, sales analysis the lot! Extreme care required!!!
151	Z_MakeStockLocns.php	Utility to make LocStock records for all items and locations if not already set up.
152	Z_PriceChanges.php	Utility to make bulk pricing alterations to selected sales type price lists or selected customer prices only
153	Z_ReApplyCostToSA.php	Utility to allow the sales analysis table to be updated with the latest cost information - the sales analysis takes the cost at the time the sale was made to reconcile with the enteries made in the gl.
154	Z_RePostGLFromPeriod.php	Utility to repost all general ledger transaction commencing from a specified period. This can take some time in busy environments. Normally GL transactions are posted automatically each time a trial balance or profit and loss account is run
155	Z_ReverseSuppPaymentRun.php	Utility to reverse an entire Supplier payment run
156	Z_UpdateChartDetailsBFwd.php	Utility to recalculate the ChartDetails table B/Fwd balances - extreme care!!
157	Z_UploadForm.php	Utility to upload a file to a remote server
158	Z_UploadResult.php	Utility to upload a file to a remote server
159	Z_index.php	Utility menu page
160	index.php	The main menu from where all functions available to the user are accessed by clicking on the links
161	phpinfo.php	Details about PHP installation on the server
162	UserSettings.php	Allows the user to change system wide defaults for the theme - appearance, the number of records to show in searches and the language to display messages in
163	StockQuantityByDate.php	Shows the stock on hand for each item at a selected location and stock category as at a specified date
164	PDFOrderStatus.php	Reports on sales order status by date range, by stock location and stock category - producing a pdf showing each line items and any quantites delivered
165	Tax.php	Creates a report of the ad-valoerm tax - GST/VAT - for the period selected from accounts payable and accounts receivable data
166	PDFCustomerList.php	Creates a report of the customer and branch information held. This report has options to print only customer branches in a specified sales area and sales person. Additional option allows to list only those customers with activity either under or over a specified amount, since a specified date.
29	DiscountMatrix.php	Defines the rates of discount applicable to discount categories and the customer groupings to which the rates are to apply\r\n
28	DiscountCategories.php	Defines the items belonging to a discount category. Discount Categories are used to allow discounts based on quantities across a range of producs.\r\n<br>\r\nDiscount categories are free-form created on stock items and must exist on at least one stock item before a discount can be set using the Discount Matrix.\r\n<br>\r\nYou may use this interface to asisgn a discount category to any stock item.
\.


--
-- Data for TOC entry 498 (OID 36036)
-- Name: suppliers; Type: TABLE DATA; Schema: public; Owner: weberp_db_user
--

COPY suppliers (supplierid, suppname, address1, address2, address3, address4, currcode, suppliersince, paymentterms, lastpaid, lastpaiddate, bankact, bankref, bankpartics, remittance, taxauthority) FROM stdin;
SUP01	Test Supplier	Na	Na	Na	Na	ZAR	2004-12-01	CA	130.0000	2004-12-05 00:00:00		0	Na	0	1
TEST	etstt	sst	stt	sst		ZAR	2004-12-28	CA	0.0000	\N		0		0	1
MAUKAU	Tisco Manukau					ZAR	2005-02-03	7	0.0000	\N		0		0	1
\.


--
-- Data for TOC entry 499 (OID 36055)
-- Name: shipments; Type: TABLE DATA; Schema: public; Owner: weberp_db_user
--

COPY shipments (shiptref, voyageref, vessel, eta, accumvalue, supplierid, closed) FROM stdin;
\.


--
-- Data for TOC entry 500 (OID 36068)
-- Name: shipmentcharges; Type: TABLE DATA; Schema: public; Owner: weberp_db_user
--

COPY shipmentcharges (shiptchgid, shiptref, transtype, transno, stockid, value) FROM stdin;
\.


--
-- Data for TOC entry 501 (OID 36081)
-- Name: shippers; Type: TABLE DATA; Schema: public; Owner: weberp_db_user
--

COPY shippers (shipper_id, shippername, mincharge) FROM stdin;
2	Courier Post	0.0000
1	Not Specified	0.0000
\.


--
-- Data for TOC entry 502 (OID 36091)
-- Name: freightcosts; Type: TABLE DATA; Schema: public; Owner: weberp_db_user
--

COPY freightcosts (shipcostfromid, locationfrom, destination, shipperid, cubrate, kgrate, maxkgs, maxcub, fixedprice, minimumchg) FROM stdin;
1	CPT	South Africa	2	0.00	2000.00	2.00	9999.00	0.00	200.00
\.


--
-- Data for TOC entry 503 (OID 36106)
-- Name: stockcategory; Type: TABLE DATA; Schema: public; Owner: weberp_db_user
--

COPY stockcategory (categoryid, categorydescription, stocktype, stockact, adjglact, purchpricevaract, materialuseagevarac, wipact) FROM stdin;
MISC	Miscellaneous	F	770000	210000	220000	215000	760000
BOLTS	Bolts	F	770000	210000	220000	240000	760000
\.


--
-- Data for TOC entry 504 (OID 36119)
-- Name: stockmaster; Type: TABLE DATA; Schema: public; Owner: weberp_db_user
--

COPY stockmaster (stockid, categoryid, description, longdescription, units, mbflag, lastcurcostdate, actualcost, lastcost, materialcost, labourcost, overheadcost, lowestlevel, discontinued, controlled, eoq, volume, kgs, barcode, discountcategory, taxlevel, serialised, decimalplaces) FROM stdin;
PHIS02	MISC	Another Phisical Item	Another Phisical Item	each	M	1800-01-01	0.0000	0.0000	0.0000	0.0000	0.0000	0	0	0	0.00	0.0000	0.0000			1	0	0
*5_1	MISC	A Jar of JAM	A Jar of JAM	each	B	1800-01-01	0.0000	0.0000	20.0000	0.0000	0.0000	0	0	0	0.00	0.0000	0.0000			1	0	0
PHIS01	MISC	A phisical Stock Item	A phisical Stock Item	each	B	1800-01-01	0.0000	0.0000	10.0000	0.0000	0.0000	0	0	0	5.00	1.0000	4.0000			1	0	0
BOLT13MMX10	BOLTS	13mm hex head bolt 10mm thread	13mm hex head bolt 10mm thread	each	M	1800-01-01	0.0000	0.0000	0.0000	0.0000	0.0000	0	0	1	0.00	0.0000	0.0000			1	0	0
STEELBAR10MMROUND	BOLTS	10mm Round Mild Steel Bar	10mm Round Mild Steel Bar	each	B	1800-01-01	0.0000	0.0000	0.0000	0.0000	0.0000	0	0	0	0.00	0.0000	0.0000			1	0	0
DEVDB	MISC	Database Development	The design and/or migration of a database stucture for the purpose of retaining and recalling relational data.	each	D	1800-01-01	0.0000	0.0000	0.0000	0.0000	0.0000	0	0	0	0.00	0.0000	0.0000			1	0	0
\.


--
-- Data for TOC entry 505 (OID 36148)
-- Name: stockcounts; Type: TABLE DATA; Schema: public; Owner: weberp_db_user
--

COPY stockcounts (id, stockid, loccode, qtycounted, reference) FROM stdin;
\.


--
-- Data for TOC entry 506 (OID 36158)
-- Name: stockcheckfreeze; Type: TABLE DATA; Schema: public; Owner: weberp_db_user
--

COPY stockcheckfreeze (stockid, loccode, qoh) FROM stdin;
*5_1	CPT	-4
BOLT13MMX10	CPT	67990
PHIS01	CPT	308
PHIS02	CPT	0
STEELBAR10MMROUND	CPT	0
\.


--
-- Data for TOC entry 507 (OID 36166)
-- Name: prices; Type: TABLE DATA; Schema: public; Owner: weberp_db_user
--

COPY prices (stockid, typeabbrev, currabrev, debtorno, price, branchcode) FROM stdin;
PHIS02	WS	ZAR		70.0000	
DEVDB	WS	ZAR		40.0000	
PHIS01	WS	ZAR		63.2200	
\.


--
-- Data for TOC entry 508 (OID 36177)
-- Name: purchdata; Type: TABLE DATA; Schema: public; Owner: weberp_db_user
--

COPY purchdata (supplierno, stockid, price, suppliersuom, conversionfactor, supplierdescription, leadtime, preferred) FROM stdin;
SUP01	PHIS01	32.9500	each	1.0000	supplier 1 description for physical item 1	15	1
\.


--
-- Data for TOC entry 509 (OID 36190)
-- Name: locstock; Type: TABLE DATA; Schema: public; Owner: weberp_db_user
--

COPY locstock (loccode, stockid, quantity, reorderlevel) FROM stdin;
CPT	DEVDB	0.0	0
CPT	*5_1	-4.0	0
CPT	PHIS01	308.0	0
CPT	STEELBAR10MMROUND	0.0	0
SYD	DEVDB	0.0	0
SYD	PHIS02	0.0	0
SYD	*5_1	0.0	0
SYD	PHIS01	0.0	0
SYD	BOLT13MMX10	0.0	0
SYD	STEELBAR10MMROUND	0.0	0
CPT	BOLT13MMX10	67990.0	0
CPT	PHIS02	-6.0	0
\.


--
-- Data for TOC entry 510 (OID 36199)
-- Name: loctransfers; Type: TABLE DATA; Schema: public; Owner: weberp_db_user
--

COPY loctransfers (reference, stockid, shipqty, recqty, shipdate, recdate, shiploc, recloc) FROM stdin;
\.


--
-- Data for TOC entry 511 (OID 36212)
-- Name: stockmoves; Type: TABLE DATA; Schema: public; Owner: weberp_db_user
--

COPY stockmoves (stkmoveno, stockid, "type", transno, loccode, trandate, debtorno, branchcode, price, prd, reference, qty, discountpercent, standardcost, show_on_inv_crds, newqoh, hidemovt, taxrate, narrative) FROM stdin;
2	PHIS01	11	1	CPT	2004-12-05	CUST01	CUST01	60.0000	60		1.0000	0.0000	0.0000	1	0	0	0	
3	PHIS02	11	2	CPT	2004-12-05	CUST01	CUST01	70.0000	60		1.0000	0.0000	0.0000	1	0	0	0	
6	DEVDB	10	4	CPT	2004-12-07	CUST01	CUST01	40.0000	60	2	-15.0000	0.0000	0.0000	1	0	0	0	
7	*5_1	10	6	CPT	2004-12-08	CUST01	CUST01	30.0000	60	4	-2.0000	0.0000	20.0000	1	-4	0	0	
12	PHIS01	25	2	CPT	2005-01-13			12.0000	61	SUP01 (Test Supplier) - 6	320.0000	0.0000	10.0000	1	320	0	0	
15	PHIS01	10	10	CPT	2005-01-14	CUST01	CUST01	60.0000	61	5	-12.0000	0.0350	10.0000	1	308	0	0	
19	BOLT13MMX10	17	4	CPT	2005-01-16			0.0000	61	initial stock	67990.0000	0.0000	0.0000	1	67990	0	0	
20	DEVDB	10	11	CPT	2005-02-07	CUST01	CUST01	40.0000	62	7	-24.2000	0.0000	0.0000	1	0	0	0	
21	DEVDB	10	12	CPT	2005-02-07	CUST01	CUST01	40.0000	62	6	-6.5000	0.2500	0.0000	1	0	0	0	
22	PHIS02	10	12	CPT	2005-02-07	CUST01	CUST01	70.0000	62	6	-6.0000	0.0000	0.0000	1	-6	0	0	
\.


--
-- Data for TOC entry 512 (OID 36235)
-- Name: stockserialitems; Type: TABLE DATA; Schema: public; Owner: weberp_db_user
--

COPY stockserialitems (stockid, loccode, serialno, quantity) FROM stdin;
BOLT13MMX10	CPT	WO1222	23550
BOLT13MMX10	CPT	WO1355	20510
BOLT13MMX10	CPT	WO1655	23930
\.


--
-- Data for TOC entry 513 (OID 36246)
-- Name: stockserialmoves; Type: TABLE DATA; Schema: public; Owner: weberp_db_user
--

COPY stockserialmoves (stkitmmoveno, stockmoveno, stockid, serialno, moveqty) FROM stdin;
4	19	BOLT13MMX10	WO1222	23550
5	19	BOLT13MMX10	WO1355	20510
6	19	BOLT13MMX10	WO1655	23930
\.


--
-- Data for TOC entry 514 (OID 36258)
-- Name: supptrans; Type: TABLE DATA; Schema: public; Owner: weberp_db_user
--

COPY supptrans (transno, "type", supplierno, suppreference, trandate, duedate, settled, rate, ovamount, ovgst, diffonexch, alloc, transtext, "hold", id) FROM stdin;
2	22	SUP01	Cheque	2004-12-05	\N	0	1.000000	-130.0000	0.0000	0.0000	0.0000		0	1
1	20	SUP01	854442	2005-01-12	2005-02-01	0	1.000000	3719.1000	0.0000	0.0000	0.0000		0	2
\.


--
-- Data for TOC entry 515 (OID 36277)
-- Name: suppallocs; Type: TABLE DATA; Schema: public; Owner: weberp_db_user
--

COPY suppallocs (id, amt, datealloc, transid_allocfrom, transid_allocto) FROM stdin;
\.


--
-- Data for TOC entry 516 (OID 36283)
-- Name: suppliercontacts; Type: TABLE DATA; Schema: public; Owner: weberp_db_user
--

COPY suppliercontacts (supplierid, contact, "position", tel, fax, mobile, email, ordercontact) FROM stdin;
SUP01	Jonny Dep	Owner	na	na	na	jowny@unknown.com	0
\.


--
-- Data for TOC entry 517 (OID 36298)
-- Name: purchorders; Type: TABLE DATA; Schema: public; Owner: weberp_db_user
--

COPY purchorders (orderno, supplierno, comments, orddate, rate, dateprinted, allowprint, initiator, requisitionno, intostocklocation, deladd1, deladd2, deladd3, deladd4) FROM stdin;
2	SUP01		2004-12-02 00:00:00	1.0000	\N	1			CPT	n/a	n/a	n/a	n/a
5	SUP01		2004-12-04 00:00:00	1.0000	\N	1	testy	REF0001	CPT	na	na	na	na
6	SUP01		2005-01-13 00:00:00	1.0000	2005-01-13 00:00:00	0	pdg		CPT	Some Road	Some Town	Some City	0231 122211
\.


--
-- Data for TOC entry 518 (OID 36314)
-- Name: purchorderdetails; Type: TABLE DATA; Schema: public; Owner: weberp_db_user
--

COPY purchorderdetails (podetailitem, orderno, itemcode, deliverydate, itemdescription, glcode, qtyinvoiced, unitprice, actprice, stdcostunit, quantityord, quantityrecd, shiptref, jobref, completed) FROM stdin;
1	2	PHIS01	2004-12-02	A phisical Stock Item	770000	0.0000	35.0000	0.0000	0.0000	5.0000	0.0000	0	0	0
3	5	*5_1	2004-12-05	A Jar of JAM	770000	0.0000	20.0000	0.0000	0.0000	2.0000	0.0000	0		0
4	6	PHIS01	2005-01-13	A phisical Stock Item	770000	0.0000	12.0000	0.0000	10.0000	455.0000	320.0000	0	0	0
\.


--
-- Data for TOC entry 519 (OID 36335)
-- Name: grns; Type: TABLE DATA; Schema: public; Owner: weberp_db_user
--

COPY grns (grnbatch, grnno, podetailitem, itemcode, deliverydate, itemdescription, qtyrecd, quantityinv, supplierid) FROM stdin;
2	6	4	PHIS01	2005-01-13	A phisical Stock Item	320.0000	322.0000	SUP01
\.


--
-- Data for TOC entry 520 (OID 36348)
-- Name: taxauthlevels; Type: TABLE DATA; Schema: public; Owner: weberp_db_user
--

COPY taxauthlevels (taxauthority, dispatchtaxauthority, "level", taxrate) FROM stdin;
1	1	1	0
\.


--
-- Data for TOC entry 521 (OID 36354)
-- Name: www_users; Type: TABLE DATA; Schema: public; Owner: weberp_db_user
--

COPY www_users (userid, "password", realname, customerid, phone, email, defaultlocation, fullaccess, lastvisitdate, branchcode, pagesize, modulesallowed, blocked, displayrecordsmax, theme, "language", pinno, swipecard) FROM stdin;
demo	f0f77a7f88e7c1e93ab4e316b4574c7843b00ea4	administrator				CPT	8	2005-02-27 11:02:51		A4	1,1,1,1,1,1,1,1,	0	50	fresh	en	\N	\N
\.


--
-- Data for TOC entry 522 (OID 36373)
-- Name: workcentres; Type: TABLE DATA; Schema: public; Owner: weberp_db_user
--

COPY workcentres (code, "location", description, capacity, overheadperhour, overheadrecoveryact, setuphrs) FROM stdin;
ASS	CPT	Assembly	1.0000	25.0000	240000	0.0000
TURN	SYD	Turning	1.0000	16.5000	1	0.0000
TURNC	CPT	Turning CP	1.0000	12.3000	1	0.0000
\.


--
-- Data for TOC entry 523 (OID 36385)
-- Name: worksorders; Type: TABLE DATA; Schema: public; Owner: weberp_db_user
--

COPY worksorders (woref, loccode, unitsreqd, stockid, stdcost, requiredby, releaseddate, accumvalueissued, accumvaluetrfd, closed, released) FROM stdin;
\.


--
-- Data for TOC entry 524 (OID 36400)
-- Name: woissues; Type: TABLE DATA; Schema: public; Owner: weberp_db_user
--

COPY woissues (issueno, woref, stockid, issuetype, workcentre, qtyissued, stdcost) FROM stdin;
\.


--
-- Data for TOC entry 525 (OID 36414)
-- Name: worequirements; Type: TABLE DATA; Schema: public; Owner: weberp_db_user
--

COPY worequirements (id, woref, stockid, wrkcentre, unitsreq, stdcost, resourcetype) FROM stdin;
\.


--
-- Data for TOC entry 526 (OID 36426)
-- Name: bom; Type: TABLE DATA; Schema: public; Owner: weberp_db_user
--

COPY bom (parent, component, workcentreadded, loccode, effectiveafter, effectiveto, quantity) FROM stdin;
PHIS02	*5_1	ASS	CPT	2005-01-02	2035-01-03	1.0000
\.


--
-- Data for TOC entry 527 (OID 36437)
-- Name: bankaccounts; Type: TABLE DATA; Schema: public; Owner: weberp_db_user
--

COPY bankaccounts (accountcode, bankaccountname, bankaccountnumber, bankaddress) FROM stdin;
841000	Bank Account Name	Account No	Address
840000	Petty Cash	N/A	N/A
\.


--
-- Data for TOC entry 528 (OID 36447)
-- Name: banktrans; Type: TABLE DATA; Schema: public; Owner: weberp_db_user
--

COPY banktrans (banktransid, "type", transno, bankact, ref, amountcleared, exrate, transdate, banktranstype, amount, currcode) FROM stdin;
1	12	4	841000		130	1	2004-12-05	Cheques	130	ZAR
2	1	2	841000		0	1	2004-12-05	Cheque	-130	ZAR
3	22	2	840000	SUP01-	0	1	2004-12-05	Cheque	-130	ZAR
4	12	5	841000		0	1	2005-01-03	Cheques	3.5	ZAR
\.


--
-- Data for TOC entry 529 (OID 36462)
-- Name: buckets; Type: TABLE DATA; Schema: public; Owner: weberp_db_user
--

COPY buckets (workcentre, availdate, capacity) FROM stdin;
\.


--
-- Data for TOC entry 530 (OID 36469)
-- Name: chartdetails; Type: TABLE DATA; Schema: public; Owner: weberp_db_user
--

COPY chartdetails (accountcode, period, budget, actual, bfwd, bfwdbudget) FROM stdin;
100000	1	0	0	0	0
200000	1	0	0	0	0
210000	1	0	0	0	0
215000	1	0	0	0	0
220000	1	0	0	0	0
230000	1	0	0	0	0
235000	1	0	0	0	0
240000	1	0	0	0	0
240010	1	0	0	0	0
240020	1	0	0	0	0
240030	1	0	0	0	0
250000	1	0	0	0	0
270000	1	0	0	0	0
275000	1	0	0	0	0
280000	1	0	0	0	0
285000	1	0	0	0	0
290000	1	0	0	0	0
300000	1	0	0	0	0
305000	1	0	0	0	0
310000	1	0	0	0	0
315000	1	0	0	0	0
320000	1	0	0	0	0
325000	1	0	0	0	0
330000	1	0	0	0	0
335000	1	0	0	0	0
340000	1	0	0	0	0
345000	1	0	0	0	0
350000	1	0	0	0	0
355000	1	0	0	0	0
360000	1	0	0	0	0
365000	1	0	0	0	0
370000	1	0	0	0	0
375000	1	0	0	0	0
380000	1	0	0	0	0
380010	1	0	0	0	0
380020	1	0	0	0	0
385000	1	0	0	0	0
390000	1	0	0	0	0
395000	1	0	0	0	0
400000	1	0	0	0	0
405000	1	0	0	0	0
415000	1	0	0	0	0
415010	1	0	0	0	0
415020	1	0	0	0	0
415030	1	0	0	0	0
415040	1	0	0	0	0
420000	1	0	0	0	0
430000	1	0	0	0	0
435000	1	0	0	0	0
438000	1	0	0	0	0
440000	1	0	0	0	0
445000	1	0	0	0	0
450000	1	0	0	0	0
455000	1	0	0	0	0
460000	1	0	0	0	0
465000	1	0	0	0	0
465010	1	0	0	0	0
465020	1	0	0	0	0
466000	1	0	0	0	0
466010	1	0	0	0	0
466020	1	0	0	0	0
480000	1	0	0	0	0
485000	1	0	0	0	0
490000	1	0	0	0	0
510000	1	0	0	0	0
520000	1	0	0	0	0
540000	1	0	0	0	0
550000	1	0	0	0	0
560000	1	0	0	0	0
570000	1	0	0	0	0
610000	1	0	0	0	0
610010	1	0	0	0	0
610020	1	0	0	0	0
615000	1	0	0	0	0
615010	1	0	0	0	0
615020	1	0	0	0	0
620000	1	0	0	0	0
620010	1	0	0	0	0
620020	1	0	0	0	0
625000	1	0	0	0	0
625010	1	0	0	0	0
625020	1	0	0	0	0
630000	1	0	0	0	0
630010	1	0	0	0	0
630020	1	0	0	0	0
635000	1	0	0	0	0
635010	1	0	0	0	0
635020	1	0	0	0	0
660000	1	0	0	0	0
660010	1	0	0	0	0
660020	1	0	0	0	0
700000	1	0	0	0	0
710000	1	0	0	0	0
710100	1	0	0	0	0
710200	1	0	0	0	0
720000	1	0	0	0	0
740000	1	0	0	0	0
750000	1	0	0	0	0
760000	1	0	0	0	0
770000	1	0	0	0	0
800000	1	0	0	0	0
805000	1	0	0	0	0
810000	1	0	0	0	0
820000	1	0	0	0	0
820010	1	0	0	0	0
820020	1	0	0	0	0
840000	1	0	0	0	0
841000	1	0	0	0	0
842000	1	0	0	0	0
900000	1	0	0	0	0
910000	1	0	0	0	0
920000	1	0	0	0	0
920010	1	0	0	0	0
920020	1	0	0	0	0
925000	1	0	0	0	0
930000	1	0	0	0	0
935000	1	0	0	0	0
940000	1	0	0	0	0
940010	1	0	0	0	0
940020	1	0	0	0	0
950000	1	0	0	0	0
951000	1	0	0	0	0
999000	1	0	0	0	0
999000	2	0	0	0	0
951000	2	0	0	0	0
950000	2	0	0	0	0
940020	2	0	0	0	0
940010	2	0	0	0	0
940000	2	0	0	0	0
935000	2	0	0	0	0
930000	2	0	0	0	0
925000	2	0	0	0	0
920020	2	0	0	0	0
920010	2	0	0	0	0
920000	2	0	0	0	0
910000	2	0	0	0	0
900000	2	0	0	0	0
842000	2	0	0	0	0
841000	2	0	0	0	0
840000	2	0	0	0	0
820020	2	0	0	0	0
820010	2	0	0	0	0
820000	2	0	0	0	0
810000	2	0	0	0	0
805000	2	0	0	0	0
800000	2	0	0	0	0
770000	2	0	0	0	0
760000	2	0	0	0	0
750000	2	0	0	0	0
740000	2	0	0	0	0
720000	2	0	0	0	0
710200	2	0	0	0	0
710100	2	0	0	0	0
710000	2	0	0	0	0
700000	2	0	0	0	0
660020	2	0	0	0	0
660010	2	0	0	0	0
660000	2	0	0	0	0
635020	2	0	0	0	0
635010	2	0	0	0	0
635000	2	0	0	0	0
630020	2	0	0	0	0
630010	2	0	0	0	0
630000	2	0	0	0	0
625020	2	0	0	0	0
625010	2	0	0	0	0
625000	2	0	0	0	0
620020	2	0	0	0	0
620010	2	0	0	0	0
620000	2	0	0	0	0
615020	2	0	0	0	0
615010	2	0	0	0	0
615000	2	0	0	0	0
610020	2	0	0	0	0
610010	2	0	0	0	0
610000	2	0	0	0	0
570000	2	0	0	0	0
560000	2	0	0	0	0
550000	2	0	0	0	0
540000	2	0	0	0	0
520000	2	0	0	0	0
510000	2	0	0	0	0
490000	2	0	0	0	0
485000	2	0	0	0	0
480000	2	0	0	0	0
466020	2	0	0	0	0
466010	2	0	0	0	0
466000	2	0	0	0	0
465020	2	0	0	0	0
465010	2	0	0	0	0
465000	2	0	0	0	0
460000	2	0	0	0	0
455000	2	0	0	0	0
450000	2	0	0	0	0
445000	2	0	0	0	0
440000	2	0	0	0	0
438000	2	0	0	0	0
435000	2	0	0	0	0
430000	2	0	0	0	0
420000	2	0	0	0	0
415040	2	0	0	0	0
415030	2	0	0	0	0
415020	2	0	0	0	0
415010	2	0	0	0	0
415000	2	0	0	0	0
405000	2	0	0	0	0
400000	2	0	0	0	0
395000	2	0	0	0	0
390000	2	0	0	0	0
385000	2	0	0	0	0
380020	2	0	0	0	0
380010	2	0	0	0	0
380000	2	0	0	0	0
375000	2	0	0	0	0
370000	2	0	0	0	0
365000	2	0	0	0	0
360000	2	0	0	0	0
355000	2	0	0	0	0
350000	2	0	0	0	0
345000	2	0	0	0	0
340000	2	0	0	0	0
335000	2	0	0	0	0
330000	2	0	0	0	0
325000	2	0	0	0	0
320000	2	0	0	0	0
315000	2	0	0	0	0
310000	2	0	0	0	0
305000	2	0	0	0	0
300000	2	0	0	0	0
290000	2	0	0	0	0
285000	2	0	0	0	0
280000	2	0	0	0	0
275000	2	0	0	0	0
270000	2	0	0	0	0
250000	2	0	0	0	0
240030	2	0	0	0	0
240020	2	0	0	0	0
240010	2	0	0	0	0
240000	2	0	0	0	0
235000	2	0	0	0	0
230000	2	0	0	0	0
220000	2	0	0	0	0
215000	2	0	0	0	0
210000	2	0	0	0	0
200000	2	0	0	0	0
100000	2	0	0	0	0
100000	3	0	0	0	0
200000	3	0	0	0	0
210000	3	0	0	0	0
215000	3	0	0	0	0
220000	3	0	0	0	0
230000	3	0	0	0	0
235000	3	0	0	0	0
240000	3	0	0	0	0
240010	3	0	0	0	0
240020	3	0	0	0	0
240030	3	0	0	0	0
250000	3	0	0	0	0
270000	3	0	0	0	0
275000	3	0	0	0	0
280000	3	0	0	0	0
285000	3	0	0	0	0
290000	3	0	0	0	0
300000	3	0	0	0	0
305000	3	0	0	0	0
310000	3	0	0	0	0
315000	3	0	0	0	0
320000	3	0	0	0	0
325000	3	0	0	0	0
330000	3	0	0	0	0
335000	3	0	0	0	0
340000	3	0	0	0	0
345000	3	0	0	0	0
350000	3	0	0	0	0
355000	3	0	0	0	0
360000	3	0	0	0	0
365000	3	0	0	0	0
370000	3	0	0	0	0
375000	3	0	0	0	0
380000	3	0	0	0	0
380010	3	0	0	0	0
380020	3	0	0	0	0
385000	3	0	0	0	0
390000	3	0	0	0	0
395000	3	0	0	0	0
400000	3	0	0	0	0
405000	3	0	0	0	0
415000	3	0	0	0	0
415010	3	0	0	0	0
415020	3	0	0	0	0
415030	3	0	0	0	0
415040	3	0	0	0	0
420000	3	0	0	0	0
430000	3	0	0	0	0
435000	3	0	0	0	0
438000	3	0	0	0	0
440000	3	0	0	0	0
445000	3	0	0	0	0
450000	3	0	0	0	0
455000	3	0	0	0	0
460000	3	0	0	0	0
465000	3	0	0	0	0
465010	3	0	0	0	0
465020	3	0	0	0	0
466000	3	0	0	0	0
466010	3	0	0	0	0
466020	3	0	0	0	0
480000	3	0	0	0	0
485000	3	0	0	0	0
490000	3	0	0	0	0
510000	3	0	0	0	0
520000	3	0	0	0	0
540000	3	0	0	0	0
550000	3	0	0	0	0
560000	3	0	0	0	0
570000	3	0	0	0	0
610000	3	0	0	0	0
610010	3	0	0	0	0
610020	3	0	0	0	0
615000	3	0	0	0	0
615010	3	0	0	0	0
615020	3	0	0	0	0
620000	3	0	0	0	0
620010	3	0	0	0	0
620020	3	0	0	0	0
625000	3	0	0	0	0
625010	3	0	0	0	0
625020	3	0	0	0	0
630000	3	0	0	0	0
630010	3	0	0	0	0
630020	3	0	0	0	0
635000	3	0	0	0	0
635010	3	0	0	0	0
635020	3	0	0	0	0
660000	3	0	0	0	0
660010	3	0	0	0	0
660020	3	0	0	0	0
700000	3	0	0	0	0
710000	3	0	0	0	0
710100	3	0	0	0	0
710200	3	0	0	0	0
820000	3	0	0	0	0
820010	3	0	0	0	0
820020	3	0	0	0	0
840000	3	0	0	0	0
841000	3	0	0	0	0
842000	3	0	0	0	0
900000	3	0	0	0	0
910000	3	0	0	0	0
920000	3	0	0	0	0
920010	3	0	0	0	0
920020	3	0	0	0	0
925000	3	0	0	0	0
930000	3	0	0	0	0
935000	3	0	0	0	0
940000	3	0	0	0	0
940010	3	0	0	0	0
940020	3	0	0	0	0
950000	3	0	0	0	0
951000	3	0	0	0	0
999000	3	0	0	0	0
720000	3	0	0	0	0
740000	3	0	0	0	0
750000	3	0	0	0	0
760000	3	0	0	0	0
770000	3	0	0	0	0
800000	3	0	0	0	0
805000	3	0	0	0	0
810000	3	0	0	0	0
480000	4	0	0	0	0
466020	4	0	0	0	0
466010	4	0	0	0	0
466000	4	0	0	0	0
465020	4	0	0	0	0
465010	4	0	0	0	0
465000	4	0	0	0	0
460000	4	0	0	0	0
455000	4	0	0	0	0
450000	4	0	0	0	0
445000	4	0	0	0	0
440000	4	0	0	0	0
438000	4	0	0	0	0
435000	4	0	0	0	0
430000	4	0	0	0	0
420000	4	0	0	0	0
415040	4	0	0	0	0
415030	4	0	0	0	0
415020	4	0	0	0	0
415010	4	0	0	0	0
415000	4	0	0	0	0
405000	4	0	0	0	0
400000	4	0	0	0	0
395000	4	0	0	0	0
390000	4	0	0	0	0
385000	4	0	0	0	0
380020	4	0	0	0	0
380010	4	0	0	0	0
380000	4	0	0	0	0
375000	4	0	0	0	0
370000	4	0	0	0	0
365000	4	0	0	0	0
360000	4	0	0	0	0
355000	4	0	0	0	0
350000	4	0	0	0	0
345000	4	0	0	0	0
340000	4	0	0	0	0
335000	4	0	0	0	0
330000	4	0	0	0	0
325000	4	0	0	0	0
320000	4	0	0	0	0
315000	4	0	0	0	0
310000	4	0	0	0	0
305000	4	0	0	0	0
300000	4	0	0	0	0
290000	4	0	0	0	0
285000	4	0	0	0	0
280000	4	0	0	0	0
275000	4	0	0	0	0
270000	4	0	0	0	0
250000	4	0	0	0	0
240030	4	0	0	0	0
240020	4	0	0	0	0
240010	4	0	0	0	0
240000	4	0	0	0	0
235000	4	0	0	0	0
230000	4	0	0	0	0
220000	4	0	0	0	0
215000	4	0	0	0	0
210000	4	0	0	0	0
200000	4	0	0	0	0
100000	4	0	0	0	0
810000	4	0	0	0	0
805000	4	0	0	0	0
800000	4	0	0	0	0
770000	4	0	0	0	0
760000	4	0	0	0	0
750000	4	0	0	0	0
740000	4	0	0	0	0
720000	4	0	0	0	0
999000	4	0	0	0	0
951000	4	0	0	0	0
950000	4	0	0	0	0
940020	4	0	0	0	0
940010	4	0	0	0	0
940000	4	0	0	0	0
935000	4	0	0	0	0
930000	4	0	0	0	0
925000	4	0	0	0	0
920020	4	0	0	0	0
920010	4	0	0	0	0
920000	4	0	0	0	0
910000	4	0	0	0	0
900000	4	0	0	0	0
842000	4	0	0	0	0
841000	4	0	0	0	0
840000	4	0	0	0	0
820020	4	0	0	0	0
820010	4	0	0	0	0
820000	4	0	0	0	0
710200	4	0	0	0	0
710100	4	0	0	0	0
710000	4	0	0	0	0
700000	4	0	0	0	0
660020	4	0	0	0	0
660010	4	0	0	0	0
660000	4	0	0	0	0
635020	4	0	0	0	0
635010	4	0	0	0	0
635000	4	0	0	0	0
630020	4	0	0	0	0
630010	4	0	0	0	0
630000	4	0	0	0	0
625020	4	0	0	0	0
625010	4	0	0	0	0
625000	4	0	0	0	0
620020	4	0	0	0	0
620010	4	0	0	0	0
620000	4	0	0	0	0
615020	4	0	0	0	0
615010	4	0	0	0	0
615000	4	0	0	0	0
610020	4	0	0	0	0
610010	4	0	0	0	0
610000	4	0	0	0	0
570000	4	0	0	0	0
560000	4	0	0	0	0
550000	4	0	0	0	0
540000	4	0	0	0	0
520000	4	0	0	0	0
510000	4	0	0	0	0
490000	4	0	0	0	0
485000	4	0	0	0	0
485000	5	0	0	0	0
490000	5	0	0	0	0
510000	5	0	0	0	0
520000	5	0	0	0	0
540000	5	0	0	0	0
550000	5	0	0	0	0
560000	5	0	0	0	0
570000	5	0	0	0	0
610000	5	0	0	0	0
610010	5	0	0	0	0
610020	5	0	0	0	0
615000	5	0	0	0	0
615010	5	0	0	0	0
615020	5	0	0	0	0
620000	5	0	0	0	0
620010	5	0	0	0	0
620020	5	0	0	0	0
625000	5	0	0	0	0
625010	5	0	0	0	0
625020	5	0	0	0	0
630000	5	0	0	0	0
630010	5	0	0	0	0
630020	5	0	0	0	0
635000	5	0	0	0	0
635010	5	0	0	0	0
635020	5	0	0	0	0
660000	5	0	0	0	0
660010	5	0	0	0	0
660020	5	0	0	0	0
700000	5	0	0	0	0
710000	5	0	0	0	0
710100	5	0	0	0	0
710200	5	0	0	0	0
820000	5	0	0	0	0
820010	5	0	0	0	0
820020	5	0	0	0	0
840000	5	0	0	0	0
841000	5	0	0	0	0
842000	5	0	0	0	0
900000	5	0	0	0	0
910000	5	0	0	0	0
920000	5	0	0	0	0
920010	5	0	0	0	0
920020	5	0	0	0	0
925000	5	0	0	0	0
930000	5	0	0	0	0
935000	5	0	0	0	0
940000	5	0	0	0	0
940010	5	0	0	0	0
940020	5	0	0	0	0
950000	5	0	0	0	0
951000	5	0	0	0	0
999000	5	0	0	0	0
720000	5	0	0	0	0
740000	5	0	0	0	0
750000	5	0	0	0	0
760000	5	0	0	0	0
770000	5	0	0	0	0
800000	5	0	0	0	0
805000	5	0	0	0	0
810000	5	0	0	0	0
100000	5	0	0	0	0
200000	5	0	0	0	0
210000	5	0	0	0	0
215000	5	0	0	0	0
220000	5	0	0	0	0
365000	5	0	0	0	0
370000	5	0	0	0	0
375000	5	0	0	0	0
380000	5	0	0	0	0
380010	5	0	0	0	0
380020	5	0	0	0	0
385000	5	0	0	0	0
390000	5	0	0	0	0
395000	5	0	0	0	0
400000	5	0	0	0	0
405000	5	0	0	0	0
415000	5	0	0	0	0
415010	5	0	0	0	0
415020	5	0	0	0	0
415030	5	0	0	0	0
415040	5	0	0	0	0
420000	5	0	0	0	0
430000	5	0	0	0	0
435000	5	0	0	0	0
438000	5	0	0	0	0
440000	5	0	0	0	0
445000	5	0	0	0	0
450000	5	0	0	0	0
455000	5	0	0	0	0
460000	5	0	0	0	0
465000	5	0	0	0	0
465010	5	0	0	0	0
465020	5	0	0	0	0
466000	5	0	0	0	0
466010	5	0	0	0	0
466020	5	0	0	0	0
480000	5	0	0	0	0
230000	5	0	0	0	0
235000	5	0	0	0	0
240000	5	0	0	0	0
240010	5	0	0	0	0
240020	5	0	0	0	0
240030	5	0	0	0	0
250000	5	0	0	0	0
270000	5	0	0	0	0
275000	5	0	0	0	0
280000	5	0	0	0	0
285000	5	0	0	0	0
290000	5	0	0	0	0
300000	5	0	0	0	0
305000	5	0	0	0	0
310000	5	0	0	0	0
315000	5	0	0	0	0
320000	5	0	0	0	0
325000	5	0	0	0	0
330000	5	0	0	0	0
335000	5	0	0	0	0
340000	5	0	0	0	0
345000	5	0	0	0	0
350000	5	0	0	0	0
355000	5	0	0	0	0
360000	5	0	0	0	0
360000	6	0	0	0	0
355000	6	0	0	0	0
350000	6	0	0	0	0
345000	6	0	0	0	0
340000	6	0	0	0	0
335000	6	0	0	0	0
330000	6	0	0	0	0
325000	6	0	0	0	0
320000	6	0	0	0	0
315000	6	0	0	0	0
310000	6	0	0	0	0
305000	6	0	0	0	0
300000	6	0	0	0	0
290000	6	0	0	0	0
285000	6	0	0	0	0
280000	6	0	0	0	0
275000	6	0	0	0	0
270000	6	0	0	0	0
250000	6	0	0	0	0
240030	6	0	0	0	0
240020	6	0	0	0	0
240010	6	0	0	0	0
240000	6	0	0	0	0
235000	6	0	0	0	0
230000	6	0	0	0	0
480000	6	0	0	0	0
466020	6	0	0	0	0
466010	6	0	0	0	0
466000	6	0	0	0	0
465020	6	0	0	0	0
465010	6	0	0	0	0
465000	6	0	0	0	0
460000	6	0	0	0	0
455000	6	0	0	0	0
450000	6	0	0	0	0
445000	6	0	0	0	0
440000	6	0	0	0	0
438000	6	0	0	0	0
435000	6	0	0	0	0
430000	6	0	0	0	0
420000	6	0	0	0	0
415040	6	0	0	0	0
415030	6	0	0	0	0
415020	6	0	0	0	0
415010	6	0	0	0	0
415000	6	0	0	0	0
405000	6	0	0	0	0
400000	6	0	0	0	0
395000	6	0	0	0	0
390000	6	0	0	0	0
385000	6	0	0	0	0
380020	6	0	0	0	0
380010	6	0	0	0	0
380000	6	0	0	0	0
375000	6	0	0	0	0
370000	6	0	0	0	0
365000	6	0	0	0	0
220000	6	0	0	0	0
215000	6	0	0	0	0
210000	6	0	0	0	0
200000	6	0	0	0	0
100000	6	0	0	0	0
810000	6	0	0	0	0
805000	6	0	0	0	0
800000	6	0	0	0	0
770000	6	0	0	0	0
760000	6	0	0	0	0
750000	6	0	0	0	0
740000	6	0	0	0	0
720000	6	0	0	0	0
999000	6	0	0	0	0
951000	6	0	0	0	0
950000	6	0	0	0	0
940020	6	0	0	0	0
940010	6	0	0	0	0
940000	6	0	0	0	0
935000	6	0	0	0	0
930000	6	0	0	0	0
925000	6	0	0	0	0
920020	6	0	0	0	0
920010	6	0	0	0	0
920000	6	0	0	0	0
910000	6	0	0	0	0
900000	6	0	0	0	0
842000	6	0	0	0	0
841000	6	0	0	0	0
840000	6	0	0	0	0
820020	6	0	0	0	0
820010	6	0	0	0	0
820000	6	0	0	0	0
710200	6	0	0	0	0
710100	6	0	0	0	0
710000	6	0	0	0	0
700000	6	0	0	0	0
660020	6	0	0	0	0
660010	6	0	0	0	0
660000	6	0	0	0	0
635020	6	0	0	0	0
635010	6	0	0	0	0
635000	6	0	0	0	0
630020	6	0	0	0	0
630010	6	0	0	0	0
630000	6	0	0	0	0
625020	6	0	0	0	0
625010	6	0	0	0	0
625000	6	0	0	0	0
620020	6	0	0	0	0
620010	6	0	0	0	0
620000	6	0	0	0	0
615020	6	0	0	0	0
615010	6	0	0	0	0
615000	6	0	0	0	0
610020	6	0	0	0	0
610010	6	0	0	0	0
610000	6	0	0	0	0
570000	6	0	0	0	0
560000	6	0	0	0	0
550000	6	0	0	0	0
540000	6	0	0	0	0
520000	6	0	0	0	0
510000	6	0	0	0	0
490000	6	0	0	0	0
485000	6	0	0	0	0
999000	7	0	0	0	0
720000	7	0	0	0	0
740000	7	0	0	0	0
750000	7	0	0	0	0
760000	7	0	0	0	0
770000	7	0	0	0	0
800000	7	0	0	0	0
805000	7	0	0	0	0
810000	7	0	0	0	0
100000	7	0	0	0	0
200000	7	0	0	0	0
210000	7	0	0	0	0
215000	7	0	0	0	0
220000	7	0	0	0	0
365000	7	0	0	0	0
370000	7	0	0	0	0
375000	7	0	0	0	0
380000	7	0	0	0	0
380010	7	0	0	0	0
380020	7	0	0	0	0
385000	7	0	0	0	0
390000	7	0	0	0	0
395000	7	0	0	0	0
400000	7	0	0	0	0
405000	7	0	0	0	0
415000	7	0	0	0	0
415010	7	0	0	0	0
415020	7	0	0	0	0
415030	7	0	0	0	0
415040	7	0	0	0	0
420000	7	0	0	0	0
430000	7	0	0	0	0
435000	7	0	0	0	0
438000	7	0	0	0	0
440000	7	0	0	0	0
445000	7	0	0	0	0
450000	7	0	0	0	0
455000	7	0	0	0	0
460000	7	0	0	0	0
465000	7	0	0	0	0
465010	7	0	0	0	0
465020	7	0	0	0	0
466000	7	0	0	0	0
466010	7	0	0	0	0
466020	7	0	0	0	0
480000	7	0	0	0	0
230000	7	0	0	0	0
235000	7	0	0	0	0
240000	7	0	0	0	0
240010	7	0	0	0	0
240020	7	0	0	0	0
240030	7	0	0	0	0
250000	7	0	0	0	0
270000	7	0	0	0	0
275000	7	0	0	0	0
280000	7	0	0	0	0
285000	7	0	0	0	0
290000	7	0	0	0	0
300000	7	0	0	0	0
305000	7	0	0	0	0
310000	7	0	0	0	0
315000	7	0	0	0	0
320000	7	0	0	0	0
325000	7	0	0	0	0
330000	7	0	0	0	0
335000	7	0	0	0	0
340000	7	0	0	0	0
345000	7	0	0	0	0
350000	7	0	0	0	0
355000	7	0	0	0	0
360000	7	0	0	0	0
485000	7	0	0	0	0
490000	7	0	0	0	0
510000	7	0	0	0	0
520000	7	0	0	0	0
540000	7	0	0	0	0
550000	7	0	0	0	0
560000	7	0	0	0	0
570000	7	0	0	0	0
610000	7	0	0	0	0
610010	7	0	0	0	0
610020	7	0	0	0	0
615000	7	0	0	0	0
615010	7	0	0	0	0
615020	7	0	0	0	0
620000	7	0	0	0	0
620010	7	0	0	0	0
620020	7	0	0	0	0
625000	7	0	0	0	0
625010	7	0	0	0	0
625020	7	0	0	0	0
630000	7	0	0	0	0
630010	7	0	0	0	0
630020	7	0	0	0	0
635000	7	0	0	0	0
635010	7	0	0	0	0
635020	7	0	0	0	0
660000	7	0	0	0	0
660010	7	0	0	0	0
660020	7	0	0	0	0
700000	7	0	0	0	0
710000	7	0	0	0	0
710100	7	0	0	0	0
710200	7	0	0	0	0
820000	7	0	0	0	0
820010	7	0	0	0	0
820020	7	0	0	0	0
840000	7	0	0	0	0
841000	7	0	0	0	0
842000	7	0	0	0	0
900000	7	0	0	0	0
910000	7	0	0	0	0
920000	7	0	0	0	0
920010	7	0	0	0	0
920020	7	0	0	0	0
925000	7	0	0	0	0
930000	7	0	0	0	0
935000	7	0	0	0	0
940000	7	0	0	0	0
940010	7	0	0	0	0
940020	7	0	0	0	0
950000	7	0	0	0	0
951000	7	0	0	0	0
951000	8	0	0	0	0
950000	8	0	0	0	0
940020	8	0	0	0	0
940010	8	0	0	0	0
940000	8	0	0	0	0
935000	8	0	0	0	0
930000	8	0	0	0	0
925000	8	0	0	0	0
920020	8	0	0	0	0
920010	8	0	0	0	0
920000	8	0	0	0	0
910000	8	0	0	0	0
900000	8	0	0	0	0
842000	8	0	0	0	0
841000	8	0	0	0	0
840000	8	0	0	0	0
820020	8	0	0	0	0
820010	8	0	0	0	0
820000	8	0	0	0	0
710200	8	0	0	0	0
710100	8	0	0	0	0
710000	8	0	0	0	0
700000	8	0	0	0	0
660020	8	0	0	0	0
660010	8	0	0	0	0
660000	8	0	0	0	0
635020	8	0	0	0	0
635010	8	0	0	0	0
635000	8	0	0	0	0
630020	8	0	0	0	0
630010	8	0	0	0	0
630000	8	0	0	0	0
625020	8	0	0	0	0
625010	8	0	0	0	0
625000	8	0	0	0	0
620020	8	0	0	0	0
620010	8	0	0	0	0
620000	8	0	0	0	0
615020	8	0	0	0	0
615010	8	0	0	0	0
615000	8	0	0	0	0
610020	8	0	0	0	0
610010	8	0	0	0	0
610000	8	0	0	0	0
570000	8	0	0	0	0
560000	8	0	0	0	0
550000	8	0	0	0	0
540000	8	0	0	0	0
520000	8	0	0	0	0
510000	8	0	0	0	0
490000	8	0	0	0	0
485000	8	0	0	0	0
360000	8	0	0	0	0
355000	8	0	0	0	0
350000	8	0	0	0	0
345000	8	0	0	0	0
340000	8	0	0	0	0
335000	8	0	0	0	0
330000	8	0	0	0	0
325000	8	0	0	0	0
320000	8	0	0	0	0
315000	8	0	0	0	0
310000	8	0	0	0	0
305000	8	0	0	0	0
300000	8	0	0	0	0
290000	8	0	0	0	0
285000	8	0	0	0	0
280000	8	0	0	0	0
275000	8	0	0	0	0
270000	8	0	0	0	0
250000	8	0	0	0	0
240030	8	0	0	0	0
240020	8	0	0	0	0
240010	8	0	0	0	0
240000	8	0	0	0	0
235000	8	0	0	0	0
230000	8	0	0	0	0
480000	8	0	0	0	0
466020	8	0	0	0	0
466010	8	0	0	0	0
466000	8	0	0	0	0
465020	8	0	0	0	0
465010	8	0	0	0	0
465000	8	0	0	0	0
460000	8	0	0	0	0
455000	8	0	0	0	0
450000	8	0	0	0	0
445000	8	0	0	0	0
440000	8	0	0	0	0
438000	8	0	0	0	0
435000	8	0	0	0	0
430000	8	0	0	0	0
420000	8	0	0	0	0
415040	8	0	0	0	0
415030	8	0	0	0	0
415020	8	0	0	0	0
415010	8	0	0	0	0
415000	8	0	0	0	0
405000	8	0	0	0	0
400000	8	0	0	0	0
395000	8	0	0	0	0
390000	8	0	0	0	0
385000	8	0	0	0	0
380020	8	0	0	0	0
380010	8	0	0	0	0
380000	8	0	0	0	0
375000	8	0	0	0	0
370000	8	0	0	0	0
365000	8	0	0	0	0
220000	8	0	0	0	0
215000	8	0	0	0	0
210000	8	0	0	0	0
200000	8	0	0	0	0
100000	8	0	0	0	0
810000	8	0	0	0	0
805000	8	0	0	0	0
800000	8	0	0	0	0
770000	8	0	0	0	0
760000	8	0	0	0	0
750000	8	0	0	0	0
740000	8	0	0	0	0
720000	8	0	0	0	0
999000	8	0	0	0	0
750000	9	0	0	0	0
760000	9	0	0	0	0
770000	9	0	0	0	0
800000	9	0	0	0	0
805000	9	0	0	0	0
810000	9	0	0	0	0
100000	9	0	0	0	0
200000	9	0	0	0	0
210000	9	0	0	0	0
215000	9	0	0	0	0
220000	9	0	0	0	0
365000	9	0	0	0	0
370000	9	0	0	0	0
375000	9	0	0	0	0
380000	9	0	0	0	0
380010	9	0	0	0	0
380020	9	0	0	0	0
385000	9	0	0	0	0
390000	9	0	0	0	0
395000	9	0	0	0	0
400000	9	0	0	0	0
405000	9	0	0	0	0
415000	9	0	0	0	0
415010	9	0	0	0	0
415020	9	0	0	0	0
415030	9	0	0	0	0
415040	9	0	0	0	0
420000	9	0	0	0	0
430000	9	0	0	0	0
435000	9	0	0	0	0
438000	9	0	0	0	0
440000	9	0	0	0	0
445000	9	0	0	0	0
450000	9	0	0	0	0
455000	9	0	0	0	0
460000	9	0	0	0	0
465000	9	0	0	0	0
465010	9	0	0	0	0
465020	9	0	0	0	0
466000	9	0	0	0	0
466010	9	0	0	0	0
466020	9	0	0	0	0
480000	9	0	0	0	0
230000	9	0	0	0	0
235000	9	0	0	0	0
240000	9	0	0	0	0
240010	9	0	0	0	0
240020	9	0	0	0	0
240030	9	0	0	0	0
250000	9	0	0	0	0
270000	9	0	0	0	0
275000	9	0	0	0	0
280000	9	0	0	0	0
285000	9	0	0	0	0
290000	9	0	0	0	0
300000	9	0	0	0	0
305000	9	0	0	0	0
310000	9	0	0	0	0
315000	9	0	0	0	0
320000	9	0	0	0	0
325000	9	0	0	0	0
330000	9	0	0	0	0
335000	9	0	0	0	0
340000	9	0	0	0	0
345000	9	0	0	0	0
350000	9	0	0	0	0
355000	9	0	0	0	0
360000	9	0	0	0	0
485000	9	0	0	0	0
490000	9	0	0	0	0
510000	9	0	0	0	0
520000	9	0	0	0	0
540000	9	0	0	0	0
550000	9	0	0	0	0
560000	9	0	0	0	0
570000	9	0	0	0	0
610000	9	0	0	0	0
610010	9	0	0	0	0
610020	9	0	0	0	0
615000	9	0	0	0	0
615010	9	0	0	0	0
615020	9	0	0	0	0
620000	9	0	0	0	0
620010	9	0	0	0	0
620020	9	0	0	0	0
625000	9	0	0	0	0
625010	9	0	0	0	0
625020	9	0	0	0	0
630000	9	0	0	0	0
630010	9	0	0	0	0
630020	9	0	0	0	0
635000	9	0	0	0	0
635010	9	0	0	0	0
635020	9	0	0	0	0
660000	9	0	0	0	0
660010	9	0	0	0	0
660020	9	0	0	0	0
700000	9	0	0	0	0
710000	9	0	0	0	0
710100	9	0	0	0	0
710200	9	0	0	0	0
820000	9	0	0	0	0
820010	9	0	0	0	0
820020	9	0	0	0	0
840000	9	0	0	0	0
841000	9	0	0	0	0
842000	9	0	0	0	0
900000	9	0	0	0	0
910000	9	0	0	0	0
920000	9	0	0	0	0
920010	9	0	0	0	0
920020	9	0	0	0	0
925000	9	0	0	0	0
930000	9	0	0	0	0
935000	9	0	0	0	0
940000	9	0	0	0	0
940010	9	0	0	0	0
940020	9	0	0	0	0
950000	9	0	0	0	0
951000	9	0	0	0	0
999000	9	0	0	0	0
720000	9	0	0	0	0
740000	9	0	0	0	0
466010	10	0	0	0	0
466000	10	0	0	0	0
465020	10	0	0	0	0
465010	10	0	0	0	0
465000	10	0	0	0	0
460000	10	0	0	0	0
455000	10	0	0	0	0
450000	10	0	0	0	0
445000	10	0	0	0	0
440000	10	0	0	0	0
438000	10	0	0	0	0
435000	10	0	0	0	0
430000	10	0	0	0	0
420000	10	0	0	0	0
415040	10	0	0	0	0
415030	10	0	0	0	0
415020	10	0	0	0	0
415010	10	0	0	0	0
415000	10	0	0	0	0
405000	10	0	0	0	0
400000	10	0	0	0	0
395000	10	0	0	0	0
390000	10	0	0	0	0
385000	10	0	0	0	0
380020	10	0	0	0	0
380010	10	0	0	0	0
380000	10	0	0	0	0
375000	10	0	0	0	0
370000	10	0	0	0	0
365000	10	0	0	0	0
220000	10	0	0	0	0
215000	10	0	0	0	0
210000	10	0	0	0	0
200000	10	0	0	0	0
100000	10	0	0	0	0
810000	10	0	0	0	0
805000	10	0	0	0	0
800000	10	0	0	0	0
770000	10	0	0	0	0
760000	10	0	0	0	0
750000	10	0	0	0	0
740000	10	0	0	0	0
720000	10	0	0	0	0
999000	10	0	0	0	0
951000	10	0	0	0	0
950000	10	0	0	0	0
940020	10	0	0	0	0
940010	10	0	0	0	0
940000	10	0	0	0	0
935000	10	0	0	0	0
930000	10	0	0	0	0
925000	10	0	0	0	0
920020	10	0	0	0	0
920010	10	0	0	0	0
920000	10	0	0	0	0
910000	10	0	0	0	0
900000	10	0	0	0	0
842000	10	0	0	0	0
841000	10	0	0	0	0
840000	10	0	0	0	0
820020	10	0	0	0	0
820010	10	0	0	0	0
820000	10	0	0	0	0
710200	10	0	0	0	0
710100	10	0	0	0	0
710000	10	0	0	0	0
700000	10	0	0	0	0
660020	10	0	0	0	0
660010	10	0	0	0	0
660000	10	0	0	0	0
635020	10	0	0	0	0
635010	10	0	0	0	0
635000	10	0	0	0	0
630020	10	0	0	0	0
630010	10	0	0	0	0
630000	10	0	0	0	0
625020	10	0	0	0	0
625010	10	0	0	0	0
625000	10	0	0	0	0
620020	10	0	0	0	0
620010	10	0	0	0	0
620000	10	0	0	0	0
615020	10	0	0	0	0
615010	10	0	0	0	0
615000	10	0	0	0	0
610020	10	0	0	0	0
610010	10	0	0	0	0
610000	10	0	0	0	0
570000	10	0	0	0	0
560000	10	0	0	0	0
550000	10	0	0	0	0
540000	10	0	0	0	0
520000	10	0	0	0	0
510000	10	0	0	0	0
490000	10	0	0	0	0
485000	10	0	0	0	0
360000	10	0	0	0	0
355000	10	0	0	0	0
350000	10	0	0	0	0
345000	10	0	0	0	0
340000	10	0	0	0	0
335000	10	0	0	0	0
330000	10	0	0	0	0
325000	10	0	0	0	0
320000	10	0	0	0	0
315000	10	0	0	0	0
310000	10	0	0	0	0
305000	10	0	0	0	0
300000	10	0	0	0	0
290000	10	0	0	0	0
285000	10	0	0	0	0
280000	10	0	0	0	0
275000	10	0	0	0	0
270000	10	0	0	0	0
250000	10	0	0	0	0
240030	10	0	0	0	0
240020	10	0	0	0	0
240010	10	0	0	0	0
240000	10	0	0	0	0
235000	10	0	0	0	0
230000	10	0	0	0	0
480000	10	0	0	0	0
466020	10	0	0	0	0
466020	11	0	0	0	0
480000	11	0	0	0	0
230000	11	0	0	0	0
235000	11	0	0	0	0
240000	11	0	0	0	0
240010	11	0	0	0	0
240020	11	0	0	0	0
240030	11	0	0	0	0
250000	11	0	0	0	0
270000	11	0	0	0	0
275000	11	0	0	0	0
280000	11	0	0	0	0
285000	11	0	0	0	0
290000	11	0	0	0	0
300000	11	0	0	0	0
305000	11	0	0	0	0
310000	11	0	0	0	0
315000	11	0	0	0	0
320000	11	0	0	0	0
325000	11	0	0	0	0
330000	11	0	0	0	0
335000	11	0	0	0	0
340000	11	0	0	0	0
345000	11	0	0	0	0
350000	11	0	0	0	0
466010	11	0	0	0	0
355000	11	0	0	0	0
360000	11	0	0	0	0
485000	11	0	0	0	0
490000	11	0	0	0	0
510000	11	0	0	0	0
520000	11	0	0	0	0
540000	11	0	0	0	0
550000	11	0	0	0	0
560000	11	0	0	0	0
570000	11	0	0	0	0
610000	11	0	0	0	0
610010	11	0	0	0	0
610020	11	0	0	0	0
615000	11	0	0	0	0
615010	11	0	0	0	0
615020	11	0	0	0	0
620000	11	0	0	0	0
620010	11	0	0	0	0
620020	11	0	0	0	0
625000	11	0	0	0	0
625010	11	0	0	0	0
625020	11	0	0	0	0
630000	11	0	0	0	0
630010	11	0	0	0	0
630020	11	0	0	0	0
635000	11	0	0	0	0
635010	11	0	0	0	0
635020	11	0	0	0	0
660000	11	0	0	0	0
660010	11	0	0	0	0
660020	11	0	0	0	0
700000	11	0	0	0	0
710000	11	0	0	0	0
710100	11	0	0	0	0
710200	11	0	0	0	0
820000	11	0	0	0	0
820010	11	0	0	0	0
820020	11	0	0	0	0
840000	11	0	0	0	0
841000	11	0	0	0	0
842000	11	0	0	0	0
900000	11	0	0	0	0
910000	11	0	0	0	0
920000	11	0	0	0	0
920010	11	0	0	0	0
920020	11	0	0	0	0
925000	11	0	0	0	0
930000	11	0	0	0	0
935000	11	0	0	0	0
940000	11	0	0	0	0
940010	11	0	0	0	0
940020	11	0	0	0	0
950000	11	0	0	0	0
951000	11	0	0	0	0
999000	11	0	0	0	0
720000	11	0	0	0	0
740000	11	0	0	0	0
750000	11	0	0	0	0
760000	11	0	0	0	0
770000	11	0	0	0	0
800000	11	0	0	0	0
805000	11	0	0	0	0
810000	11	0	0	0	0
100000	11	0	0	0	0
200000	11	0	0	0	0
210000	11	0	0	0	0
215000	11	0	0	0	0
220000	11	0	0	0	0
365000	11	0	0	0	0
370000	11	0	0	0	0
375000	11	0	0	0	0
380000	11	0	0	0	0
380010	11	0	0	0	0
380020	11	0	0	0	0
385000	11	0	0	0	0
390000	11	0	0	0	0
395000	11	0	0	0	0
400000	11	0	0	0	0
405000	11	0	0	0	0
415000	11	0	0	0	0
415010	11	0	0	0	0
415020	11	0	0	0	0
415030	11	0	0	0	0
415040	11	0	0	0	0
420000	11	0	0	0	0
430000	11	0	0	0	0
435000	11	0	0	0	0
438000	11	0	0	0	0
440000	11	0	0	0	0
445000	11	0	0	0	0
450000	11	0	0	0	0
455000	11	0	0	0	0
460000	11	0	0	0	0
465000	11	0	0	0	0
465010	11	0	0	0	0
465020	11	0	0	0	0
466000	11	0	0	0	0
466000	12	0	0	0	0
465020	12	0	0	0	0
465010	12	0	0	0	0
465000	12	0	0	0	0
460000	12	0	0	0	0
455000	12	0	0	0	0
450000	12	0	0	0	0
445000	12	0	0	0	0
440000	12	0	0	0	0
438000	12	0	0	0	0
435000	12	0	0	0	0
430000	12	0	0	0	0
420000	12	0	0	0	0
415040	12	0	0	0	0
415030	12	0	0	0	0
415020	12	0	0	0	0
415010	12	0	0	0	0
415000	12	0	0	0	0
405000	12	0	0	0	0
400000	12	0	0	0	0
395000	12	0	0	0	0
390000	12	0	0	0	0
385000	12	0	0	0	0
380020	12	0	0	0	0
380010	12	0	0	0	0
380000	12	0	0	0	0
375000	12	0	0	0	0
370000	12	0	0	0	0
365000	12	0	0	0	0
220000	12	0	0	0	0
215000	12	0	0	0	0
210000	12	0	0	0	0
200000	12	0	0	0	0
100000	12	0	0	0	0
810000	12	0	0	0	0
805000	12	0	0	0	0
800000	12	0	0	0	0
770000	12	0	0	0	0
760000	12	0	0	0	0
750000	12	0	0	0	0
740000	12	0	0	0	0
720000	12	0	0	0	0
999000	12	0	0	0	0
951000	12	0	0	0	0
950000	12	0	0	0	0
940020	12	0	0	0	0
940010	12	0	0	0	0
940000	12	0	0	0	0
935000	12	0	0	0	0
930000	12	0	0	0	0
925000	12	0	0	0	0
920020	12	0	0	0	0
920010	12	0	0	0	0
920000	12	0	0	0	0
910000	12	0	0	0	0
900000	12	0	0	0	0
842000	12	0	0	0	0
841000	12	0	0	0	0
840000	12	0	0	0	0
820020	12	0	0	0	0
820010	12	0	0	0	0
820000	12	0	0	0	0
710200	12	0	0	0	0
710100	12	0	0	0	0
710000	12	0	0	0	0
700000	12	0	0	0	0
660020	12	0	0	0	0
660010	12	0	0	0	0
660000	12	0	0	0	0
635020	12	0	0	0	0
635010	12	0	0	0	0
635000	12	0	0	0	0
630020	12	0	0	0	0
630010	12	0	0	0	0
630000	12	0	0	0	0
625020	12	0	0	0	0
625010	12	0	0	0	0
625000	12	0	0	0	0
620020	12	0	0	0	0
620010	12	0	0	0	0
620000	12	0	0	0	0
615020	12	0	0	0	0
615010	12	0	0	0	0
615000	12	0	0	0	0
610020	12	0	0	0	0
610010	12	0	0	0	0
610000	12	0	0	0	0
570000	12	0	0	0	0
560000	12	0	0	0	0
550000	12	0	0	0	0
540000	12	0	0	0	0
520000	12	0	0	0	0
510000	12	0	0	0	0
490000	12	0	0	0	0
485000	12	0	0	0	0
360000	12	0	0	0	0
355000	12	0	0	0	0
466010	12	0	0	0	0
340000	12	0	0	0	0
335000	12	0	0	0	0
330000	12	0	0	0	0
325000	12	0	0	0	0
320000	12	0	0	0	0
315000	12	0	0	0	0
310000	12	0	0	0	0
305000	12	0	0	0	0
300000	12	0	0	0	0
290000	12	0	0	0	0
285000	12	0	0	0	0
280000	12	0	0	0	0
275000	12	0	0	0	0
270000	12	0	0	0	0
250000	12	0	0	0	0
240030	12	0	0	0	0
240020	12	0	0	0	0
240010	12	0	0	0	0
240000	12	0	0	0	0
235000	12	0	0	0	0
230000	12	0	0	0	0
480000	12	0	0	0	0
466020	12	0	0	0	0
350000	12	0	0	0	0
345000	12	0	0	0	0
345000	13	0	0	0	0
350000	13	0	0	0	0
466020	13	0	0	0	0
480000	13	0	0	0	0
230000	13	0	0	0	0
235000	13	0	0	0	0
240000	13	0	0	0	0
240010	13	0	0	0	0
240020	13	0	0	0	0
240030	13	0	0	0	0
250000	13	0	0	0	0
270000	13	0	0	0	0
275000	13	0	0	0	0
280000	13	0	0	0	0
285000	13	0	0	0	0
290000	13	0	0	0	0
300000	13	0	0	0	0
305000	13	0	0	0	0
310000	13	0	0	0	0
315000	13	0	0	0	0
320000	13	0	0	0	0
325000	13	0	0	0	0
330000	13	0	0	0	0
335000	13	0	0	0	0
340000	13	0	0	0	0
466010	13	0	0	0	0
355000	13	0	0	0	0
360000	13	0	0	0	0
485000	13	0	0	0	0
490000	13	0	0	0	0
510000	13	0	0	0	0
520000	13	0	0	0	0
540000	13	0	0	0	0
550000	13	0	0	0	0
560000	13	0	0	0	0
570000	13	0	0	0	0
610000	13	0	0	0	0
610010	13	0	0	0	0
610020	13	0	0	0	0
615000	13	0	0	0	0
615010	13	0	0	0	0
615020	13	0	0	0	0
620000	13	0	0	0	0
620010	13	0	0	0	0
620020	13	0	0	0	0
625000	13	0	0	0	0
625010	13	0	0	0	0
625020	13	0	0	0	0
630000	13	0	0	0	0
630010	13	0	0	0	0
630020	13	0	0	0	0
635000	13	0	0	0	0
635010	13	0	0	0	0
635020	13	0	0	0	0
660000	13	0	0	0	0
660010	13	0	0	0	0
660020	13	0	0	0	0
700000	13	0	0	0	0
710000	13	0	0	0	0
710100	13	0	0	0	0
710200	13	0	0	0	0
820000	13	0	0	0	0
820010	13	0	0	0	0
820020	13	0	0	0	0
840000	13	0	0	0	0
841000	13	0	0	0	0
842000	13	0	0	0	0
900000	13	0	0	0	0
910000	13	0	0	0	0
920000	13	0	0	0	0
920010	13	0	0	0	0
920020	13	0	0	0	0
925000	13	0	0	0	0
930000	13	0	0	0	0
935000	13	0	0	0	0
940000	13	0	0	0	0
940010	13	0	0	0	0
940020	13	0	0	0	0
950000	13	0	0	0	0
951000	13	0	0	0	0
999000	13	0	0	0	0
720000	13	0	0	0	0
740000	13	0	0	0	0
750000	13	0	0	0	0
760000	13	0	0	0	0
770000	13	0	0	0	0
800000	13	0	0	0	0
805000	13	0	0	0	0
810000	13	0	0	0	0
100000	13	0	0	0	0
200000	13	0	0	0	0
210000	13	0	0	0	0
215000	13	0	0	0	0
220000	13	0	0	0	0
365000	13	0	0	0	0
370000	13	0	0	0	0
375000	13	0	0	0	0
380000	13	0	0	0	0
380010	13	0	0	0	0
380020	13	0	0	0	0
385000	13	0	0	0	0
390000	13	0	0	0	0
395000	13	0	0	0	0
400000	13	0	0	0	0
405000	13	0	0	0	0
415000	13	0	0	0	0
415010	13	0	0	0	0
415020	13	0	0	0	0
415030	13	0	0	0	0
415040	13	0	0	0	0
420000	13	0	0	0	0
430000	13	0	0	0	0
435000	13	0	0	0	0
438000	13	0	0	0	0
440000	13	0	0	0	0
445000	13	0	0	0	0
450000	13	0	0	0	0
455000	13	0	0	0	0
460000	13	0	0	0	0
465000	13	0	0	0	0
465010	13	0	0	0	0
465020	13	0	0	0	0
466000	13	0	0	0	0
466000	14	0	0	0	0
465020	14	0	0	0	0
465010	14	0	0	0	0
465000	14	0	0	0	0
460000	14	0	0	0	0
455000	14	0	0	0	0
450000	14	0	0	0	0
445000	14	0	0	0	0
440000	14	0	0	0	0
438000	14	0	0	0	0
435000	14	0	0	0	0
430000	14	0	0	0	0
420000	14	0	0	0	0
415040	14	0	0	0	0
415030	14	0	0	0	0
415020	14	0	0	0	0
415010	14	0	0	0	0
415000	14	0	0	0	0
405000	14	0	0	0	0
400000	14	0	0	0	0
395000	14	0	0	0	0
390000	14	0	0	0	0
385000	14	0	0	0	0
380020	14	0	0	0	0
380010	14	0	0	0	0
380000	14	0	0	0	0
375000	14	0	0	0	0
370000	14	0	0	0	0
365000	14	0	0	0	0
220000	14	0	0	0	0
215000	14	0	0	0	0
210000	14	0	0	0	0
200000	14	0	0	0	0
100000	14	0	0	0	0
810000	14	0	0	0	0
805000	14	0	0	0	0
800000	14	0	0	0	0
770000	14	0	0	0	0
760000	14	0	0	0	0
750000	14	0	0	0	0
740000	14	0	0	0	0
720000	14	0	0	0	0
999000	14	0	0	0	0
951000	14	0	0	0	0
950000	14	0	0	0	0
940020	14	0	0	0	0
940010	14	0	0	0	0
940000	14	0	0	0	0
935000	14	0	0	0	0
930000	14	0	0	0	0
925000	14	0	0	0	0
920020	14	0	0	0	0
920010	14	0	0	0	0
920000	14	0	0	0	0
910000	14	0	0	0	0
900000	14	0	0	0	0
842000	14	0	0	0	0
841000	14	0	0	0	0
840000	14	0	0	0	0
820020	14	0	0	0	0
820010	14	0	0	0	0
820000	14	0	0	0	0
710200	14	0	0	0	0
710100	14	0	0	0	0
710000	14	0	0	0	0
700000	14	0	0	0	0
660020	14	0	0	0	0
660010	14	0	0	0	0
660000	14	0	0	0	0
635020	14	0	0	0	0
635010	14	0	0	0	0
635000	14	0	0	0	0
630020	14	0	0	0	0
630010	14	0	0	0	0
630000	14	0	0	0	0
625020	14	0	0	0	0
625010	14	0	0	0	0
625000	14	0	0	0	0
620020	14	0	0	0	0
620010	14	0	0	0	0
620000	14	0	0	0	0
615020	14	0	0	0	0
615010	14	0	0	0	0
615000	14	0	0	0	0
610020	14	0	0	0	0
610010	14	0	0	0	0
610000	14	0	0	0	0
570000	14	0	0	0	0
560000	14	0	0	0	0
550000	14	0	0	0	0
540000	14	0	0	0	0
520000	14	0	0	0	0
510000	14	0	0	0	0
490000	14	0	0	0	0
485000	14	0	0	0	0
360000	14	0	0	0	0
355000	14	0	0	0	0
466010	14	0	0	0	0
340000	14	0	0	0	0
335000	14	0	0	0	0
330000	14	0	0	0	0
325000	14	0	0	0	0
320000	14	0	0	0	0
315000	14	0	0	0	0
310000	14	0	0	0	0
305000	14	0	0	0	0
300000	14	0	0	0	0
290000	14	0	0	0	0
285000	14	0	0	0	0
280000	14	0	0	0	0
275000	14	0	0	0	0
270000	14	0	0	0	0
250000	14	0	0	0	0
240030	14	0	0	0	0
240020	14	0	0	0	0
240010	14	0	0	0	0
240000	14	0	0	0	0
235000	14	0	0	0	0
230000	14	0	0	0	0
480000	14	0	0	0	0
466020	14	0	0	0	0
350000	14	0	0	0	0
345000	14	0	0	0	0
610020	15	0	0	0	0
615000	15	0	0	0	0
615010	15	0	0	0	0
615020	15	0	0	0	0
620000	15	0	0	0	0
620010	15	0	0	0	0
620020	15	0	0	0	0
625000	15	0	0	0	0
625010	15	0	0	0	0
625020	15	0	0	0	0
630000	15	0	0	0	0
630010	15	0	0	0	0
630020	15	0	0	0	0
635000	15	0	0	0	0
635010	15	0	0	0	0
635020	15	0	0	0	0
660000	15	0	0	0	0
660010	15	0	0	0	0
660020	15	0	0	0	0
700000	15	0	0	0	0
710000	15	0	0	0	0
710100	15	0	0	0	0
710200	15	0	0	0	0
820000	15	0	0	0	0
820010	15	0	0	0	0
820020	15	0	0	0	0
840000	15	0	0	0	0
841000	15	0	0	0	0
842000	15	0	0	0	0
900000	15	0	0	0	0
910000	15	0	0	0	0
920000	15	0	0	0	0
920010	15	0	0	0	0
920020	15	0	0	0	0
925000	15	0	0	0	0
930000	15	0	0	0	0
935000	15	0	0	0	0
940000	15	0	0	0	0
940010	15	0	0	0	0
940020	15	0	0	0	0
950000	15	0	0	0	0
951000	15	0	0	0	0
999000	15	0	0	0	0
720000	15	0	0	0	0
740000	15	0	0	0	0
750000	15	0	0	0	0
760000	15	0	0	0	0
770000	15	0	0	0	0
800000	15	0	0	0	0
805000	15	0	0	0	0
810000	15	0	0	0	0
100000	15	0	0	0	0
200000	15	0	0	0	0
210000	15	0	0	0	0
215000	15	0	0	0	0
220000	15	0	0	0	0
365000	15	0	0	0	0
370000	15	0	0	0	0
375000	15	0	0	0	0
380000	15	0	0	0	0
380010	15	0	0	0	0
380020	15	0	0	0	0
385000	15	0	0	0	0
390000	15	0	0	0	0
395000	15	0	0	0	0
400000	15	0	0	0	0
405000	15	0	0	0	0
415000	15	0	0	0	0
415010	15	0	0	0	0
415020	15	0	0	0	0
415030	15	0	0	0	0
415040	15	0	0	0	0
420000	15	0	0	0	0
430000	15	0	0	0	0
435000	15	0	0	0	0
438000	15	0	0	0	0
440000	15	0	0	0	0
445000	15	0	0	0	0
450000	15	0	0	0	0
455000	15	0	0	0	0
460000	15	0	0	0	0
465000	15	0	0	0	0
465010	15	0	0	0	0
465020	15	0	0	0	0
466000	15	0	0	0	0
345000	15	0	0	0	0
350000	15	0	0	0	0
466020	15	0	0	0	0
480000	15	0	0	0	0
230000	15	0	0	0	0
235000	15	0	0	0	0
240000	15	0	0	0	0
240010	15	0	0	0	0
240020	15	0	0	0	0
240030	15	0	0	0	0
250000	15	0	0	0	0
270000	15	0	0	0	0
275000	15	0	0	0	0
280000	15	0	0	0	0
285000	15	0	0	0	0
290000	15	0	0	0	0
300000	15	0	0	0	0
305000	15	0	0	0	0
310000	15	0	0	0	0
315000	15	0	0	0	0
320000	15	0	0	0	0
325000	15	0	0	0	0
330000	15	0	0	0	0
335000	15	0	0	0	0
340000	15	0	0	0	0
466010	15	0	0	0	0
355000	15	0	0	0	0
360000	15	0	0	0	0
485000	15	0	0	0	0
490000	15	0	0	0	0
510000	15	0	0	0	0
520000	15	0	0	0	0
540000	15	0	0	0	0
550000	15	0	0	0	0
560000	15	0	0	0	0
570000	15	0	0	0	0
610000	15	0	0	0	0
610010	15	0	0	0	0
610010	16	0	0	0	0
610000	16	0	0	0	0
570000	16	0	0	0	0
560000	16	0	0	0	0
550000	16	0	0	0	0
540000	16	0	0	0	0
520000	16	0	0	0	0
510000	16	0	0	0	0
490000	16	0	0	0	0
485000	16	0	0	0	0
360000	16	0	0	0	0
355000	16	0	0	0	0
466010	16	0	0	0	0
340000	16	0	0	0	0
335000	16	0	0	0	0
330000	16	0	0	0	0
325000	16	0	0	0	0
320000	16	0	0	0	0
315000	16	0	0	0	0
310000	16	0	0	0	0
305000	16	0	0	0	0
300000	16	0	0	0	0
290000	16	0	0	0	0
285000	16	0	0	0	0
280000	16	0	0	0	0
275000	16	0	0	0	0
270000	16	0	0	0	0
250000	16	0	0	0	0
240030	16	0	0	0	0
240020	16	0	0	0	0
240010	16	0	0	0	0
240000	16	0	0	0	0
235000	16	0	0	0	0
230000	16	0	0	0	0
480000	16	0	0	0	0
466020	16	0	0	0	0
350000	16	0	0	0	0
345000	16	0	0	0	0
466000	16	0	0	0	0
465020	16	0	0	0	0
465010	16	0	0	0	0
465000	16	0	0	0	0
460000	16	0	0	0	0
455000	16	0	0	0	0
450000	16	0	0	0	0
445000	16	0	0	0	0
440000	16	0	0	0	0
438000	16	0	0	0	0
435000	16	0	0	0	0
430000	16	0	0	0	0
420000	16	0	0	0	0
415040	16	0	0	0	0
415030	16	0	0	0	0
415020	16	0	0	0	0
415010	16	0	0	0	0
415000	16	0	0	0	0
405000	16	0	0	0	0
400000	16	0	0	0	0
395000	16	0	0	0	0
390000	16	0	0	0	0
385000	16	0	0	0	0
380020	16	0	0	0	0
380010	16	0	0	0	0
380000	16	0	0	0	0
375000	16	0	0	0	0
370000	16	0	0	0	0
365000	16	0	0	0	0
220000	16	0	0	0	0
215000	16	0	0	0	0
210000	16	0	0	0	0
200000	16	0	0	0	0
100000	16	0	0	0	0
810000	16	0	0	0	0
805000	16	0	0	0	0
800000	16	0	0	0	0
770000	16	0	0	0	0
760000	16	0	0	0	0
750000	16	0	0	0	0
740000	16	0	0	0	0
720000	16	0	0	0	0
999000	16	0	0	0	0
951000	16	0	0	0	0
950000	16	0	0	0	0
940020	16	0	0	0	0
940010	16	0	0	0	0
940000	16	0	0	0	0
935000	16	0	0	0	0
930000	16	0	0	0	0
925000	16	0	0	0	0
920020	16	0	0	0	0
920010	16	0	0	0	0
920000	16	0	0	0	0
910000	16	0	0	0	0
900000	16	0	0	0	0
842000	16	0	0	0	0
841000	16	0	0	0	0
840000	16	0	0	0	0
820020	16	0	0	0	0
820010	16	0	0	0	0
820000	16	0	0	0	0
710200	16	0	0	0	0
710100	16	0	0	0	0
710000	16	0	0	0	0
700000	16	0	0	0	0
660020	16	0	0	0	0
660010	16	0	0	0	0
660000	16	0	0	0	0
635020	16	0	0	0	0
635010	16	0	0	0	0
635000	16	0	0	0	0
630020	16	0	0	0	0
630010	16	0	0	0	0
630000	16	0	0	0	0
625020	16	0	0	0	0
625010	16	0	0	0	0
625000	16	0	0	0	0
620020	16	0	0	0	0
620010	16	0	0	0	0
620000	16	0	0	0	0
615020	16	0	0	0	0
615010	16	0	0	0	0
615000	16	0	0	0	0
610020	16	0	0	0	0
610020	17	0	0	0	0
615000	17	0	0	0	0
615010	17	0	0	0	0
615020	17	0	0	0	0
620000	17	0	0	0	0
620010	17	0	0	0	0
620020	17	0	0	0	0
625000	17	0	0	0	0
625010	17	0	0	0	0
625020	17	0	0	0	0
630000	17	0	0	0	0
630010	17	0	0	0	0
630020	17	0	0	0	0
635000	17	0	0	0	0
635010	17	0	0	0	0
635020	17	0	0	0	0
660000	17	0	0	0	0
660010	17	0	0	0	0
660020	17	0	0	0	0
700000	17	0	0	0	0
710000	17	0	0	0	0
710100	17	0	0	0	0
710200	17	0	0	0	0
820000	17	0	0	0	0
820010	17	0	0	0	0
820020	17	0	0	0	0
840000	17	0	0	0	0
841000	17	0	0	0	0
842000	17	0	0	0	0
900000	17	0	0	0	0
910000	17	0	0	0	0
920000	17	0	0	0	0
920010	17	0	0	0	0
920020	17	0	0	0	0
925000	17	0	0	0	0
930000	17	0	0	0	0
935000	17	0	0	0	0
940000	17	0	0	0	0
940010	17	0	0	0	0
940020	17	0	0	0	0
950000	17	0	0	0	0
951000	17	0	0	0	0
999000	17	0	0	0	0
720000	17	0	0	0	0
740000	17	0	0	0	0
750000	17	0	0	0	0
760000	17	0	0	0	0
770000	17	0	0	0	0
800000	17	0	0	0	0
805000	17	0	0	0	0
810000	17	0	0	0	0
100000	17	0	0	0	0
200000	17	0	0	0	0
210000	17	0	0	0	0
215000	17	0	0	0	0
220000	17	0	0	0	0
365000	17	0	0	0	0
370000	17	0	0	0	0
375000	17	0	0	0	0
380000	17	0	0	0	0
380010	17	0	0	0	0
380020	17	0	0	0	0
385000	17	0	0	0	0
390000	17	0	0	0	0
395000	17	0	0	0	0
400000	17	0	0	0	0
405000	17	0	0	0	0
415000	17	0	0	0	0
415010	17	0	0	0	0
415020	17	0	0	0	0
415030	17	0	0	0	0
415040	17	0	0	0	0
420000	17	0	0	0	0
430000	17	0	0	0	0
435000	17	0	0	0	0
438000	17	0	0	0	0
440000	17	0	0	0	0
445000	17	0	0	0	0
450000	17	0	0	0	0
455000	17	0	0	0	0
460000	17	0	0	0	0
465000	17	0	0	0	0
465010	17	0	0	0	0
465020	17	0	0	0	0
466000	17	0	0	0	0
345000	17	0	0	0	0
350000	17	0	0	0	0
466020	17	0	0	0	0
480000	17	0	0	0	0
230000	17	0	0	0	0
235000	17	0	0	0	0
240000	17	0	0	0	0
240010	17	0	0	0	0
240020	17	0	0	0	0
240030	17	0	0	0	0
250000	17	0	0	0	0
270000	17	0	0	0	0
275000	17	0	0	0	0
280000	17	0	0	0	0
285000	17	0	0	0	0
290000	17	0	0	0	0
300000	17	0	0	0	0
305000	17	0	0	0	0
310000	17	0	0	0	0
315000	17	0	0	0	0
320000	17	0	0	0	0
325000	17	0	0	0	0
330000	17	0	0	0	0
335000	17	0	0	0	0
340000	17	0	0	0	0
466010	17	0	0	0	0
355000	17	0	0	0	0
360000	17	0	0	0	0
485000	17	0	0	0	0
490000	17	0	0	0	0
510000	17	0	0	0	0
520000	17	0	0	0	0
540000	17	0	0	0	0
550000	17	0	0	0	0
560000	17	0	0	0	0
570000	17	0	0	0	0
610000	17	0	0	0	0
610010	17	0	0	0	0
610010	18	0	0	0	0
610000	18	0	0	0	0
570000	18	0	0	0	0
560000	18	0	0	0	0
550000	18	0	0	0	0
540000	18	0	0	0	0
520000	18	0	0	0	0
510000	18	0	0	0	0
490000	18	0	0	0	0
485000	18	0	0	0	0
360000	18	0	0	0	0
355000	18	0	0	0	0
466010	18	0	0	0	0
340000	18	0	0	0	0
335000	18	0	0	0	0
330000	18	0	0	0	0
325000	18	0	0	0	0
320000	18	0	0	0	0
315000	18	0	0	0	0
310000	18	0	0	0	0
305000	18	0	0	0	0
300000	18	0	0	0	0
290000	18	0	0	0	0
285000	18	0	0	0	0
280000	18	0	0	0	0
275000	18	0	0	0	0
270000	18	0	0	0	0
250000	18	0	0	0	0
240030	18	0	0	0	0
240020	18	0	0	0	0
240010	18	0	0	0	0
240000	18	0	0	0	0
235000	18	0	0	0	0
230000	18	0	0	0	0
480000	18	0	0	0	0
466020	18	0	0	0	0
350000	18	0	0	0	0
345000	18	0	0	0	0
466000	18	0	0	0	0
465020	18	0	0	0	0
465010	18	0	0	0	0
465000	18	0	0	0	0
460000	18	0	0	0	0
455000	18	0	0	0	0
450000	18	0	0	0	0
445000	18	0	0	0	0
440000	18	0	0	0	0
438000	18	0	0	0	0
435000	18	0	0	0	0
430000	18	0	0	0	0
420000	18	0	0	0	0
415040	18	0	0	0	0
415030	18	0	0	0	0
415020	18	0	0	0	0
415010	18	0	0	0	0
415000	18	0	0	0	0
405000	18	0	0	0	0
400000	18	0	0	0	0
395000	18	0	0	0	0
390000	18	0	0	0	0
385000	18	0	0	0	0
380020	18	0	0	0	0
380010	18	0	0	0	0
380000	18	0	0	0	0
375000	18	0	0	0	0
370000	18	0	0	0	0
365000	18	0	0	0	0
220000	18	0	0	0	0
215000	18	0	0	0	0
210000	18	0	0	0	0
200000	18	0	0	0	0
100000	18	0	0	0	0
810000	18	0	0	0	0
805000	18	0	0	0	0
800000	18	0	0	0	0
770000	18	0	0	0	0
760000	18	0	0	0	0
750000	18	0	0	0	0
740000	18	0	0	0	0
720000	18	0	0	0	0
999000	18	0	0	0	0
951000	18	0	0	0	0
950000	18	0	0	0	0
940020	18	0	0	0	0
940010	18	0	0	0	0
940000	18	0	0	0	0
935000	18	0	0	0	0
930000	18	0	0	0	0
925000	18	0	0	0	0
920020	18	0	0	0	0
920010	18	0	0	0	0
920000	18	0	0	0	0
910000	18	0	0	0	0
900000	18	0	0	0	0
842000	18	0	0	0	0
841000	18	0	0	0	0
840000	18	0	0	0	0
820020	18	0	0	0	0
820010	18	0	0	0	0
820000	18	0	0	0	0
710200	18	0	0	0	0
710100	18	0	0	0	0
710000	18	0	0	0	0
700000	18	0	0	0	0
660020	18	0	0	0	0
660010	18	0	0	0	0
660000	18	0	0	0	0
635020	18	0	0	0	0
635010	18	0	0	0	0
635000	18	0	0	0	0
630020	18	0	0	0	0
630010	18	0	0	0	0
630000	18	0	0	0	0
625020	18	0	0	0	0
625010	18	0	0	0	0
625000	18	0	0	0	0
620020	18	0	0	0	0
620010	18	0	0	0	0
620000	18	0	0	0	0
615020	18	0	0	0	0
615010	18	0	0	0	0
615000	18	0	0	0	0
610020	18	0	0	0	0
610020	19	0	0	0	0
615000	19	0	0	0	0
615010	19	0	0	0	0
615020	19	0	0	0	0
620000	19	0	0	0	0
620010	19	0	0	0	0
620020	19	0	0	0	0
625000	19	0	0	0	0
625010	19	0	0	0	0
625020	19	0	0	0	0
630000	19	0	0	0	0
630010	19	0	0	0	0
630020	19	0	0	0	0
635000	19	0	0	0	0
635010	19	0	0	0	0
635020	19	0	0	0	0
660000	19	0	0	0	0
660010	19	0	0	0	0
660020	19	0	0	0	0
700000	19	0	0	0	0
710000	19	0	0	0	0
710100	19	0	0	0	0
710200	19	0	0	0	0
820000	19	0	0	0	0
820010	19	0	0	0	0
820020	19	0	0	0	0
840000	19	0	0	0	0
841000	19	0	0	0	0
842000	19	0	0	0	0
900000	19	0	0	0	0
910000	19	0	0	0	0
920000	19	0	0	0	0
920010	19	0	0	0	0
920020	19	0	0	0	0
925000	19	0	0	0	0
930000	19	0	0	0	0
935000	19	0	0	0	0
940000	19	0	0	0	0
940010	19	0	0	0	0
940020	19	0	0	0	0
950000	19	0	0	0	0
951000	19	0	0	0	0
999000	19	0	0	0	0
720000	19	0	0	0	0
740000	19	0	0	0	0
750000	19	0	0	0	0
760000	19	0	0	0	0
770000	19	0	0	0	0
800000	19	0	0	0	0
805000	19	0	0	0	0
810000	19	0	0	0	0
100000	19	0	0	0	0
200000	19	0	0	0	0
210000	19	0	0	0	0
215000	19	0	0	0	0
220000	19	0	0	0	0
365000	19	0	0	0	0
370000	19	0	0	0	0
375000	19	0	0	0	0
380000	19	0	0	0	0
380010	19	0	0	0	0
380020	19	0	0	0	0
385000	19	0	0	0	0
390000	19	0	0	0	0
395000	19	0	0	0	0
400000	19	0	0	0	0
405000	19	0	0	0	0
415000	19	0	0	0	0
415010	19	0	0	0	0
415020	19	0	0	0	0
415030	19	0	0	0	0
415040	19	0	0	0	0
420000	19	0	0	0	0
430000	19	0	0	0	0
435000	19	0	0	0	0
438000	19	0	0	0	0
440000	19	0	0	0	0
445000	19	0	0	0	0
450000	19	0	0	0	0
455000	19	0	0	0	0
460000	19	0	0	0	0
465000	19	0	0	0	0
465010	19	0	0	0	0
465020	19	0	0	0	0
466000	19	0	0	0	0
345000	19	0	0	0	0
350000	19	0	0	0	0
466020	19	0	0	0	0
480000	19	0	0	0	0
230000	19	0	0	0	0
235000	19	0	0	0	0
240000	19	0	0	0	0
240010	19	0	0	0	0
240020	19	0	0	0	0
240030	19	0	0	0	0
250000	19	0	0	0	0
270000	19	0	0	0	0
275000	19	0	0	0	0
280000	19	0	0	0	0
285000	19	0	0	0	0
290000	19	0	0	0	0
300000	19	0	0	0	0
305000	19	0	0	0	0
310000	19	0	0	0	0
315000	19	0	0	0	0
320000	19	0	0	0	0
325000	19	0	0	0	0
330000	19	0	0	0	0
335000	19	0	0	0	0
340000	19	0	0	0	0
466010	19	0	0	0	0
355000	19	0	0	0	0
360000	19	0	0	0	0
485000	19	0	0	0	0
490000	19	0	0	0	0
510000	19	0	0	0	0
520000	19	0	0	0	0
540000	19	0	0	0	0
550000	19	0	0	0	0
560000	19	0	0	0	0
570000	19	0	0	0	0
610000	19	0	0	0	0
610010	19	0	0	0	0
240010	20	0	0	0	0
240000	20	0	0	0	0
235000	20	0	0	0	0
230000	20	0	0	0	0
480000	20	0	0	0	0
466020	20	0	0	0	0
350000	20	0	0	0	0
345000	20	0	0	0	0
466000	20	0	0	0	0
465020	20	0	0	0	0
465010	20	0	0	0	0
465000	20	0	0	0	0
460000	20	0	0	0	0
455000	20	0	0	0	0
450000	20	0	0	0	0
445000	20	0	0	0	0
440000	20	0	0	0	0
438000	20	0	0	0	0
435000	20	0	0	0	0
430000	20	0	0	0	0
420000	20	0	0	0	0
415040	20	0	0	0	0
415030	20	0	0	0	0
415020	20	0	0	0	0
415010	20	0	0	0	0
415000	20	0	0	0	0
405000	20	0	0	0	0
400000	20	0	0	0	0
395000	20	0	0	0	0
390000	20	0	0	0	0
385000	20	0	0	0	0
380020	20	0	0	0	0
380010	20	0	0	0	0
380000	20	0	0	0	0
375000	20	0	0	0	0
370000	20	0	0	0	0
365000	20	0	0	0	0
220000	20	0	0	0	0
215000	20	0	0	0	0
210000	20	0	0	0	0
200000	20	0	0	0	0
100000	20	0	0	0	0
810000	20	0	0	0	0
805000	20	0	0	0	0
800000	20	0	0	0	0
770000	20	0	0	0	0
760000	20	0	0	0	0
750000	20	0	0	0	0
740000	20	0	0	0	0
720000	20	0	0	0	0
999000	20	0	0	0	0
951000	20	0	0	0	0
950000	20	0	0	0	0
940020	20	0	0	0	0
940010	20	0	0	0	0
940000	20	0	0	0	0
935000	20	0	0	0	0
930000	20	0	0	0	0
925000	20	0	0	0	0
920020	20	0	0	0	0
920010	20	0	0	0	0
920000	20	0	0	0	0
910000	20	0	0	0	0
900000	20	0	0	0	0
842000	20	0	0	0	0
841000	20	0	0	0	0
840000	20	0	0	0	0
820020	20	0	0	0	0
820010	20	0	0	0	0
820000	20	0	0	0	0
710200	20	0	0	0	0
710100	20	0	0	0	0
710000	20	0	0	0	0
700000	20	0	0	0	0
660020	20	0	0	0	0
660010	20	0	0	0	0
660000	20	0	0	0	0
635020	20	0	0	0	0
635010	20	0	0	0	0
635000	20	0	0	0	0
630020	20	0	0	0	0
630010	20	0	0	0	0
630000	20	0	0	0	0
625020	20	0	0	0	0
625010	20	0	0	0	0
625000	20	0	0	0	0
620020	20	0	0	0	0
620010	20	0	0	0	0
620000	20	0	0	0	0
615020	20	0	0	0	0
615010	20	0	0	0	0
615000	20	0	0	0	0
610020	20	0	0	0	0
610010	20	0	0	0	0
610000	20	0	0	0	0
570000	20	0	0	0	0
560000	20	0	0	0	0
550000	20	0	0	0	0
540000	20	0	0	0	0
520000	20	0	0	0	0
510000	20	0	0	0	0
490000	20	0	0	0	0
485000	20	0	0	0	0
360000	20	0	0	0	0
355000	20	0	0	0	0
466010	20	0	0	0	0
340000	20	0	0	0	0
335000	20	0	0	0	0
330000	20	0	0	0	0
325000	20	0	0	0	0
320000	20	0	0	0	0
315000	20	0	0	0	0
310000	20	0	0	0	0
305000	20	0	0	0	0
300000	20	0	0	0	0
290000	20	0	0	0	0
285000	20	0	0	0	0
280000	20	0	0	0	0
275000	20	0	0	0	0
270000	20	0	0	0	0
250000	20	0	0	0	0
240030	20	0	0	0	0
240020	20	0	0	0	0
840000	21	0	0	0	0
841000	21	0	0	0	0
842000	21	0	0	0	0
900000	21	0	0	0	0
910000	21	0	0	0	0
920000	21	0	0	0	0
920010	21	0	0	0	0
920020	21	0	0	0	0
925000	21	0	0	0	0
930000	21	0	0	0	0
935000	21	0	0	0	0
940000	21	0	0	0	0
940010	21	0	0	0	0
940020	21	0	0	0	0
950000	21	0	0	0	0
951000	21	0	0	0	0
999000	21	0	0	0	0
720000	21	0	0	0	0
740000	21	0	0	0	0
750000	21	0	0	0	0
760000	21	0	0	0	0
770000	21	0	0	0	0
800000	21	0	0	0	0
805000	21	0	0	0	0
810000	21	0	0	0	0
100000	21	0	0	0	0
200000	21	0	0	0	0
210000	21	0	0	0	0
215000	21	0	0	0	0
220000	21	0	0	0	0
365000	21	0	0	0	0
370000	21	0	0	0	0
375000	21	0	0	0	0
380000	21	0	0	0	0
380010	21	0	0	0	0
380020	21	0	0	0	0
385000	21	0	0	0	0
390000	21	0	0	0	0
395000	21	0	0	0	0
400000	21	0	0	0	0
405000	21	0	0	0	0
415000	21	0	0	0	0
415010	21	0	0	0	0
415020	21	0	0	0	0
415030	21	0	0	0	0
415040	21	0	0	0	0
420000	21	0	0	0	0
430000	21	0	0	0	0
435000	21	0	0	0	0
438000	21	0	0	0	0
440000	21	0	0	0	0
445000	21	0	0	0	0
450000	21	0	0	0	0
455000	21	0	0	0	0
460000	21	0	0	0	0
465000	21	0	0	0	0
465010	21	0	0	0	0
465020	21	0	0	0	0
466000	21	0	0	0	0
345000	21	0	0	0	0
350000	21	0	0	0	0
466020	21	0	0	0	0
480000	21	0	0	0	0
230000	21	0	0	0	0
235000	21	0	0	0	0
240000	21	0	0	0	0
240010	21	0	0	0	0
240020	21	0	0	0	0
240030	21	0	0	0	0
250000	21	0	0	0	0
270000	21	0	0	0	0
275000	21	0	0	0	0
280000	21	0	0	0	0
285000	21	0	0	0	0
290000	21	0	0	0	0
300000	21	0	0	0	0
305000	21	0	0	0	0
310000	21	0	0	0	0
315000	21	0	0	0	0
320000	21	0	0	0	0
325000	21	0	0	0	0
330000	21	0	0	0	0
335000	21	0	0	0	0
340000	21	0	0	0	0
466010	21	0	0	0	0
355000	21	0	0	0	0
360000	21	0	0	0	0
485000	21	0	0	0	0
490000	21	0	0	0	0
510000	21	0	0	0	0
520000	21	0	0	0	0
540000	21	0	0	0	0
550000	21	0	0	0	0
560000	21	0	0	0	0
570000	21	0	0	0	0
610000	21	0	0	0	0
610010	21	0	0	0	0
610020	21	0	0	0	0
615000	21	0	0	0	0
615010	21	0	0	0	0
615020	21	0	0	0	0
620000	21	0	0	0	0
620010	21	0	0	0	0
620020	21	0	0	0	0
625000	21	0	0	0	0
625010	21	0	0	0	0
625020	21	0	0	0	0
630000	21	0	0	0	0
630010	21	0	0	0	0
630020	21	0	0	0	0
635000	21	0	0	0	0
635010	21	0	0	0	0
635020	21	0	0	0	0
660000	21	0	0	0	0
660010	21	0	0	0	0
660020	21	0	0	0	0
700000	21	0	0	0	0
710000	21	0	0	0	0
710100	21	0	0	0	0
710200	21	0	0	0	0
820000	21	0	0	0	0
820010	21	0	0	0	0
820020	21	0	0	0	0
820020	22	0	0	0	0
820010	22	0	0	0	0
820000	22	0	0	0	0
710200	22	0	0	0	0
710100	22	0	0	0	0
710000	22	0	0	0	0
700000	22	0	0	0	0
660020	22	0	0	0	0
660010	22	0	0	0	0
660000	22	0	0	0	0
635020	22	0	0	0	0
635010	22	0	0	0	0
635000	22	0	0	0	0
630020	22	0	0	0	0
630010	22	0	0	0	0
630000	22	0	0	0	0
625020	22	0	0	0	0
625010	22	0	0	0	0
625000	22	0	0	0	0
620020	22	0	0	0	0
620010	22	0	0	0	0
620000	22	0	0	0	0
615020	22	0	0	0	0
615010	22	0	0	0	0
615000	22	0	0	0	0
610020	22	0	0	0	0
610010	22	0	0	0	0
610000	22	0	0	0	0
570000	22	0	0	0	0
560000	22	0	0	0	0
550000	22	0	0	0	0
540000	22	0	0	0	0
520000	22	0	0	0	0
510000	22	0	0	0	0
490000	22	0	0	0	0
485000	22	0	0	0	0
360000	22	0	0	0	0
355000	22	0	0	0	0
466010	22	0	0	0	0
340000	22	0	0	0	0
335000	22	0	0	0	0
330000	22	0	0	0	0
325000	22	0	0	0	0
320000	22	0	0	0	0
315000	22	0	0	0	0
310000	22	0	0	0	0
305000	22	0	0	0	0
300000	22	0	0	0	0
290000	22	0	0	0	0
285000	22	0	0	0	0
280000	22	0	0	0	0
275000	22	0	0	0	0
270000	22	0	0	0	0
250000	22	0	0	0	0
240030	22	0	0	0	0
240020	22	0	0	0	0
240010	22	0	0	0	0
240000	22	0	0	0	0
235000	22	0	0	0	0
230000	22	0	0	0	0
480000	22	0	0	0	0
466020	22	0	0	0	0
350000	22	0	0	0	0
345000	22	0	0	0	0
466000	22	0	0	0	0
465020	22	0	0	0	0
465010	22	0	0	0	0
465000	22	0	0	0	0
460000	22	0	0	0	0
455000	22	0	0	0	0
450000	22	0	0	0	0
445000	22	0	0	0	0
440000	22	0	0	0	0
438000	22	0	0	0	0
435000	22	0	0	0	0
430000	22	0	0	0	0
420000	22	0	0	0	0
415040	22	0	0	0	0
415030	22	0	0	0	0
415020	22	0	0	0	0
415010	22	0	0	0	0
415000	22	0	0	0	0
405000	22	0	0	0	0
400000	22	0	0	0	0
395000	22	0	0	0	0
390000	22	0	0	0	0
385000	22	0	0	0	0
380020	22	0	0	0	0
380010	22	0	0	0	0
380000	22	0	0	0	0
375000	22	0	0	0	0
370000	22	0	0	0	0
365000	22	0	0	0	0
220000	22	0	0	0	0
215000	22	0	0	0	0
210000	22	0	0	0	0
200000	22	0	0	0	0
100000	22	0	0	0	0
810000	22	0	0	0	0
805000	22	0	0	0	0
800000	22	0	0	0	0
770000	22	0	0	0	0
760000	22	0	0	0	0
750000	22	0	0	0	0
740000	22	0	0	0	0
720000	22	0	0	0	0
999000	22	0	0	0	0
951000	22	0	0	0	0
950000	22	0	0	0	0
940020	22	0	0	0	0
940010	22	0	0	0	0
940000	22	0	0	0	0
935000	22	0	0	0	0
930000	22	0	0	0	0
925000	22	0	0	0	0
920020	22	0	0	0	0
920010	22	0	0	0	0
920000	22	0	0	0	0
910000	22	0	0	0	0
900000	22	0	0	0	0
842000	22	0	0	0	0
841000	22	0	0	0	0
840000	22	0	0	0	0
840000	23	0	0	0	0
840000	24	0	0	0	0
840000	25	0	0	0	0
840000	26	0	0	0	0
840000	27	0	0	0	0
840000	28	0	0	0	0
840000	29	0	0	0	0
840000	30	0	0	0	0
840000	31	0	0	0	0
840000	32	0	0	0	0
840000	33	0	0	0	0
840000	34	0	0	0	0
840000	35	0	0	0	0
840000	36	0	0	0	0
840000	37	0	0	0	0
840000	38	0	0	0	0
840000	39	0	0	0	0
840000	40	0	0	0	0
840000	41	0	0	0	0
840000	42	0	0	0	0
840000	43	0	0	0	0
840000	44	0	0	0	0
840000	45	0	0	0	0
840000	46	0	0	0	0
840000	47	0	0	0	0
840000	48	0	0	0	0
840000	49	0	0	0	0
840000	50	0	0	0	0
840000	51	0	0	0	0
840000	52	0	0	0	0
840000	53	0	0	0	0
840000	54	0	0	0	0
840000	55	0	0	0	0
840000	56	0	0	0	0
840000	57	0	0	0	0
840000	58	0	0	0	0
840000	59	0	0	0	0
840000	60	0	0	0	0
840000	61	0	0	0	0
841000	23	0	0	0	0
841000	24	0	0	0	0
841000	25	0	0	0	0
841000	26	0	0	0	0
841000	27	0	0	0	0
841000	28	0	0	0	0
841000	29	0	0	0	0
841000	30	0	0	0	0
841000	31	0	0	0	0
841000	32	0	0	0	0
841000	33	0	0	0	0
841000	34	0	0	0	0
841000	35	0	0	0	0
841000	36	0	0	0	0
841000	37	0	0	0	0
841000	38	0	0	0	0
841000	39	0	0	0	0
841000	40	0	0	0	0
841000	41	0	0	0	0
841000	42	0	0	0	0
841000	43	0	0	0	0
841000	44	0	0	0	0
841000	45	0	0	0	0
841000	46	0	0	0	0
841000	47	0	0	0	0
841000	48	0	0	0	0
841000	49	0	0	0	0
841000	50	0	0	0	0
841000	51	0	0	0	0
841000	52	0	0	0	0
841000	53	0	0	0	0
841000	54	0	0	0	0
841000	55	0	0	0	0
841000	56	0	0	0	0
841000	57	0	0	0	0
841000	58	0	0	0	0
841000	59	0	0	0	0
841000	60	0	0	0	0
841000	61	0	0	0	0
842000	23	0	0	0	0
842000	24	0	0	0	0
842000	25	0	0	0	0
842000	26	0	0	0	0
842000	27	0	0	0	0
842000	28	0	0	0	0
842000	29	0	0	0	0
842000	30	0	0	0	0
842000	31	0	0	0	0
842000	32	0	0	0	0
842000	33	0	0	0	0
842000	34	0	0	0	0
842000	35	0	0	0	0
842000	36	0	0	0	0
842000	37	0	0	0	0
842000	38	0	0	0	0
842000	39	0	0	0	0
842000	40	0	0	0	0
842000	41	0	0	0	0
842000	42	0	0	0	0
842000	43	0	0	0	0
842000	44	0	0	0	0
842000	45	0	0	0	0
842000	46	0	0	0	0
842000	47	0	0	0	0
842000	48	0	0	0	0
842000	49	0	0	0	0
842000	50	0	0	0	0
842000	51	0	0	0	0
842000	52	0	0	0	0
842000	53	0	0	0	0
842000	54	0	0	0	0
842000	55	0	0	0	0
842000	56	0	0	0	0
842000	57	0	0	0	0
842000	58	0	0	0	0
842000	59	0	0	0	0
842000	60	0	0	0	0
842000	61	0	0	0	0
900000	23	0	0	0	0
900000	24	0	0	0	0
900000	25	0	0	0	0
900000	26	0	0	0	0
900000	27	0	0	0	0
900000	28	0	0	0	0
900000	29	0	0	0	0
900000	30	0	0	0	0
900000	31	0	0	0	0
900000	32	0	0	0	0
900000	33	0	0	0	0
900000	34	0	0	0	0
900000	35	0	0	0	0
900000	36	0	0	0	0
900000	37	0	0	0	0
900000	38	0	0	0	0
900000	39	0	0	0	0
900000	40	0	0	0	0
900000	41	0	0	0	0
900000	42	0	0	0	0
900000	43	0	0	0	0
900000	44	0	0	0	0
900000	45	0	0	0	0
900000	46	0	0	0	0
900000	47	0	0	0	0
900000	48	0	0	0	0
900000	49	0	0	0	0
900000	50	0	0	0	0
900000	51	0	0	0	0
900000	52	0	0	0	0
900000	53	0	0	0	0
900000	54	0	0	0	0
900000	55	0	0	0	0
900000	56	0	0	0	0
900000	57	0	0	0	0
900000	58	0	0	0	0
900000	59	0	0	0	0
900000	60	0	0	0	0
900000	61	0	0	0	0
910000	23	0	0	0	0
910000	24	0	0	0	0
910000	25	0	0	0	0
910000	26	0	0	0	0
910000	27	0	0	0	0
910000	28	0	0	0	0
910000	29	0	0	0	0
910000	30	0	0	0	0
910000	31	0	0	0	0
910000	32	0	0	0	0
910000	33	0	0	0	0
910000	34	0	0	0	0
910000	35	0	0	0	0
910000	36	0	0	0	0
910000	37	0	0	0	0
910000	38	0	0	0	0
910000	39	0	0	0	0
910000	40	0	0	0	0
910000	41	0	0	0	0
910000	42	0	0	0	0
910000	43	0	0	0	0
910000	44	0	0	0	0
910000	45	0	0	0	0
910000	46	0	0	0	0
910000	47	0	0	0	0
910000	48	0	0	0	0
910000	49	0	0	0	0
910000	50	0	0	0	0
910000	51	0	0	0	0
910000	52	0	0	0	0
910000	53	0	0	0	0
910000	54	0	0	0	0
910000	55	0	0	0	0
910000	56	0	0	0	0
910000	57	0	0	0	0
910000	58	0	0	0	0
910000	59	0	0	0	0
910000	60	0	0	0	0
910000	61	0	0	0	0
920000	23	0	0	0	0
920000	24	0	0	0	0
920000	25	0	0	0	0
920000	26	0	0	0	0
920000	27	0	0	0	0
920000	28	0	0	0	0
920000	29	0	0	0	0
920000	30	0	0	0	0
920000	31	0	0	0	0
920000	32	0	0	0	0
920000	33	0	0	0	0
920000	34	0	0	0	0
920000	35	0	0	0	0
920000	36	0	0	0	0
920000	37	0	0	0	0
920000	38	0	0	0	0
920000	39	0	0	0	0
920000	40	0	0	0	0
920000	41	0	0	0	0
920000	42	0	0	0	0
920000	43	0	0	0	0
920000	44	0	0	0	0
920000	45	0	0	0	0
920000	46	0	0	0	0
920000	47	0	0	0	0
920000	48	0	0	0	0
920000	49	0	0	0	0
920000	50	0	0	0	0
920000	51	0	0	0	0
920000	52	0	0	0	0
920000	53	0	0	0	0
920000	54	0	0	0	0
920000	55	0	0	0	0
920000	56	0	0	0	0
920000	57	0	0	0	0
920000	58	0	0	0	0
920000	59	0	0	0	0
920000	60	0	0	0	0
920000	61	0	0	0	0
920010	23	0	0	0	0
920010	24	0	0	0	0
920010	25	0	0	0	0
920010	26	0	0	0	0
920010	27	0	0	0	0
920010	28	0	0	0	0
920010	29	0	0	0	0
920010	30	0	0	0	0
920010	31	0	0	0	0
920010	32	0	0	0	0
920010	33	0	0	0	0
920010	34	0	0	0	0
920010	35	0	0	0	0
920010	36	0	0	0	0
920010	37	0	0	0	0
920010	38	0	0	0	0
920010	39	0	0	0	0
920010	40	0	0	0	0
920010	41	0	0	0	0
920010	42	0	0	0	0
920010	43	0	0	0	0
920010	44	0	0	0	0
920010	45	0	0	0	0
920010	46	0	0	0	0
920010	47	0	0	0	0
920010	48	0	0	0	0
920010	49	0	0	0	0
920010	50	0	0	0	0
920010	51	0	0	0	0
920010	52	0	0	0	0
920010	53	0	0	0	0
920010	54	0	0	0	0
920010	55	0	0	0	0
920010	56	0	0	0	0
920010	57	0	0	0	0
920010	58	0	0	0	0
920010	59	0	0	0	0
920010	60	0	0	0	0
920010	61	0	0	0	0
920020	23	0	0	0	0
920020	24	0	0	0	0
920020	25	0	0	0	0
920020	26	0	0	0	0
920020	27	0	0	0	0
920020	28	0	0	0	0
920020	29	0	0	0	0
920020	30	0	0	0	0
920020	31	0	0	0	0
920020	32	0	0	0	0
920020	33	0	0	0	0
920020	34	0	0	0	0
920020	35	0	0	0	0
920020	36	0	0	0	0
920020	37	0	0	0	0
920020	38	0	0	0	0
920020	39	0	0	0	0
920020	40	0	0	0	0
920020	41	0	0	0	0
920020	42	0	0	0	0
920020	43	0	0	0	0
920020	44	0	0	0	0
920020	45	0	0	0	0
920020	46	0	0	0	0
920020	47	0	0	0	0
920020	48	0	0	0	0
920020	49	0	0	0	0
920020	50	0	0	0	0
920020	51	0	0	0	0
920020	52	0	0	0	0
920020	53	0	0	0	0
920020	54	0	0	0	0
920020	55	0	0	0	0
920020	56	0	0	0	0
920020	57	0	0	0	0
920020	58	0	0	0	0
920020	59	0	0	0	0
920020	60	0	0	0	0
920020	61	0	0	0	0
925000	23	0	0	0	0
925000	24	0	0	0	0
925000	25	0	0	0	0
925000	26	0	0	0	0
925000	27	0	0	0	0
925000	28	0	0	0	0
925000	29	0	0	0	0
925000	30	0	0	0	0
925000	31	0	0	0	0
925000	32	0	0	0	0
925000	33	0	0	0	0
925000	34	0	0	0	0
925000	35	0	0	0	0
925000	36	0	0	0	0
925000	37	0	0	0	0
925000	38	0	0	0	0
925000	39	0	0	0	0
925000	40	0	0	0	0
925000	41	0	0	0	0
925000	42	0	0	0	0
925000	43	0	0	0	0
925000	44	0	0	0	0
925000	45	0	0	0	0
925000	46	0	0	0	0
925000	47	0	0	0	0
925000	48	0	0	0	0
925000	49	0	0	0	0
925000	50	0	0	0	0
925000	51	0	0	0	0
925000	52	0	0	0	0
925000	53	0	0	0	0
925000	54	0	0	0	0
925000	55	0	0	0	0
925000	56	0	0	0	0
925000	57	0	0	0	0
925000	58	0	0	0	0
925000	59	0	0	0	0
925000	60	0	0	0	0
925000	61	0	0	0	0
930000	23	0	0	0	0
930000	24	0	0	0	0
930000	25	0	0	0	0
930000	26	0	0	0	0
930000	27	0	0	0	0
930000	28	0	0	0	0
930000	29	0	0	0	0
930000	30	0	0	0	0
930000	31	0	0	0	0
930000	32	0	0	0	0
930000	33	0	0	0	0
930000	34	0	0	0	0
930000	35	0	0	0	0
930000	36	0	0	0	0
930000	37	0	0	0	0
930000	38	0	0	0	0
930000	39	0	0	0	0
930000	40	0	0	0	0
930000	41	0	0	0	0
930000	42	0	0	0	0
930000	43	0	0	0	0
930000	44	0	0	0	0
930000	45	0	0	0	0
930000	46	0	0	0	0
930000	47	0	0	0	0
930000	48	0	0	0	0
930000	49	0	0	0	0
930000	50	0	0	0	0
930000	51	0	0	0	0
930000	52	0	0	0	0
930000	53	0	0	0	0
930000	54	0	0	0	0
930000	55	0	0	0	0
930000	56	0	0	0	0
930000	57	0	0	0	0
930000	58	0	0	0	0
930000	59	0	0	0	0
930000	60	0	0	0	0
930000	61	0	0	0	0
935000	23	0	0	0	0
935000	24	0	0	0	0
935000	25	0	0	0	0
935000	26	0	0	0	0
935000	27	0	0	0	0
935000	28	0	0	0	0
935000	29	0	0	0	0
935000	30	0	0	0	0
935000	31	0	0	0	0
935000	32	0	0	0	0
935000	33	0	0	0	0
935000	34	0	0	0	0
935000	35	0	0	0	0
935000	36	0	0	0	0
935000	37	0	0	0	0
935000	38	0	0	0	0
935000	39	0	0	0	0
935000	40	0	0	0	0
935000	41	0	0	0	0
935000	42	0	0	0	0
935000	43	0	0	0	0
935000	44	0	0	0	0
935000	45	0	0	0	0
935000	46	0	0	0	0
935000	47	0	0	0	0
935000	48	0	0	0	0
935000	49	0	0	0	0
935000	50	0	0	0	0
935000	51	0	0	0	0
935000	52	0	0	0	0
935000	53	0	0	0	0
935000	54	0	0	0	0
935000	55	0	0	0	0
935000	56	0	0	0	0
935000	57	0	0	0	0
935000	58	0	0	0	0
935000	59	0	0	0	0
935000	60	0	0	0	0
935000	61	0	0	0	0
940000	23	0	0	0	0
940000	24	0	0	0	0
940000	25	0	0	0	0
940000	26	0	0	0	0
940000	27	0	0	0	0
940000	28	0	0	0	0
940000	29	0	0	0	0
940000	30	0	0	0	0
940000	31	0	0	0	0
940000	32	0	0	0	0
940000	33	0	0	0	0
940000	34	0	0	0	0
940000	35	0	0	0	0
940000	36	0	0	0	0
940000	37	0	0	0	0
940000	38	0	0	0	0
940000	39	0	0	0	0
940000	40	0	0	0	0
940000	41	0	0	0	0
940000	42	0	0	0	0
940000	43	0	0	0	0
940000	44	0	0	0	0
940000	45	0	0	0	0
940000	46	0	0	0	0
940000	47	0	0	0	0
940000	48	0	0	0	0
940000	49	0	0	0	0
940000	50	0	0	0	0
940000	51	0	0	0	0
940000	52	0	0	0	0
940000	53	0	0	0	0
940000	54	0	0	0	0
940000	55	0	0	0	0
940000	56	0	0	0	0
940000	57	0	0	0	0
940000	58	0	0	0	0
940000	59	0	0	0	0
940000	60	0	0	0	0
940000	61	0	0	0	0
940010	23	0	0	0	0
940010	24	0	0	0	0
940010	25	0	0	0	0
940010	26	0	0	0	0
940010	27	0	0	0	0
940010	28	0	0	0	0
940010	29	0	0	0	0
940010	30	0	0	0	0
940010	31	0	0	0	0
940010	32	0	0	0	0
940010	33	0	0	0	0
940010	34	0	0	0	0
940010	35	0	0	0	0
940010	36	0	0	0	0
940010	37	0	0	0	0
940010	38	0	0	0	0
940010	39	0	0	0	0
940010	40	0	0	0	0
940010	41	0	0	0	0
940010	42	0	0	0	0
940010	43	0	0	0	0
940010	44	0	0	0	0
940010	45	0	0	0	0
940010	46	0	0	0	0
940010	47	0	0	0	0
940010	48	0	0	0	0
940010	49	0	0	0	0
940010	50	0	0	0	0
940010	51	0	0	0	0
940010	52	0	0	0	0
940010	53	0	0	0	0
940010	54	0	0	0	0
940010	55	0	0	0	0
940010	56	0	0	0	0
940010	57	0	0	0	0
940010	58	0	0	0	0
940010	59	0	0	0	0
940010	60	0	0	0	0
940010	61	0	0	0	0
940020	23	0	0	0	0
940020	24	0	0	0	0
940020	25	0	0	0	0
940020	26	0	0	0	0
940020	27	0	0	0	0
940020	28	0	0	0	0
940020	29	0	0	0	0
940020	30	0	0	0	0
940020	31	0	0	0	0
940020	32	0	0	0	0
940020	33	0	0	0	0
940020	34	0	0	0	0
940020	35	0	0	0	0
940020	36	0	0	0	0
940020	37	0	0	0	0
940020	38	0	0	0	0
940020	39	0	0	0	0
940020	40	0	0	0	0
940020	41	0	0	0	0
940020	42	0	0	0	0
940020	43	0	0	0	0
940020	44	0	0	0	0
940020	45	0	0	0	0
940020	46	0	0	0	0
940020	47	0	0	0	0
940020	48	0	0	0	0
940020	49	0	0	0	0
940020	50	0	0	0	0
940020	51	0	0	0	0
940020	52	0	0	0	0
940020	53	0	0	0	0
940020	54	0	0	0	0
940020	55	0	0	0	0
940020	56	0	0	0	0
940020	57	0	0	0	0
940020	58	0	0	0	0
940020	59	0	0	0	0
940020	60	0	0	0	0
940020	61	0	0	0	0
950000	23	0	0	0	0
950000	24	0	0	0	0
950000	25	0	0	0	0
950000	26	0	0	0	0
950000	27	0	0	0	0
950000	28	0	0	0	0
950000	29	0	0	0	0
950000	30	0	0	0	0
950000	31	0	0	0	0
950000	32	0	0	0	0
950000	33	0	0	0	0
950000	34	0	0	0	0
950000	35	0	0	0	0
950000	36	0	0	0	0
950000	37	0	0	0	0
950000	38	0	0	0	0
950000	39	0	0	0	0
950000	40	0	0	0	0
950000	41	0	0	0	0
950000	42	0	0	0	0
950000	43	0	0	0	0
950000	44	0	0	0	0
950000	45	0	0	0	0
950000	46	0	0	0	0
950000	47	0	0	0	0
950000	48	0	0	0	0
950000	49	0	0	0	0
950000	50	0	0	0	0
950000	51	0	0	0	0
950000	52	0	0	0	0
950000	53	0	0	0	0
950000	54	0	0	0	0
950000	55	0	0	0	0
950000	56	0	0	0	0
950000	57	0	0	0	0
950000	58	0	0	0	0
950000	59	0	0	0	0
950000	60	0	0	0	0
950000	61	0	0	0	0
951000	23	0	0	0	0
951000	24	0	0	0	0
951000	25	0	0	0	0
951000	26	0	0	0	0
951000	27	0	0	0	0
951000	28	0	0	0	0
951000	29	0	0	0	0
951000	30	0	0	0	0
951000	31	0	0	0	0
951000	32	0	0	0	0
951000	33	0	0	0	0
951000	34	0	0	0	0
951000	35	0	0	0	0
951000	36	0	0	0	0
951000	37	0	0	0	0
951000	38	0	0	0	0
951000	39	0	0	0	0
951000	40	0	0	0	0
951000	41	0	0	0	0
951000	42	0	0	0	0
951000	43	0	0	0	0
951000	44	0	0	0	0
951000	45	0	0	0	0
951000	46	0	0	0	0
951000	47	0	0	0	0
951000	48	0	0	0	0
951000	49	0	0	0	0
951000	50	0	0	0	0
951000	51	0	0	0	0
951000	52	0	0	0	0
951000	53	0	0	0	0
951000	54	0	0	0	0
951000	55	0	0	0	0
951000	56	0	0	0	0
951000	57	0	0	0	0
951000	58	0	0	0	0
951000	59	0	0	0	0
951000	60	0	0	0	0
951000	61	0	0	0	0
999000	23	0	0	0	0
999000	24	0	0	0	0
999000	25	0	0	0	0
999000	26	0	0	0	0
999000	27	0	0	0	0
999000	28	0	0	0	0
999000	29	0	0	0	0
999000	30	0	0	0	0
999000	31	0	0	0	0
999000	32	0	0	0	0
999000	33	0	0	0	0
999000	34	0	0	0	0
999000	35	0	0	0	0
999000	36	0	0	0	0
999000	37	0	0	0	0
999000	38	0	0	0	0
999000	39	0	0	0	0
999000	40	0	0	0	0
999000	41	0	0	0	0
999000	42	0	0	0	0
999000	43	0	0	0	0
999000	44	0	0	0	0
999000	45	0	0	0	0
999000	46	0	0	0	0
999000	47	0	0	0	0
999000	48	0	0	0	0
999000	49	0	0	0	0
999000	50	0	0	0	0
999000	51	0	0	0	0
999000	52	0	0	0	0
999000	53	0	0	0	0
999000	54	0	0	0	0
999000	55	0	0	0	0
999000	56	0	0	0	0
999000	57	0	0	0	0
999000	58	0	0	0	0
999000	59	0	0	0	0
999000	60	0	0	0	0
999000	61	0	0	0	0
720000	23	0	0	0	0
720000	24	0	0	0	0
720000	25	0	0	0	0
720000	26	0	0	0	0
720000	27	0	0	0	0
720000	28	0	0	0	0
720000	29	0	0	0	0
720000	30	0	0	0	0
720000	31	0	0	0	0
720000	32	0	0	0	0
720000	33	0	0	0	0
720000	34	0	0	0	0
720000	35	0	0	0	0
720000	36	0	0	0	0
720000	37	0	0	0	0
720000	38	0	0	0	0
720000	39	0	0	0	0
720000	40	0	0	0	0
720000	41	0	0	0	0
720000	42	0	0	0	0
720000	43	0	0	0	0
720000	44	0	0	0	0
720000	45	0	0	0	0
720000	46	0	0	0	0
720000	47	0	0	0	0
720000	48	0	0	0	0
720000	49	0	0	0	0
720000	50	0	0	0	0
720000	51	0	0	0	0
720000	52	0	0	0	0
720000	53	0	0	0	0
720000	54	0	0	0	0
720000	55	0	0	0	0
720000	56	0	0	0	0
720000	57	0	0	0	0
720000	58	0	0	0	0
720000	59	0	0	0	0
720000	60	0	0	0	0
720000	61	0	0	0	0
740000	23	0	0	0	0
740000	24	0	0	0	0
740000	25	0	0	0	0
740000	26	0	0	0	0
740000	27	0	0	0	0
740000	28	0	0	0	0
740000	29	0	0	0	0
740000	30	0	0	0	0
740000	31	0	0	0	0
740000	32	0	0	0	0
740000	33	0	0	0	0
740000	34	0	0	0	0
740000	35	0	0	0	0
740000	36	0	0	0	0
740000	37	0	0	0	0
740000	38	0	0	0	0
740000	39	0	0	0	0
740000	40	0	0	0	0
740000	41	0	0	0	0
740000	42	0	0	0	0
740000	43	0	0	0	0
740000	44	0	0	0	0
740000	45	0	0	0	0
740000	46	0	0	0	0
740000	47	0	0	0	0
740000	48	0	0	0	0
740000	49	0	0	0	0
740000	50	0	0	0	0
740000	51	0	0	0	0
740000	52	0	0	0	0
740000	53	0	0	0	0
740000	54	0	0	0	0
740000	55	0	0	0	0
740000	56	0	0	0	0
740000	57	0	0	0	0
740000	58	0	0	0	0
740000	59	0	0	0	0
740000	60	0	0	0	0
740000	61	0	0	0	0
750000	23	0	0	0	0
750000	24	0	0	0	0
750000	25	0	0	0	0
750000	26	0	0	0	0
750000	27	0	0	0	0
750000	28	0	0	0	0
750000	29	0	0	0	0
750000	30	0	0	0	0
750000	31	0	0	0	0
750000	32	0	0	0	0
750000	33	0	0	0	0
750000	34	0	0	0	0
750000	35	0	0	0	0
750000	36	0	0	0	0
750000	37	0	0	0	0
750000	38	0	0	0	0
750000	39	0	0	0	0
750000	40	0	0	0	0
750000	41	0	0	0	0
750000	42	0	0	0	0
750000	43	0	0	0	0
750000	44	0	0	0	0
750000	45	0	0	0	0
750000	46	0	0	0	0
750000	47	0	0	0	0
750000	48	0	0	0	0
750000	49	0	0	0	0
750000	50	0	0	0	0
750000	51	0	0	0	0
750000	52	0	0	0	0
750000	53	0	0	0	0
750000	54	0	0	0	0
750000	55	0	0	0	0
750000	56	0	0	0	0
750000	57	0	0	0	0
750000	58	0	0	0	0
750000	59	0	0	0	0
750000	60	0	0	0	0
750000	61	0	0	0	0
760000	23	0	0	0	0
760000	24	0	0	0	0
760000	25	0	0	0	0
760000	26	0	0	0	0
760000	27	0	0	0	0
760000	28	0	0	0	0
760000	29	0	0	0	0
760000	30	0	0	0	0
760000	31	0	0	0	0
760000	32	0	0	0	0
760000	33	0	0	0	0
760000	34	0	0	0	0
760000	35	0	0	0	0
760000	36	0	0	0	0
760000	37	0	0	0	0
760000	38	0	0	0	0
760000	39	0	0	0	0
760000	40	0	0	0	0
760000	41	0	0	0	0
760000	42	0	0	0	0
760000	43	0	0	0	0
760000	44	0	0	0	0
760000	45	0	0	0	0
760000	46	0	0	0	0
760000	47	0	0	0	0
760000	48	0	0	0	0
760000	49	0	0	0	0
760000	50	0	0	0	0
760000	51	0	0	0	0
760000	52	0	0	0	0
760000	53	0	0	0	0
760000	54	0	0	0	0
760000	55	0	0	0	0
760000	56	0	0	0	0
760000	57	0	0	0	0
760000	58	0	0	0	0
760000	59	0	0	0	0
760000	60	0	0	0	0
760000	61	0	0	0	0
770000	23	0	0	0	0
770000	24	0	0	0	0
770000	25	0	0	0	0
770000	26	0	0	0	0
770000	27	0	0	0	0
770000	28	0	0	0	0
770000	29	0	0	0	0
770000	30	0	0	0	0
770000	31	0	0	0	0
770000	32	0	0	0	0
770000	33	0	0	0	0
770000	34	0	0	0	0
770000	35	0	0	0	0
770000	36	0	0	0	0
770000	37	0	0	0	0
770000	38	0	0	0	0
770000	39	0	0	0	0
770000	40	0	0	0	0
770000	41	0	0	0	0
770000	42	0	0	0	0
770000	43	0	0	0	0
770000	44	0	0	0	0
770000	45	0	0	0	0
770000	46	0	0	0	0
770000	47	0	0	0	0
770000	48	0	0	0	0
770000	49	0	0	0	0
770000	50	0	0	0	0
770000	51	0	0	0	0
770000	52	0	0	0	0
770000	53	0	0	0	0
770000	54	0	0	0	0
770000	55	0	0	0	0
770000	56	0	0	0	0
770000	57	0	0	0	0
770000	58	0	0	0	0
770000	59	0	0	0	0
770000	60	0	0	0	0
770000	61	0	0	0	0
800000	23	0	0	0	0
800000	24	0	0	0	0
800000	25	0	0	0	0
800000	26	0	0	0	0
800000	27	0	0	0	0
800000	28	0	0	0	0
800000	29	0	0	0	0
800000	30	0	0	0	0
800000	31	0	0	0	0
800000	32	0	0	0	0
800000	33	0	0	0	0
800000	34	0	0	0	0
800000	35	0	0	0	0
800000	36	0	0	0	0
800000	37	0	0	0	0
800000	38	0	0	0	0
800000	39	0	0	0	0
800000	40	0	0	0	0
800000	41	0	0	0	0
800000	42	0	0	0	0
800000	43	0	0	0	0
800000	44	0	0	0	0
800000	45	0	0	0	0
800000	46	0	0	0	0
800000	47	0	0	0	0
800000	48	0	0	0	0
800000	49	0	0	0	0
800000	50	0	0	0	0
800000	51	0	0	0	0
800000	52	0	0	0	0
800000	53	0	0	0	0
800000	54	0	0	0	0
800000	55	0	0	0	0
800000	56	0	0	0	0
800000	57	0	0	0	0
800000	58	0	0	0	0
800000	59	0	0	0	0
800000	60	0	0	0	0
800000	61	0	0	0	0
805000	23	0	0	0	0
805000	24	0	0	0	0
805000	25	0	0	0	0
805000	26	0	0	0	0
805000	27	0	0	0	0
805000	28	0	0	0	0
805000	29	0	0	0	0
805000	30	0	0	0	0
805000	31	0	0	0	0
805000	32	0	0	0	0
805000	33	0	0	0	0
805000	34	0	0	0	0
805000	35	0	0	0	0
805000	36	0	0	0	0
805000	37	0	0	0	0
805000	38	0	0	0	0
805000	39	0	0	0	0
805000	40	0	0	0	0
805000	41	0	0	0	0
805000	42	0	0	0	0
805000	43	0	0	0	0
805000	44	0	0	0	0
805000	45	0	0	0	0
805000	46	0	0	0	0
805000	47	0	0	0	0
805000	48	0	0	0	0
805000	49	0	0	0	0
805000	50	0	0	0	0
805000	51	0	0	0	0
805000	52	0	0	0	0
805000	53	0	0	0	0
805000	54	0	0	0	0
805000	55	0	0	0	0
805000	56	0	0	0	0
805000	57	0	0	0	0
805000	58	0	0	0	0
805000	59	0	0	0	0
805000	60	0	0	0	0
805000	61	0	0	0	0
810000	23	0	0	0	0
810000	24	0	0	0	0
810000	25	0	0	0	0
810000	26	0	0	0	0
810000	27	0	0	0	0
810000	28	0	0	0	0
810000	29	0	0	0	0
810000	30	0	0	0	0
810000	31	0	0	0	0
810000	32	0	0	0	0
810000	33	0	0	0	0
810000	34	0	0	0	0
810000	35	0	0	0	0
810000	36	0	0	0	0
810000	37	0	0	0	0
810000	38	0	0	0	0
810000	39	0	0	0	0
810000	40	0	0	0	0
810000	41	0	0	0	0
810000	42	0	0	0	0
810000	43	0	0	0	0
810000	44	0	0	0	0
810000	45	0	0	0	0
810000	46	0	0	0	0
810000	47	0	0	0	0
810000	48	0	0	0	0
810000	49	0	0	0	0
810000	50	0	0	0	0
810000	51	0	0	0	0
810000	52	0	0	0	0
810000	53	0	0	0	0
810000	54	0	0	0	0
810000	55	0	0	0	0
810000	56	0	0	0	0
810000	57	0	0	0	0
810000	58	0	0	0	0
810000	59	0	0	0	0
810000	60	0	0	0	0
810000	61	0	0	0	0
100000	23	0	0	0	0
100000	24	0	0	0	0
100000	25	0	0	0	0
100000	26	0	0	0	0
100000	27	0	0	0	0
100000	28	0	0	0	0
100000	29	0	0	0	0
100000	30	0	0	0	0
100000	31	0	0	0	0
100000	32	0	0	0	0
100000	33	0	0	0	0
100000	34	0	0	0	0
100000	35	0	0	0	0
100000	36	0	0	0	0
100000	37	0	0	0	0
100000	38	0	0	0	0
100000	39	0	0	0	0
100000	40	0	0	0	0
100000	41	0	0	0	0
100000	42	0	0	0	0
100000	43	0	0	0	0
100000	44	0	0	0	0
100000	45	0	0	0	0
100000	46	0	0	0	0
100000	47	0	0	0	0
100000	48	0	0	0	0
100000	49	0	0	0	0
100000	50	0	0	0	0
100000	51	0	0	0	0
100000	52	0	0	0	0
100000	53	0	0	0	0
100000	54	0	0	0	0
100000	55	0	0	0	0
100000	56	0	0	0	0
100000	57	0	0	0	0
100000	58	0	0	0	0
100000	59	0	0	0	0
100000	60	0	0	0	0
100000	61	0	0	0	0
200000	23	0	0	0	0
200000	24	0	0	0	0
200000	25	0	0	0	0
200000	26	0	0	0	0
200000	27	0	0	0	0
200000	28	0	0	0	0
200000	29	0	0	0	0
200000	30	0	0	0	0
200000	31	0	0	0	0
200000	32	0	0	0	0
200000	33	0	0	0	0
200000	34	0	0	0	0
200000	35	0	0	0	0
200000	36	0	0	0	0
200000	37	0	0	0	0
200000	38	0	0	0	0
200000	39	0	0	0	0
200000	40	0	0	0	0
200000	41	0	0	0	0
200000	42	0	0	0	0
200000	43	0	0	0	0
200000	44	0	0	0	0
200000	45	0	0	0	0
200000	46	0	0	0	0
200000	47	0	0	0	0
200000	48	0	0	0	0
200000	49	0	0	0	0
200000	50	0	0	0	0
200000	51	0	0	0	0
200000	52	0	0	0	0
200000	53	0	0	0	0
200000	54	0	0	0	0
200000	55	0	0	0	0
200000	56	0	0	0	0
200000	57	0	0	0	0
200000	58	0	0	0	0
200000	59	0	0	0	0
200000	60	0	0	0	0
200000	61	0	0	0	0
210000	23	0	0	0	0
210000	24	0	0	0	0
210000	25	0	0	0	0
210000	26	0	0	0	0
210000	27	0	0	0	0
210000	28	0	0	0	0
210000	29	0	0	0	0
210000	30	0	0	0	0
210000	31	0	0	0	0
210000	32	0	0	0	0
210000	33	0	0	0	0
210000	34	0	0	0	0
210000	35	0	0	0	0
210000	36	0	0	0	0
210000	37	0	0	0	0
210000	38	0	0	0	0
210000	39	0	0	0	0
210000	40	0	0	0	0
210000	41	0	0	0	0
210000	42	0	0	0	0
210000	43	0	0	0	0
210000	44	0	0	0	0
210000	45	0	0	0	0
210000	46	0	0	0	0
210000	47	0	0	0	0
210000	48	0	0	0	0
210000	49	0	0	0	0
210000	50	0	0	0	0
210000	51	0	0	0	0
210000	52	0	0	0	0
210000	53	0	0	0	0
210000	54	0	0	0	0
210000	55	0	0	0	0
210000	56	0	0	0	0
210000	57	0	0	0	0
210000	58	0	0	0	0
210000	59	0	0	0	0
210000	60	0	0	0	0
210000	61	0	0	0	0
215000	23	0	0	0	0
215000	24	0	0	0	0
215000	25	0	0	0	0
215000	26	0	0	0	0
215000	27	0	0	0	0
215000	28	0	0	0	0
215000	29	0	0	0	0
215000	30	0	0	0	0
215000	31	0	0	0	0
215000	32	0	0	0	0
215000	33	0	0	0	0
215000	34	0	0	0	0
215000	35	0	0	0	0
215000	36	0	0	0	0
215000	37	0	0	0	0
215000	38	0	0	0	0
215000	39	0	0	0	0
215000	40	0	0	0	0
215000	41	0	0	0	0
215000	42	0	0	0	0
215000	43	0	0	0	0
215000	44	0	0	0	0
215000	45	0	0	0	0
215000	46	0	0	0	0
215000	47	0	0	0	0
215000	48	0	0	0	0
215000	49	0	0	0	0
215000	50	0	0	0	0
215000	51	0	0	0	0
215000	52	0	0	0	0
215000	53	0	0	0	0
215000	54	0	0	0	0
215000	55	0	0	0	0
215000	56	0	0	0	0
215000	57	0	0	0	0
215000	58	0	0	0	0
215000	59	0	0	0	0
215000	60	0	0	0	0
215000	61	0	0	0	0
220000	23	0	0	0	0
220000	24	0	0	0	0
220000	25	0	0	0	0
220000	26	0	0	0	0
220000	27	0	0	0	0
220000	28	0	0	0	0
220000	29	0	0	0	0
220000	30	0	0	0	0
220000	31	0	0	0	0
220000	32	0	0	0	0
220000	33	0	0	0	0
220000	34	0	0	0	0
220000	35	0	0	0	0
220000	36	0	0	0	0
220000	37	0	0	0	0
220000	38	0	0	0	0
220000	39	0	0	0	0
220000	40	0	0	0	0
220000	41	0	0	0	0
220000	42	0	0	0	0
220000	43	0	0	0	0
220000	44	0	0	0	0
220000	45	0	0	0	0
220000	46	0	0	0	0
220000	47	0	0	0	0
220000	48	0	0	0	0
220000	49	0	0	0	0
220000	50	0	0	0	0
220000	51	0	0	0	0
220000	52	0	0	0	0
220000	53	0	0	0	0
220000	54	0	0	0	0
220000	55	0	0	0	0
220000	56	0	0	0	0
220000	57	0	0	0	0
220000	58	0	0	0	0
220000	59	0	0	0	0
220000	60	0	0	0	0
220000	61	0	0	0	0
365000	23	0	0	0	0
365000	24	0	0	0	0
365000	25	0	0	0	0
365000	26	0	0	0	0
365000	27	0	0	0	0
365000	28	0	0	0	0
365000	29	0	0	0	0
365000	30	0	0	0	0
365000	31	0	0	0	0
365000	32	0	0	0	0
365000	33	0	0	0	0
365000	34	0	0	0	0
365000	35	0	0	0	0
365000	36	0	0	0	0
365000	37	0	0	0	0
365000	38	0	0	0	0
365000	39	0	0	0	0
365000	40	0	0	0	0
365000	41	0	0	0	0
365000	42	0	0	0	0
365000	43	0	0	0	0
365000	44	0	0	0	0
365000	45	0	0	0	0
365000	46	0	0	0	0
365000	47	0	0	0	0
365000	48	0	0	0	0
365000	49	0	0	0	0
365000	50	0	0	0	0
365000	51	0	0	0	0
365000	52	0	0	0	0
365000	53	0	0	0	0
365000	54	0	0	0	0
365000	55	0	0	0	0
365000	56	0	0	0	0
365000	57	0	0	0	0
365000	58	0	0	0	0
365000	59	0	0	0	0
365000	60	0	0	0	0
365000	61	0	0	0	0
370000	23	0	0	0	0
370000	24	0	0	0	0
370000	25	0	0	0	0
370000	26	0	0	0	0
370000	27	0	0	0	0
370000	28	0	0	0	0
370000	29	0	0	0	0
370000	30	0	0	0	0
370000	31	0	0	0	0
370000	32	0	0	0	0
370000	33	0	0	0	0
370000	34	0	0	0	0
370000	35	0	0	0	0
370000	36	0	0	0	0
370000	37	0	0	0	0
370000	38	0	0	0	0
370000	39	0	0	0	0
370000	40	0	0	0	0
370000	41	0	0	0	0
370000	42	0	0	0	0
370000	43	0	0	0	0
370000	44	0	0	0	0
370000	45	0	0	0	0
370000	46	0	0	0	0
370000	47	0	0	0	0
370000	48	0	0	0	0
370000	49	0	0	0	0
370000	50	0	0	0	0
370000	51	0	0	0	0
370000	52	0	0	0	0
370000	53	0	0	0	0
370000	54	0	0	0	0
370000	55	0	0	0	0
370000	56	0	0	0	0
370000	57	0	0	0	0
370000	58	0	0	0	0
370000	59	0	0	0	0
370000	60	0	0	0	0
370000	61	0	0	0	0
375000	23	0	0	0	0
375000	24	0	0	0	0
375000	25	0	0	0	0
375000	26	0	0	0	0
375000	27	0	0	0	0
375000	28	0	0	0	0
375000	29	0	0	0	0
375000	30	0	0	0	0
375000	31	0	0	0	0
375000	32	0	0	0	0
375000	33	0	0	0	0
375000	34	0	0	0	0
375000	35	0	0	0	0
375000	36	0	0	0	0
375000	37	0	0	0	0
375000	38	0	0	0	0
375000	39	0	0	0	0
375000	40	0	0	0	0
375000	41	0	0	0	0
375000	42	0	0	0	0
375000	43	0	0	0	0
375000	44	0	0	0	0
375000	45	0	0	0	0
375000	46	0	0	0	0
375000	47	0	0	0	0
375000	48	0	0	0	0
375000	49	0	0	0	0
375000	50	0	0	0	0
375000	51	0	0	0	0
375000	52	0	0	0	0
375000	53	0	0	0	0
375000	54	0	0	0	0
375000	55	0	0	0	0
375000	56	0	0	0	0
375000	57	0	0	0	0
375000	58	0	0	0	0
375000	59	0	0	0	0
375000	60	0	0	0	0
375000	61	0	0	0	0
380000	23	0	0	0	0
380000	24	0	0	0	0
380000	25	0	0	0	0
380000	26	0	0	0	0
380000	27	0	0	0	0
380000	28	0	0	0	0
380000	29	0	0	0	0
380000	30	0	0	0	0
380000	31	0	0	0	0
380000	32	0	0	0	0
380000	33	0	0	0	0
380000	34	0	0	0	0
380000	35	0	0	0	0
380000	36	0	0	0	0
380000	37	0	0	0	0
380000	38	0	0	0	0
380000	39	0	0	0	0
380000	40	0	0	0	0
380000	41	0	0	0	0
380000	42	0	0	0	0
380000	43	0	0	0	0
380000	44	0	0	0	0
380000	45	0	0	0	0
380000	46	0	0	0	0
380000	47	0	0	0	0
380000	48	0	0	0	0
380000	49	0	0	0	0
380000	50	0	0	0	0
380000	51	0	0	0	0
380000	52	0	0	0	0
380000	53	0	0	0	0
380000	54	0	0	0	0
380000	55	0	0	0	0
380000	56	0	0	0	0
380000	57	0	0	0	0
380000	58	0	0	0	0
380000	59	0	0	0	0
380000	60	0	0	0	0
380000	61	0	0	0	0
380010	23	0	0	0	0
380010	24	0	0	0	0
380010	25	0	0	0	0
380010	26	0	0	0	0
380010	27	0	0	0	0
380010	28	0	0	0	0
380010	29	0	0	0	0
380010	30	0	0	0	0
380010	31	0	0	0	0
380010	32	0	0	0	0
380010	33	0	0	0	0
380010	34	0	0	0	0
380010	35	0	0	0	0
380010	36	0	0	0	0
380010	37	0	0	0	0
380010	38	0	0	0	0
380010	39	0	0	0	0
380010	40	0	0	0	0
380010	41	0	0	0	0
380010	42	0	0	0	0
380010	43	0	0	0	0
380010	44	0	0	0	0
380010	45	0	0	0	0
380010	46	0	0	0	0
380010	47	0	0	0	0
380010	48	0	0	0	0
380010	49	0	0	0	0
380010	50	0	0	0	0
380010	51	0	0	0	0
380010	52	0	0	0	0
380010	53	0	0	0	0
380010	54	0	0	0	0
380010	55	0	0	0	0
380010	56	0	0	0	0
380010	57	0	0	0	0
380010	58	0	0	0	0
380010	59	0	0	0	0
380010	60	0	0	0	0
380010	61	0	0	0	0
380020	23	0	0	0	0
380020	24	0	0	0	0
380020	25	0	0	0	0
380020	26	0	0	0	0
380020	27	0	0	0	0
380020	28	0	0	0	0
380020	29	0	0	0	0
380020	30	0	0	0	0
380020	31	0	0	0	0
380020	32	0	0	0	0
380020	33	0	0	0	0
380020	34	0	0	0	0
380020	35	0	0	0	0
380020	36	0	0	0	0
380020	37	0	0	0	0
380020	38	0	0	0	0
380020	39	0	0	0	0
380020	40	0	0	0	0
380020	41	0	0	0	0
380020	42	0	0	0	0
380020	43	0	0	0	0
380020	44	0	0	0	0
380020	45	0	0	0	0
380020	46	0	0	0	0
380020	47	0	0	0	0
380020	48	0	0	0	0
380020	49	0	0	0	0
380020	50	0	0	0	0
380020	51	0	0	0	0
380020	52	0	0	0	0
380020	53	0	0	0	0
380020	54	0	0	0	0
380020	55	0	0	0	0
380020	56	0	0	0	0
380020	57	0	0	0	0
380020	58	0	0	0	0
380020	59	0	0	0	0
380020	60	0	0	0	0
380020	61	0	0	0	0
385000	23	0	0	0	0
385000	24	0	0	0	0
385000	25	0	0	0	0
385000	26	0	0	0	0
385000	27	0	0	0	0
385000	28	0	0	0	0
385000	29	0	0	0	0
385000	30	0	0	0	0
385000	31	0	0	0	0
385000	32	0	0	0	0
385000	33	0	0	0	0
385000	34	0	0	0	0
385000	35	0	0	0	0
385000	36	0	0	0	0
385000	37	0	0	0	0
385000	38	0	0	0	0
385000	39	0	0	0	0
385000	40	0	0	0	0
385000	41	0	0	0	0
385000	42	0	0	0	0
385000	43	0	0	0	0
385000	44	0	0	0	0
385000	45	0	0	0	0
385000	46	0	0	0	0
385000	47	0	0	0	0
385000	48	0	0	0	0
385000	49	0	0	0	0
385000	50	0	0	0	0
385000	51	0	0	0	0
385000	52	0	0	0	0
385000	53	0	0	0	0
385000	54	0	0	0	0
385000	55	0	0	0	0
385000	56	0	0	0	0
385000	57	0	0	0	0
385000	58	0	0	0	0
385000	59	0	0	0	0
385000	60	0	0	0	0
385000	61	0	0	0	0
390000	23	0	0	0	0
390000	24	0	0	0	0
390000	25	0	0	0	0
390000	26	0	0	0	0
390000	27	0	0	0	0
390000	28	0	0	0	0
390000	29	0	0	0	0
390000	30	0	0	0	0
390000	31	0	0	0	0
390000	32	0	0	0	0
390000	33	0	0	0	0
390000	34	0	0	0	0
390000	35	0	0	0	0
390000	36	0	0	0	0
390000	37	0	0	0	0
390000	38	0	0	0	0
390000	39	0	0	0	0
390000	40	0	0	0	0
390000	41	0	0	0	0
390000	42	0	0	0	0
390000	43	0	0	0	0
390000	44	0	0	0	0
390000	45	0	0	0	0
390000	46	0	0	0	0
390000	47	0	0	0	0
390000	48	0	0	0	0
390000	49	0	0	0	0
390000	50	0	0	0	0
390000	51	0	0	0	0
390000	52	0	0	0	0
390000	53	0	0	0	0
390000	54	0	0	0	0
390000	55	0	0	0	0
390000	56	0	0	0	0
390000	57	0	0	0	0
390000	58	0	0	0	0
390000	59	0	0	0	0
390000	60	0	0	0	0
390000	61	0	0	0	0
395000	23	0	0	0	0
395000	24	0	0	0	0
395000	25	0	0	0	0
395000	26	0	0	0	0
395000	27	0	0	0	0
395000	28	0	0	0	0
395000	29	0	0	0	0
395000	30	0	0	0	0
395000	31	0	0	0	0
395000	32	0	0	0	0
395000	33	0	0	0	0
395000	34	0	0	0	0
395000	35	0	0	0	0
395000	36	0	0	0	0
395000	37	0	0	0	0
395000	38	0	0	0	0
395000	39	0	0	0	0
395000	40	0	0	0	0
395000	41	0	0	0	0
395000	42	0	0	0	0
395000	43	0	0	0	0
395000	44	0	0	0	0
395000	45	0	0	0	0
395000	46	0	0	0	0
395000	47	0	0	0	0
395000	48	0	0	0	0
395000	49	0	0	0	0
395000	50	0	0	0	0
395000	51	0	0	0	0
395000	52	0	0	0	0
395000	53	0	0	0	0
395000	54	0	0	0	0
395000	55	0	0	0	0
395000	56	0	0	0	0
395000	57	0	0	0	0
395000	58	0	0	0	0
395000	59	0	0	0	0
395000	60	0	0	0	0
395000	61	0	0	0	0
400000	23	0	0	0	0
400000	24	0	0	0	0
400000	25	0	0	0	0
400000	26	0	0	0	0
400000	27	0	0	0	0
400000	28	0	0	0	0
400000	29	0	0	0	0
400000	30	0	0	0	0
400000	31	0	0	0	0
400000	32	0	0	0	0
400000	33	0	0	0	0
400000	34	0	0	0	0
400000	35	0	0	0	0
400000	36	0	0	0	0
400000	37	0	0	0	0
400000	38	0	0	0	0
400000	39	0	0	0	0
400000	40	0	0	0	0
400000	41	0	0	0	0
400000	42	0	0	0	0
400000	43	0	0	0	0
400000	44	0	0	0	0
400000	45	0	0	0	0
400000	46	0	0	0	0
400000	47	0	0	0	0
400000	48	0	0	0	0
400000	49	0	0	0	0
400000	50	0	0	0	0
400000	51	0	0	0	0
400000	52	0	0	0	0
400000	53	0	0	0	0
400000	54	0	0	0	0
400000	55	0	0	0	0
400000	56	0	0	0	0
400000	57	0	0	0	0
400000	58	0	0	0	0
400000	59	0	0	0	0
400000	60	0	0	0	0
400000	61	0	0	0	0
405000	23	0	0	0	0
405000	24	0	0	0	0
405000	25	0	0	0	0
405000	26	0	0	0	0
405000	27	0	0	0	0
405000	28	0	0	0	0
405000	29	0	0	0	0
405000	30	0	0	0	0
405000	31	0	0	0	0
405000	32	0	0	0	0
405000	33	0	0	0	0
405000	34	0	0	0	0
405000	35	0	0	0	0
405000	36	0	0	0	0
405000	37	0	0	0	0
405000	38	0	0	0	0
405000	39	0	0	0	0
405000	40	0	0	0	0
405000	41	0	0	0	0
405000	42	0	0	0	0
405000	43	0	0	0	0
405000	44	0	0	0	0
405000	45	0	0	0	0
405000	46	0	0	0	0
405000	47	0	0	0	0
405000	48	0	0	0	0
405000	49	0	0	0	0
405000	50	0	0	0	0
405000	51	0	0	0	0
405000	52	0	0	0	0
405000	53	0	0	0	0
405000	54	0	0	0	0
405000	55	0	0	0	0
405000	56	0	0	0	0
405000	57	0	0	0	0
405000	58	0	0	0	0
405000	59	0	0	0	0
405000	60	0	0	0	0
405000	61	0	0	0	0
415000	23	0	0	0	0
415000	24	0	0	0	0
415000	25	0	0	0	0
415000	26	0	0	0	0
415000	27	0	0	0	0
415000	28	0	0	0	0
415000	29	0	0	0	0
415000	30	0	0	0	0
415000	31	0	0	0	0
415000	32	0	0	0	0
415000	33	0	0	0	0
415000	34	0	0	0	0
415000	35	0	0	0	0
415000	36	0	0	0	0
415000	37	0	0	0	0
415000	38	0	0	0	0
415000	39	0	0	0	0
415000	40	0	0	0	0
415000	41	0	0	0	0
415000	42	0	0	0	0
415000	43	0	0	0	0
415000	44	0	0	0	0
415000	45	0	0	0	0
415000	46	0	0	0	0
415000	47	0	0	0	0
415000	48	0	0	0	0
415000	49	0	0	0	0
415000	50	0	0	0	0
415000	51	0	0	0	0
415000	52	0	0	0	0
415000	53	0	0	0	0
415000	54	0	0	0	0
415000	55	0	0	0	0
415000	56	0	0	0	0
415000	57	0	0	0	0
415000	58	0	0	0	0
415000	59	0	0	0	0
415000	60	0	0	0	0
415000	61	0	0	0	0
415010	23	0	0	0	0
415010	24	0	0	0	0
415010	25	0	0	0	0
415010	26	0	0	0	0
415010	27	0	0	0	0
415010	28	0	0	0	0
415010	29	0	0	0	0
415010	30	0	0	0	0
415010	31	0	0	0	0
415010	32	0	0	0	0
415010	33	0	0	0	0
415010	34	0	0	0	0
415010	35	0	0	0	0
415010	36	0	0	0	0
415010	37	0	0	0	0
415010	38	0	0	0	0
415010	39	0	0	0	0
415010	40	0	0	0	0
415010	41	0	0	0	0
415010	42	0	0	0	0
415010	43	0	0	0	0
415010	44	0	0	0	0
415010	45	0	0	0	0
415010	46	0	0	0	0
415010	47	0	0	0	0
415010	48	0	0	0	0
415010	49	0	0	0	0
415010	50	0	0	0	0
415010	51	0	0	0	0
415010	52	0	0	0	0
415010	53	0	0	0	0
415010	54	0	0	0	0
415010	55	0	0	0	0
415010	56	0	0	0	0
415010	57	0	0	0	0
415010	58	0	0	0	0
415010	59	0	0	0	0
415010	60	0	0	0	0
415010	61	0	0	0	0
415020	23	0	0	0	0
415020	24	0	0	0	0
415020	25	0	0	0	0
415020	26	0	0	0	0
415020	27	0	0	0	0
415020	28	0	0	0	0
415020	29	0	0	0	0
415020	30	0	0	0	0
415020	31	0	0	0	0
415020	32	0	0	0	0
415020	33	0	0	0	0
415020	34	0	0	0	0
415020	35	0	0	0	0
415020	36	0	0	0	0
415020	37	0	0	0	0
415020	38	0	0	0	0
415020	39	0	0	0	0
415020	40	0	0	0	0
415020	41	0	0	0	0
415020	42	0	0	0	0
415020	43	0	0	0	0
415020	44	0	0	0	0
415020	45	0	0	0	0
415020	46	0	0	0	0
415020	47	0	0	0	0
415020	48	0	0	0	0
415020	49	0	0	0	0
415020	50	0	0	0	0
415020	51	0	0	0	0
415020	52	0	0	0	0
415020	53	0	0	0	0
415020	54	0	0	0	0
415020	55	0	0	0	0
415020	56	0	0	0	0
415020	57	0	0	0	0
415020	58	0	0	0	0
415020	59	0	0	0	0
415020	60	0	0	0	0
415020	61	0	0	0	0
415030	23	0	0	0	0
415030	24	0	0	0	0
415030	25	0	0	0	0
415030	26	0	0	0	0
415030	27	0	0	0	0
415030	28	0	0	0	0
415030	29	0	0	0	0
415030	30	0	0	0	0
415030	31	0	0	0	0
415030	32	0	0	0	0
415030	33	0	0	0	0
415030	34	0	0	0	0
415030	35	0	0	0	0
415030	36	0	0	0	0
415030	37	0	0	0	0
415030	38	0	0	0	0
415030	39	0	0	0	0
415030	40	0	0	0	0
415030	41	0	0	0	0
415030	42	0	0	0	0
415030	43	0	0	0	0
415030	44	0	0	0	0
415030	45	0	0	0	0
415030	46	0	0	0	0
415030	47	0	0	0	0
415030	48	0	0	0	0
415030	49	0	0	0	0
415030	50	0	0	0	0
415030	51	0	0	0	0
415030	52	0	0	0	0
415030	53	0	0	0	0
415030	54	0	0	0	0
415030	55	0	0	0	0
415030	56	0	0	0	0
415030	57	0	0	0	0
415030	58	0	0	0	0
415030	59	0	0	0	0
415030	60	0	0	0	0
415030	61	0	0	0	0
415040	23	0	0	0	0
415040	24	0	0	0	0
415040	25	0	0	0	0
415040	26	0	0	0	0
415040	27	0	0	0	0
415040	28	0	0	0	0
415040	29	0	0	0	0
415040	30	0	0	0	0
415040	31	0	0	0	0
415040	32	0	0	0	0
415040	33	0	0	0	0
415040	34	0	0	0	0
415040	35	0	0	0	0
415040	36	0	0	0	0
415040	37	0	0	0	0
415040	38	0	0	0	0
415040	39	0	0	0	0
415040	40	0	0	0	0
415040	41	0	0	0	0
415040	42	0	0	0	0
415040	43	0	0	0	0
415040	44	0	0	0	0
415040	45	0	0	0	0
415040	46	0	0	0	0
415040	47	0	0	0	0
415040	48	0	0	0	0
415040	49	0	0	0	0
415040	50	0	0	0	0
415040	51	0	0	0	0
415040	52	0	0	0	0
415040	53	0	0	0	0
415040	54	0	0	0	0
415040	55	0	0	0	0
415040	56	0	0	0	0
415040	57	0	0	0	0
415040	58	0	0	0	0
415040	59	0	0	0	0
415040	60	0	0	0	0
415040	61	0	0	0	0
420000	23	0	0	0	0
420000	24	0	0	0	0
420000	25	0	0	0	0
420000	26	0	0	0	0
420000	27	0	0	0	0
420000	28	0	0	0	0
420000	29	0	0	0	0
420000	30	0	0	0	0
420000	31	0	0	0	0
420000	32	0	0	0	0
420000	33	0	0	0	0
420000	34	0	0	0	0
420000	35	0	0	0	0
420000	36	0	0	0	0
420000	37	0	0	0	0
420000	38	0	0	0	0
420000	39	0	0	0	0
420000	40	0	0	0	0
420000	41	0	0	0	0
420000	42	0	0	0	0
420000	43	0	0	0	0
420000	44	0	0	0	0
420000	45	0	0	0	0
420000	46	0	0	0	0
420000	47	0	0	0	0
420000	48	0	0	0	0
420000	49	0	0	0	0
420000	50	0	0	0	0
420000	51	0	0	0	0
420000	52	0	0	0	0
420000	53	0	0	0	0
420000	54	0	0	0	0
420000	55	0	0	0	0
420000	56	0	0	0	0
420000	57	0	0	0	0
420000	58	0	0	0	0
420000	59	0	0	0	0
420000	60	0	0	0	0
420000	61	0	0	0	0
430000	23	0	0	0	0
430000	24	0	0	0	0
430000	25	0	0	0	0
430000	26	0	0	0	0
430000	27	0	0	0	0
430000	28	0	0	0	0
430000	29	0	0	0	0
430000	30	0	0	0	0
430000	31	0	0	0	0
430000	32	0	0	0	0
430000	33	0	0	0	0
430000	34	0	0	0	0
430000	35	0	0	0	0
430000	36	0	0	0	0
430000	37	0	0	0	0
430000	38	0	0	0	0
430000	39	0	0	0	0
430000	40	0	0	0	0
430000	41	0	0	0	0
430000	42	0	0	0	0
430000	43	0	0	0	0
430000	44	0	0	0	0
430000	45	0	0	0	0
430000	46	0	0	0	0
430000	47	0	0	0	0
430000	48	0	0	0	0
430000	49	0	0	0	0
430000	50	0	0	0	0
430000	51	0	0	0	0
430000	52	0	0	0	0
430000	53	0	0	0	0
430000	54	0	0	0	0
430000	55	0	0	0	0
430000	56	0	0	0	0
430000	57	0	0	0	0
430000	58	0	0	0	0
430000	59	0	0	0	0
430000	60	0	0	0	0
430000	61	0	0	0	0
435000	23	0	0	0	0
435000	24	0	0	0	0
435000	25	0	0	0	0
435000	26	0	0	0	0
435000	27	0	0	0	0
435000	28	0	0	0	0
435000	29	0	0	0	0
435000	30	0	0	0	0
435000	31	0	0	0	0
435000	32	0	0	0	0
435000	33	0	0	0	0
435000	34	0	0	0	0
435000	35	0	0	0	0
435000	36	0	0	0	0
435000	37	0	0	0	0
435000	38	0	0	0	0
435000	39	0	0	0	0
435000	40	0	0	0	0
435000	41	0	0	0	0
435000	42	0	0	0	0
435000	43	0	0	0	0
435000	44	0	0	0	0
435000	45	0	0	0	0
435000	46	0	0	0	0
435000	47	0	0	0	0
435000	48	0	0	0	0
435000	49	0	0	0	0
435000	50	0	0	0	0
435000	51	0	0	0	0
435000	52	0	0	0	0
435000	53	0	0	0	0
435000	54	0	0	0	0
435000	55	0	0	0	0
435000	56	0	0	0	0
435000	57	0	0	0	0
435000	58	0	0	0	0
435000	59	0	0	0	0
435000	60	0	0	0	0
435000	61	0	0	0	0
438000	23	0	0	0	0
438000	24	0	0	0	0
438000	25	0	0	0	0
438000	26	0	0	0	0
438000	27	0	0	0	0
438000	28	0	0	0	0
438000	29	0	0	0	0
438000	30	0	0	0	0
438000	31	0	0	0	0
438000	32	0	0	0	0
438000	33	0	0	0	0
438000	34	0	0	0	0
438000	35	0	0	0	0
438000	36	0	0	0	0
438000	37	0	0	0	0
438000	38	0	0	0	0
438000	39	0	0	0	0
438000	40	0	0	0	0
438000	41	0	0	0	0
438000	42	0	0	0	0
438000	43	0	0	0	0
438000	44	0	0	0	0
438000	45	0	0	0	0
438000	46	0	0	0	0
438000	47	0	0	0	0
438000	48	0	0	0	0
438000	49	0	0	0	0
438000	50	0	0	0	0
438000	51	0	0	0	0
438000	52	0	0	0	0
438000	53	0	0	0	0
438000	54	0	0	0	0
438000	55	0	0	0	0
438000	56	0	0	0	0
438000	57	0	0	0	0
438000	58	0	0	0	0
438000	59	0	0	0	0
438000	60	0	0	0	0
438000	61	0	0	0	0
440000	23	0	0	0	0
440000	24	0	0	0	0
440000	25	0	0	0	0
440000	26	0	0	0	0
440000	27	0	0	0	0
440000	28	0	0	0	0
440000	29	0	0	0	0
440000	30	0	0	0	0
440000	31	0	0	0	0
440000	32	0	0	0	0
440000	33	0	0	0	0
440000	34	0	0	0	0
440000	35	0	0	0	0
440000	36	0	0	0	0
440000	37	0	0	0	0
440000	38	0	0	0	0
440000	39	0	0	0	0
440000	40	0	0	0	0
440000	41	0	0	0	0
440000	42	0	0	0	0
440000	43	0	0	0	0
440000	44	0	0	0	0
440000	45	0	0	0	0
440000	46	0	0	0	0
440000	47	0	0	0	0
440000	48	0	0	0	0
440000	49	0	0	0	0
440000	50	0	0	0	0
440000	51	0	0	0	0
440000	52	0	0	0	0
440000	53	0	0	0	0
440000	54	0	0	0	0
440000	55	0	0	0	0
440000	56	0	0	0	0
440000	57	0	0	0	0
440000	58	0	0	0	0
440000	59	0	0	0	0
440000	60	0	0	0	0
440000	61	0	0	0	0
445000	23	0	0	0	0
445000	24	0	0	0	0
445000	25	0	0	0	0
445000	26	0	0	0	0
445000	27	0	0	0	0
445000	28	0	0	0	0
445000	29	0	0	0	0
445000	30	0	0	0	0
445000	31	0	0	0	0
445000	32	0	0	0	0
445000	33	0	0	0	0
445000	34	0	0	0	0
445000	35	0	0	0	0
445000	36	0	0	0	0
445000	37	0	0	0	0
445000	38	0	0	0	0
445000	39	0	0	0	0
445000	40	0	0	0	0
445000	41	0	0	0	0
445000	42	0	0	0	0
445000	43	0	0	0	0
445000	44	0	0	0	0
445000	45	0	0	0	0
445000	46	0	0	0	0
445000	47	0	0	0	0
445000	48	0	0	0	0
445000	49	0	0	0	0
445000	50	0	0	0	0
445000	51	0	0	0	0
445000	52	0	0	0	0
445000	53	0	0	0	0
445000	54	0	0	0	0
445000	55	0	0	0	0
445000	56	0	0	0	0
445000	57	0	0	0	0
445000	58	0	0	0	0
445000	59	0	0	0	0
445000	60	0	0	0	0
445000	61	0	0	0	0
450000	23	0	0	0	0
450000	24	0	0	0	0
450000	25	0	0	0	0
450000	26	0	0	0	0
450000	27	0	0	0	0
450000	28	0	0	0	0
450000	29	0	0	0	0
450000	30	0	0	0	0
450000	31	0	0	0	0
450000	32	0	0	0	0
450000	33	0	0	0	0
450000	34	0	0	0	0
450000	35	0	0	0	0
450000	36	0	0	0	0
450000	37	0	0	0	0
450000	38	0	0	0	0
450000	39	0	0	0	0
450000	40	0	0	0	0
450000	41	0	0	0	0
450000	42	0	0	0	0
450000	43	0	0	0	0
450000	44	0	0	0	0
450000	45	0	0	0	0
450000	46	0	0	0	0
450000	47	0	0	0	0
450000	48	0	0	0	0
450000	49	0	0	0	0
450000	50	0	0	0	0
450000	51	0	0	0	0
450000	52	0	0	0	0
450000	53	0	0	0	0
450000	54	0	0	0	0
450000	55	0	0	0	0
450000	56	0	0	0	0
450000	57	0	0	0	0
450000	58	0	0	0	0
450000	59	0	0	0	0
450000	60	0	0	0	0
450000	61	0	0	0	0
455000	23	0	0	0	0
455000	24	0	0	0	0
455000	25	0	0	0	0
455000	26	0	0	0	0
455000	27	0	0	0	0
455000	28	0	0	0	0
455000	29	0	0	0	0
455000	30	0	0	0	0
455000	31	0	0	0	0
455000	32	0	0	0	0
455000	33	0	0	0	0
455000	34	0	0	0	0
455000	35	0	0	0	0
455000	36	0	0	0	0
455000	37	0	0	0	0
455000	38	0	0	0	0
455000	39	0	0	0	0
455000	40	0	0	0	0
455000	41	0	0	0	0
455000	42	0	0	0	0
455000	43	0	0	0	0
455000	44	0	0	0	0
455000	45	0	0	0	0
455000	46	0	0	0	0
455000	47	0	0	0	0
455000	48	0	0	0	0
455000	49	0	0	0	0
455000	50	0	0	0	0
455000	51	0	0	0	0
455000	52	0	0	0	0
455000	53	0	0	0	0
455000	54	0	0	0	0
455000	55	0	0	0	0
455000	56	0	0	0	0
455000	57	0	0	0	0
455000	58	0	0	0	0
455000	59	0	0	0	0
455000	60	0	0	0	0
455000	61	0	0	0	0
460000	23	0	0	0	0
460000	24	0	0	0	0
460000	25	0	0	0	0
460000	26	0	0	0	0
460000	27	0	0	0	0
460000	28	0	0	0	0
460000	29	0	0	0	0
460000	30	0	0	0	0
460000	31	0	0	0	0
460000	32	0	0	0	0
460000	33	0	0	0	0
460000	34	0	0	0	0
460000	35	0	0	0	0
460000	36	0	0	0	0
460000	37	0	0	0	0
460000	38	0	0	0	0
460000	39	0	0	0	0
460000	40	0	0	0	0
460000	41	0	0	0	0
460000	42	0	0	0	0
460000	43	0	0	0	0
460000	44	0	0	0	0
460000	45	0	0	0	0
460000	46	0	0	0	0
460000	47	0	0	0	0
460000	48	0	0	0	0
460000	49	0	0	0	0
460000	50	0	0	0	0
460000	51	0	0	0	0
460000	52	0	0	0	0
460000	53	0	0	0	0
460000	54	0	0	0	0
460000	55	0	0	0	0
460000	56	0	0	0	0
460000	57	0	0	0	0
460000	58	0	0	0	0
460000	59	0	0	0	0
460000	60	0	0	0	0
460000	61	0	0	0	0
465000	23	0	0	0	0
465000	24	0	0	0	0
465000	25	0	0	0	0
465000	26	0	0	0	0
465000	27	0	0	0	0
465000	28	0	0	0	0
465000	29	0	0	0	0
465000	30	0	0	0	0
465000	31	0	0	0	0
465000	32	0	0	0	0
465000	33	0	0	0	0
465000	34	0	0	0	0
465000	35	0	0	0	0
465000	36	0	0	0	0
465000	37	0	0	0	0
465000	38	0	0	0	0
465000	39	0	0	0	0
465000	40	0	0	0	0
465000	41	0	0	0	0
465000	42	0	0	0	0
465000	43	0	0	0	0
465000	44	0	0	0	0
465000	45	0	0	0	0
465000	46	0	0	0	0
465000	47	0	0	0	0
465000	48	0	0	0	0
465000	49	0	0	0	0
465000	50	0	0	0	0
465000	51	0	0	0	0
465000	52	0	0	0	0
465000	53	0	0	0	0
465000	54	0	0	0	0
465000	55	0	0	0	0
465000	56	0	0	0	0
465000	57	0	0	0	0
465000	58	0	0	0	0
465000	59	0	0	0	0
465000	60	0	0	0	0
465000	61	0	0	0	0
465010	23	0	0	0	0
465010	24	0	0	0	0
465010	25	0	0	0	0
465010	26	0	0	0	0
465010	27	0	0	0	0
465010	28	0	0	0	0
465010	29	0	0	0	0
465010	30	0	0	0	0
465010	31	0	0	0	0
465010	32	0	0	0	0
465010	33	0	0	0	0
465010	34	0	0	0	0
465010	35	0	0	0	0
465010	36	0	0	0	0
465010	37	0	0	0	0
465010	38	0	0	0	0
465010	39	0	0	0	0
465010	40	0	0	0	0
465010	41	0	0	0	0
465010	42	0	0	0	0
465010	43	0	0	0	0
465010	44	0	0	0	0
465010	45	0	0	0	0
465010	46	0	0	0	0
465010	47	0	0	0	0
465010	48	0	0	0	0
465010	49	0	0	0	0
465010	50	0	0	0	0
465010	51	0	0	0	0
465010	52	0	0	0	0
465010	53	0	0	0	0
465010	54	0	0	0	0
465010	55	0	0	0	0
465010	56	0	0	0	0
465010	57	0	0	0	0
465010	58	0	0	0	0
465010	59	0	0	0	0
465010	60	0	0	0	0
465010	61	0	0	0	0
465020	23	0	0	0	0
465020	24	0	0	0	0
465020	25	0	0	0	0
465020	26	0	0	0	0
465020	27	0	0	0	0
465020	28	0	0	0	0
465020	29	0	0	0	0
465020	30	0	0	0	0
465020	31	0	0	0	0
465020	32	0	0	0	0
465020	33	0	0	0	0
465020	34	0	0	0	0
465020	35	0	0	0	0
465020	36	0	0	0	0
465020	37	0	0	0	0
465020	38	0	0	0	0
465020	39	0	0	0	0
465020	40	0	0	0	0
465020	41	0	0	0	0
465020	42	0	0	0	0
465020	43	0	0	0	0
465020	44	0	0	0	0
465020	45	0	0	0	0
465020	46	0	0	0	0
465020	47	0	0	0	0
465020	48	0	0	0	0
465020	49	0	0	0	0
465020	50	0	0	0	0
465020	51	0	0	0	0
465020	52	0	0	0	0
465020	53	0	0	0	0
465020	54	0	0	0	0
465020	55	0	0	0	0
465020	56	0	0	0	0
465020	57	0	0	0	0
465020	58	0	0	0	0
465020	59	0	0	0	0
465020	60	0	0	0	0
465020	61	0	0	0	0
466000	23	0	0	0	0
466000	24	0	0	0	0
466000	25	0	0	0	0
466000	26	0	0	0	0
466000	27	0	0	0	0
466000	28	0	0	0	0
466000	29	0	0	0	0
466000	30	0	0	0	0
466000	31	0	0	0	0
466000	32	0	0	0	0
466000	33	0	0	0	0
466000	34	0	0	0	0
466000	35	0	0	0	0
466000	36	0	0	0	0
466000	37	0	0	0	0
466000	38	0	0	0	0
466000	39	0	0	0	0
466000	40	0	0	0	0
466000	41	0	0	0	0
466000	42	0	0	0	0
466000	43	0	0	0	0
466000	44	0	0	0	0
466000	45	0	0	0	0
466000	46	0	0	0	0
466000	47	0	0	0	0
466000	48	0	0	0	0
466000	49	0	0	0	0
466000	50	0	0	0	0
466000	51	0	0	0	0
466000	52	0	0	0	0
466000	53	0	0	0	0
466000	54	0	0	0	0
466000	55	0	0	0	0
466000	56	0	0	0	0
466000	57	0	0	0	0
466000	58	0	0	0	0
466000	59	0	0	0	0
466000	60	0	0	0	0
466000	61	0	0	0	0
345000	23	0	0	0	0
345000	24	0	0	0	0
345000	25	0	0	0	0
345000	26	0	0	0	0
345000	27	0	0	0	0
345000	28	0	0	0	0
345000	29	0	0	0	0
345000	30	0	0	0	0
345000	31	0	0	0	0
345000	32	0	0	0	0
345000	33	0	0	0	0
345000	34	0	0	0	0
345000	35	0	0	0	0
345000	36	0	0	0	0
345000	37	0	0	0	0
345000	38	0	0	0	0
345000	39	0	0	0	0
345000	40	0	0	0	0
345000	41	0	0	0	0
345000	42	0	0	0	0
345000	43	0	0	0	0
345000	44	0	0	0	0
345000	45	0	0	0	0
345000	46	0	0	0	0
345000	47	0	0	0	0
345000	48	0	0	0	0
345000	49	0	0	0	0
345000	50	0	0	0	0
345000	51	0	0	0	0
345000	52	0	0	0	0
345000	53	0	0	0	0
345000	54	0	0	0	0
345000	55	0	0	0	0
345000	56	0	0	0	0
345000	57	0	0	0	0
345000	58	0	0	0	0
345000	59	0	0	0	0
345000	60	0	0	0	0
345000	61	0	0	0	0
350000	23	0	0	0	0
350000	24	0	0	0	0
350000	25	0	0	0	0
350000	26	0	0	0	0
350000	27	0	0	0	0
350000	28	0	0	0	0
350000	29	0	0	0	0
350000	30	0	0	0	0
350000	31	0	0	0	0
350000	32	0	0	0	0
350000	33	0	0	0	0
350000	34	0	0	0	0
350000	35	0	0	0	0
350000	36	0	0	0	0
350000	37	0	0	0	0
350000	38	0	0	0	0
350000	39	0	0	0	0
350000	40	0	0	0	0
350000	41	0	0	0	0
350000	42	0	0	0	0
350000	43	0	0	0	0
350000	44	0	0	0	0
350000	45	0	0	0	0
350000	46	0	0	0	0
350000	47	0	0	0	0
350000	48	0	0	0	0
350000	49	0	0	0	0
350000	50	0	0	0	0
350000	51	0	0	0	0
350000	52	0	0	0	0
350000	53	0	0	0	0
350000	54	0	0	0	0
350000	55	0	0	0	0
350000	56	0	0	0	0
350000	57	0	0	0	0
350000	58	0	0	0	0
350000	59	0	0	0	0
350000	60	0	0	0	0
350000	61	0	0	0	0
466020	23	0	0	0	0
466020	24	0	0	0	0
466020	25	0	0	0	0
466020	26	0	0	0	0
466020	27	0	0	0	0
466020	28	0	0	0	0
466020	29	0	0	0	0
466020	30	0	0	0	0
466020	31	0	0	0	0
466020	32	0	0	0	0
466020	33	0	0	0	0
466020	34	0	0	0	0
466020	35	0	0	0	0
466020	36	0	0	0	0
466020	37	0	0	0	0
466020	38	0	0	0	0
466020	39	0	0	0	0
466020	40	0	0	0	0
466020	41	0	0	0	0
466020	42	0	0	0	0
466020	43	0	0	0	0
466020	44	0	0	0	0
466020	45	0	0	0	0
466020	46	0	0	0	0
466020	47	0	0	0	0
466020	48	0	0	0	0
466020	49	0	0	0	0
466020	50	0	0	0	0
466020	51	0	0	0	0
466020	52	0	0	0	0
466020	53	0	0	0	0
466020	54	0	0	0	0
466020	55	0	0	0	0
466020	56	0	0	0	0
466020	57	0	0	0	0
466020	58	0	0	0	0
466020	59	0	0	0	0
466020	60	0	0	0	0
466020	61	0	0	0	0
480000	23	0	0	0	0
480000	24	0	0	0	0
480000	25	0	0	0	0
480000	26	0	0	0	0
480000	27	0	0	0	0
480000	28	0	0	0	0
480000	29	0	0	0	0
480000	30	0	0	0	0
480000	31	0	0	0	0
480000	32	0	0	0	0
480000	33	0	0	0	0
480000	34	0	0	0	0
480000	35	0	0	0	0
480000	36	0	0	0	0
480000	37	0	0	0	0
480000	38	0	0	0	0
480000	39	0	0	0	0
480000	40	0	0	0	0
480000	41	0	0	0	0
480000	42	0	0	0	0
480000	43	0	0	0	0
480000	44	0	0	0	0
480000	45	0	0	0	0
480000	46	0	0	0	0
480000	47	0	0	0	0
480000	48	0	0	0	0
480000	49	0	0	0	0
480000	50	0	0	0	0
480000	51	0	0	0	0
480000	52	0	0	0	0
480000	53	0	0	0	0
480000	54	0	0	0	0
480000	55	0	0	0	0
480000	56	0	0	0	0
480000	57	0	0	0	0
480000	58	0	0	0	0
480000	59	0	0	0	0
480000	60	0	0	0	0
480000	61	0	0	0	0
230000	23	0	0	0	0
230000	24	0	0	0	0
230000	25	0	0	0	0
230000	26	0	0	0	0
230000	27	0	0	0	0
230000	28	0	0	0	0
230000	29	0	0	0	0
230000	30	0	0	0	0
230000	31	0	0	0	0
230000	32	0	0	0	0
230000	33	0	0	0	0
230000	34	0	0	0	0
230000	35	0	0	0	0
230000	36	0	0	0	0
230000	37	0	0	0	0
230000	38	0	0	0	0
230000	39	0	0	0	0
230000	40	0	0	0	0
230000	41	0	0	0	0
230000	42	0	0	0	0
230000	43	0	0	0	0
230000	44	0	0	0	0
230000	45	0	0	0	0
230000	46	0	0	0	0
230000	47	0	0	0	0
230000	48	0	0	0	0
230000	49	0	0	0	0
230000	50	0	0	0	0
230000	51	0	0	0	0
230000	52	0	0	0	0
230000	53	0	0	0	0
230000	54	0	0	0	0
230000	55	0	0	0	0
230000	56	0	0	0	0
230000	57	0	0	0	0
230000	58	0	0	0	0
230000	59	0	0	0	0
230000	60	0	0	0	0
230000	61	0	0	0	0
235000	23	0	0	0	0
235000	24	0	0	0	0
235000	25	0	0	0	0
235000	26	0	0	0	0
235000	27	0	0	0	0
235000	28	0	0	0	0
235000	29	0	0	0	0
235000	30	0	0	0	0
235000	31	0	0	0	0
235000	32	0	0	0	0
235000	33	0	0	0	0
235000	34	0	0	0	0
235000	35	0	0	0	0
235000	36	0	0	0	0
235000	37	0	0	0	0
235000	38	0	0	0	0
235000	39	0	0	0	0
235000	40	0	0	0	0
235000	41	0	0	0	0
235000	42	0	0	0	0
235000	43	0	0	0	0
235000	44	0	0	0	0
235000	45	0	0	0	0
235000	46	0	0	0	0
235000	47	0	0	0	0
235000	48	0	0	0	0
235000	49	0	0	0	0
235000	50	0	0	0	0
235000	51	0	0	0	0
235000	52	0	0	0	0
235000	53	0	0	0	0
235000	54	0	0	0	0
235000	55	0	0	0	0
235000	56	0	0	0	0
235000	57	0	0	0	0
235000	58	0	0	0	0
235000	59	0	0	0	0
235000	60	0	0	0	0
235000	61	0	0	0	0
240000	23	0	0	0	0
240000	24	0	0	0	0
240000	25	0	0	0	0
240000	26	0	0	0	0
240000	27	0	0	0	0
240000	28	0	0	0	0
240000	29	0	0	0	0
240000	30	0	0	0	0
240000	31	0	0	0	0
240000	32	0	0	0	0
240000	33	0	0	0	0
240000	34	0	0	0	0
240000	35	0	0	0	0
240000	36	0	0	0	0
240000	37	0	0	0	0
240000	38	0	0	0	0
240000	39	0	0	0	0
240000	40	0	0	0	0
240000	41	0	0	0	0
240000	42	0	0	0	0
240000	43	0	0	0	0
240000	44	0	0	0	0
240000	45	0	0	0	0
240000	46	0	0	0	0
240000	47	0	0	0	0
240000	48	0	0	0	0
240000	49	0	0	0	0
240000	50	0	0	0	0
240000	51	0	0	0	0
240000	52	0	0	0	0
240000	53	0	0	0	0
240000	54	0	0	0	0
240000	55	0	0	0	0
240000	56	0	0	0	0
240000	57	0	0	0	0
240000	58	0	0	0	0
240000	59	0	0	0	0
240000	60	0	0	0	0
240000	61	0	0	0	0
240010	23	0	0	0	0
240010	24	0	0	0	0
240010	25	0	0	0	0
240010	26	0	0	0	0
240010	27	0	0	0	0
240010	28	0	0	0	0
240010	29	0	0	0	0
240010	30	0	0	0	0
240010	31	0	0	0	0
240010	32	0	0	0	0
240010	33	0	0	0	0
240010	34	0	0	0	0
240010	35	0	0	0	0
240010	36	0	0	0	0
240010	37	0	0	0	0
240010	38	0	0	0	0
240010	39	0	0	0	0
240010	40	0	0	0	0
240010	41	0	0	0	0
240010	42	0	0	0	0
240010	43	0	0	0	0
240010	44	0	0	0	0
240010	45	0	0	0	0
240010	46	0	0	0	0
240010	47	0	0	0	0
240010	48	0	0	0	0
240010	49	0	0	0	0
240010	50	0	0	0	0
240010	51	0	0	0	0
240010	52	0	0	0	0
240010	53	0	0	0	0
240010	54	0	0	0	0
240010	55	0	0	0	0
240010	56	0	0	0	0
240010	57	0	0	0	0
240010	58	0	0	0	0
240010	59	0	0	0	0
240010	60	0	0	0	0
240010	61	0	0	0	0
240020	23	0	0	0	0
240020	24	0	0	0	0
240020	25	0	0	0	0
240020	26	0	0	0	0
240020	27	0	0	0	0
240020	28	0	0	0	0
240020	29	0	0	0	0
240020	30	0	0	0	0
240020	31	0	0	0	0
240020	32	0	0	0	0
240020	33	0	0	0	0
240020	34	0	0	0	0
240020	35	0	0	0	0
240020	36	0	0	0	0
240020	37	0	0	0	0
240020	38	0	0	0	0
240020	39	0	0	0	0
240020	40	0	0	0	0
240020	41	0	0	0	0
240020	42	0	0	0	0
240020	43	0	0	0	0
240020	44	0	0	0	0
240020	45	0	0	0	0
240020	46	0	0	0	0
240020	47	0	0	0	0
240020	48	0	0	0	0
240020	49	0	0	0	0
240020	50	0	0	0	0
240020	51	0	0	0	0
240020	52	0	0	0	0
240020	53	0	0	0	0
240020	54	0	0	0	0
240020	55	0	0	0	0
240020	56	0	0	0	0
240020	57	0	0	0	0
240020	58	0	0	0	0
240020	59	0	0	0	0
240020	60	0	0	0	0
240020	61	0	0	0	0
240030	23	0	0	0	0
240030	24	0	0	0	0
240030	25	0	0	0	0
240030	26	0	0	0	0
240030	27	0	0	0	0
240030	28	0	0	0	0
240030	29	0	0	0	0
240030	30	0	0	0	0
240030	31	0	0	0	0
240030	32	0	0	0	0
240030	33	0	0	0	0
240030	34	0	0	0	0
240030	35	0	0	0	0
240030	36	0	0	0	0
240030	37	0	0	0	0
240030	38	0	0	0	0
240030	39	0	0	0	0
240030	40	0	0	0	0
240030	41	0	0	0	0
240030	42	0	0	0	0
240030	43	0	0	0	0
240030	44	0	0	0	0
240030	45	0	0	0	0
240030	46	0	0	0	0
240030	47	0	0	0	0
240030	48	0	0	0	0
240030	49	0	0	0	0
240030	50	0	0	0	0
240030	51	0	0	0	0
240030	52	0	0	0	0
240030	53	0	0	0	0
240030	54	0	0	0	0
240030	55	0	0	0	0
240030	56	0	0	0	0
240030	57	0	0	0	0
240030	58	0	0	0	0
240030	59	0	0	0	0
240030	60	0	0	0	0
240030	61	0	0	0	0
250000	23	0	0	0	0
250000	24	0	0	0	0
250000	25	0	0	0	0
250000	26	0	0	0	0
250000	27	0	0	0	0
250000	28	0	0	0	0
250000	29	0	0	0	0
250000	30	0	0	0	0
250000	31	0	0	0	0
250000	32	0	0	0	0
250000	33	0	0	0	0
250000	34	0	0	0	0
250000	35	0	0	0	0
250000	36	0	0	0	0
250000	37	0	0	0	0
250000	38	0	0	0	0
250000	39	0	0	0	0
250000	40	0	0	0	0
250000	41	0	0	0	0
250000	42	0	0	0	0
250000	43	0	0	0	0
250000	44	0	0	0	0
250000	45	0	0	0	0
250000	46	0	0	0	0
250000	47	0	0	0	0
250000	48	0	0	0	0
250000	49	0	0	0	0
250000	50	0	0	0	0
250000	51	0	0	0	0
250000	52	0	0	0	0
250000	53	0	0	0	0
250000	54	0	0	0	0
250000	55	0	0	0	0
250000	56	0	0	0	0
250000	57	0	0	0	0
250000	58	0	0	0	0
250000	59	0	0	0	0
250000	60	0	0	0	0
250000	61	0	0	0	0
270000	23	0	0	0	0
270000	24	0	0	0	0
270000	25	0	0	0	0
270000	26	0	0	0	0
270000	27	0	0	0	0
270000	28	0	0	0	0
270000	29	0	0	0	0
270000	30	0	0	0	0
270000	31	0	0	0	0
270000	32	0	0	0	0
270000	33	0	0	0	0
270000	34	0	0	0	0
270000	35	0	0	0	0
270000	36	0	0	0	0
270000	37	0	0	0	0
270000	38	0	0	0	0
270000	39	0	0	0	0
270000	40	0	0	0	0
270000	41	0	0	0	0
270000	42	0	0	0	0
270000	43	0	0	0	0
270000	44	0	0	0	0
270000	45	0	0	0	0
270000	46	0	0	0	0
270000	47	0	0	0	0
270000	48	0	0	0	0
270000	49	0	0	0	0
270000	50	0	0	0	0
270000	51	0	0	0	0
270000	52	0	0	0	0
270000	53	0	0	0	0
270000	54	0	0	0	0
270000	55	0	0	0	0
270000	56	0	0	0	0
270000	57	0	0	0	0
270000	58	0	0	0	0
270000	59	0	0	0	0
270000	60	0	0	0	0
270000	61	0	0	0	0
275000	23	0	0	0	0
275000	24	0	0	0	0
275000	25	0	0	0	0
275000	26	0	0	0	0
275000	27	0	0	0	0
275000	28	0	0	0	0
275000	29	0	0	0	0
275000	30	0	0	0	0
275000	31	0	0	0	0
275000	32	0	0	0	0
275000	33	0	0	0	0
275000	34	0	0	0	0
275000	35	0	0	0	0
275000	36	0	0	0	0
275000	37	0	0	0	0
275000	38	0	0	0	0
275000	39	0	0	0	0
275000	40	0	0	0	0
275000	41	0	0	0	0
275000	42	0	0	0	0
275000	43	0	0	0	0
275000	44	0	0	0	0
275000	45	0	0	0	0
275000	46	0	0	0	0
275000	47	0	0	0	0
275000	48	0	0	0	0
275000	49	0	0	0	0
275000	50	0	0	0	0
275000	51	0	0	0	0
275000	52	0	0	0	0
275000	53	0	0	0	0
275000	54	0	0	0	0
275000	55	0	0	0	0
275000	56	0	0	0	0
275000	57	0	0	0	0
275000	58	0	0	0	0
275000	59	0	0	0	0
275000	60	0	0	0	0
275000	61	0	0	0	0
280000	23	0	0	0	0
280000	24	0	0	0	0
280000	25	0	0	0	0
280000	26	0	0	0	0
280000	27	0	0	0	0
280000	28	0	0	0	0
280000	29	0	0	0	0
280000	30	0	0	0	0
280000	31	0	0	0	0
280000	32	0	0	0	0
280000	33	0	0	0	0
280000	34	0	0	0	0
280000	35	0	0	0	0
280000	36	0	0	0	0
280000	37	0	0	0	0
280000	38	0	0	0	0
280000	39	0	0	0	0
280000	40	0	0	0	0
280000	41	0	0	0	0
280000	42	0	0	0	0
280000	43	0	0	0	0
280000	44	0	0	0	0
280000	45	0	0	0	0
280000	46	0	0	0	0
280000	47	0	0	0	0
280000	48	0	0	0	0
280000	49	0	0	0	0
280000	50	0	0	0	0
280000	51	0	0	0	0
280000	52	0	0	0	0
280000	53	0	0	0	0
280000	54	0	0	0	0
280000	55	0	0	0	0
280000	56	0	0	0	0
280000	57	0	0	0	0
280000	58	0	0	0	0
280000	59	0	0	0	0
280000	60	0	0	0	0
280000	61	0	0	0	0
285000	23	0	0	0	0
285000	24	0	0	0	0
285000	25	0	0	0	0
285000	26	0	0	0	0
285000	27	0	0	0	0
285000	28	0	0	0	0
285000	29	0	0	0	0
285000	30	0	0	0	0
285000	31	0	0	0	0
285000	32	0	0	0	0
285000	33	0	0	0	0
285000	34	0	0	0	0
285000	35	0	0	0	0
285000	36	0	0	0	0
285000	37	0	0	0	0
285000	38	0	0	0	0
285000	39	0	0	0	0
285000	40	0	0	0	0
285000	41	0	0	0	0
285000	42	0	0	0	0
285000	43	0	0	0	0
285000	44	0	0	0	0
285000	45	0	0	0	0
285000	46	0	0	0	0
285000	47	0	0	0	0
285000	48	0	0	0	0
285000	49	0	0	0	0
285000	50	0	0	0	0
285000	51	0	0	0	0
285000	52	0	0	0	0
285000	53	0	0	0	0
285000	54	0	0	0	0
285000	55	0	0	0	0
285000	56	0	0	0	0
285000	57	0	0	0	0
285000	58	0	0	0	0
285000	59	0	0	0	0
285000	60	0	0	0	0
285000	61	0	0	0	0
290000	23	0	0	0	0
290000	24	0	0	0	0
290000	25	0	0	0	0
290000	26	0	0	0	0
290000	27	0	0	0	0
290000	28	0	0	0	0
290000	29	0	0	0	0
290000	30	0	0	0	0
290000	31	0	0	0	0
290000	32	0	0	0	0
290000	33	0	0	0	0
290000	34	0	0	0	0
290000	35	0	0	0	0
290000	36	0	0	0	0
290000	37	0	0	0	0
290000	38	0	0	0	0
290000	39	0	0	0	0
290000	40	0	0	0	0
290000	41	0	0	0	0
290000	42	0	0	0	0
290000	43	0	0	0	0
290000	44	0	0	0	0
290000	45	0	0	0	0
290000	46	0	0	0	0
290000	47	0	0	0	0
290000	48	0	0	0	0
290000	49	0	0	0	0
290000	50	0	0	0	0
290000	51	0	0	0	0
290000	52	0	0	0	0
290000	53	0	0	0	0
290000	54	0	0	0	0
290000	55	0	0	0	0
290000	56	0	0	0	0
290000	57	0	0	0	0
290000	58	0	0	0	0
290000	59	0	0	0	0
290000	60	0	0	0	0
290000	61	0	0	0	0
300000	23	0	0	0	0
300000	24	0	0	0	0
300000	25	0	0	0	0
300000	26	0	0	0	0
300000	27	0	0	0	0
300000	28	0	0	0	0
300000	29	0	0	0	0
300000	30	0	0	0	0
300000	31	0	0	0	0
300000	32	0	0	0	0
300000	33	0	0	0	0
300000	34	0	0	0	0
300000	35	0	0	0	0
300000	36	0	0	0	0
300000	37	0	0	0	0
300000	38	0	0	0	0
300000	39	0	0	0	0
300000	40	0	0	0	0
300000	41	0	0	0	0
300000	42	0	0	0	0
300000	43	0	0	0	0
300000	44	0	0	0	0
300000	45	0	0	0	0
300000	46	0	0	0	0
300000	47	0	0	0	0
300000	48	0	0	0	0
300000	49	0	0	0	0
300000	50	0	0	0	0
300000	51	0	0	0	0
300000	52	0	0	0	0
300000	53	0	0	0	0
300000	54	0	0	0	0
300000	55	0	0	0	0
300000	56	0	0	0	0
300000	57	0	0	0	0
300000	58	0	0	0	0
300000	59	0	0	0	0
300000	60	0	0	0	0
300000	61	0	0	0	0
305000	23	0	0	0	0
305000	24	0	0	0	0
305000	25	0	0	0	0
305000	26	0	0	0	0
305000	27	0	0	0	0
305000	28	0	0	0	0
305000	29	0	0	0	0
305000	30	0	0	0	0
305000	31	0	0	0	0
305000	32	0	0	0	0
305000	33	0	0	0	0
305000	34	0	0	0	0
305000	35	0	0	0	0
305000	36	0	0	0	0
305000	37	0	0	0	0
305000	38	0	0	0	0
305000	39	0	0	0	0
305000	40	0	0	0	0
305000	41	0	0	0	0
305000	42	0	0	0	0
305000	43	0	0	0	0
305000	44	0	0	0	0
305000	45	0	0	0	0
305000	46	0	0	0	0
305000	47	0	0	0	0
305000	48	0	0	0	0
305000	49	0	0	0	0
305000	50	0	0	0	0
305000	51	0	0	0	0
305000	52	0	0	0	0
305000	53	0	0	0	0
305000	54	0	0	0	0
305000	55	0	0	0	0
305000	56	0	0	0	0
305000	57	0	0	0	0
305000	58	0	0	0	0
305000	59	0	0	0	0
305000	60	0	0	0	0
305000	61	0	0	0	0
310000	23	0	0	0	0
310000	24	0	0	0	0
310000	25	0	0	0	0
310000	26	0	0	0	0
310000	27	0	0	0	0
310000	28	0	0	0	0
310000	29	0	0	0	0
310000	30	0	0	0	0
310000	31	0	0	0	0
310000	32	0	0	0	0
310000	33	0	0	0	0
310000	34	0	0	0	0
310000	35	0	0	0	0
310000	36	0	0	0	0
310000	37	0	0	0	0
310000	38	0	0	0	0
310000	39	0	0	0	0
310000	40	0	0	0	0
310000	41	0	0	0	0
310000	42	0	0	0	0
310000	43	0	0	0	0
310000	44	0	0	0	0
310000	45	0	0	0	0
310000	46	0	0	0	0
310000	47	0	0	0	0
310000	48	0	0	0	0
310000	49	0	0	0	0
310000	50	0	0	0	0
310000	51	0	0	0	0
310000	52	0	0	0	0
310000	53	0	0	0	0
310000	54	0	0	0	0
310000	55	0	0	0	0
310000	56	0	0	0	0
310000	57	0	0	0	0
310000	58	0	0	0	0
310000	59	0	0	0	0
310000	60	0	0	0	0
310000	61	0	0	0	0
315000	23	0	0	0	0
315000	24	0	0	0	0
315000	25	0	0	0	0
315000	26	0	0	0	0
315000	27	0	0	0	0
315000	28	0	0	0	0
315000	29	0	0	0	0
315000	30	0	0	0	0
315000	31	0	0	0	0
315000	32	0	0	0	0
315000	33	0	0	0	0
315000	34	0	0	0	0
315000	35	0	0	0	0
315000	36	0	0	0	0
315000	37	0	0	0	0
315000	38	0	0	0	0
315000	39	0	0	0	0
315000	40	0	0	0	0
315000	41	0	0	0	0
315000	42	0	0	0	0
315000	43	0	0	0	0
315000	44	0	0	0	0
315000	45	0	0	0	0
315000	46	0	0	0	0
315000	47	0	0	0	0
315000	48	0	0	0	0
315000	49	0	0	0	0
315000	50	0	0	0	0
315000	51	0	0	0	0
315000	52	0	0	0	0
315000	53	0	0	0	0
315000	54	0	0	0	0
315000	55	0	0	0	0
315000	56	0	0	0	0
315000	57	0	0	0	0
315000	58	0	0	0	0
315000	59	0	0	0	0
315000	60	0	0	0	0
315000	61	0	0	0	0
320000	23	0	0	0	0
320000	24	0	0	0	0
320000	25	0	0	0	0
320000	26	0	0	0	0
320000	27	0	0	0	0
320000	28	0	0	0	0
320000	29	0	0	0	0
320000	30	0	0	0	0
320000	31	0	0	0	0
320000	32	0	0	0	0
320000	33	0	0	0	0
320000	34	0	0	0	0
320000	35	0	0	0	0
320000	36	0	0	0	0
320000	37	0	0	0	0
320000	38	0	0	0	0
320000	39	0	0	0	0
320000	40	0	0	0	0
320000	41	0	0	0	0
320000	42	0	0	0	0
320000	43	0	0	0	0
320000	44	0	0	0	0
320000	45	0	0	0	0
320000	46	0	0	0	0
320000	47	0	0	0	0
320000	48	0	0	0	0
320000	49	0	0	0	0
320000	50	0	0	0	0
320000	51	0	0	0	0
320000	52	0	0	0	0
320000	53	0	0	0	0
320000	54	0	0	0	0
320000	55	0	0	0	0
320000	56	0	0	0	0
320000	57	0	0	0	0
320000	58	0	0	0	0
320000	59	0	0	0	0
320000	60	0	0	0	0
320000	61	0	0	0	0
325000	23	0	0	0	0
325000	24	0	0	0	0
325000	25	0	0	0	0
325000	26	0	0	0	0
325000	27	0	0	0	0
325000	28	0	0	0	0
325000	29	0	0	0	0
325000	30	0	0	0	0
325000	31	0	0	0	0
325000	32	0	0	0	0
325000	33	0	0	0	0
325000	34	0	0	0	0
325000	35	0	0	0	0
325000	36	0	0	0	0
325000	37	0	0	0	0
325000	38	0	0	0	0
325000	39	0	0	0	0
325000	40	0	0	0	0
325000	41	0	0	0	0
325000	42	0	0	0	0
325000	43	0	0	0	0
325000	44	0	0	0	0
325000	45	0	0	0	0
325000	46	0	0	0	0
325000	47	0	0	0	0
325000	48	0	0	0	0
325000	49	0	0	0	0
325000	50	0	0	0	0
325000	51	0	0	0	0
325000	52	0	0	0	0
325000	53	0	0	0	0
325000	54	0	0	0	0
325000	55	0	0	0	0
325000	56	0	0	0	0
325000	57	0	0	0	0
325000	58	0	0	0	0
325000	59	0	0	0	0
325000	60	0	0	0	0
325000	61	0	0	0	0
330000	23	0	0	0	0
330000	24	0	0	0	0
330000	25	0	0	0	0
330000	26	0	0	0	0
330000	27	0	0	0	0
330000	28	0	0	0	0
330000	29	0	0	0	0
330000	30	0	0	0	0
330000	31	0	0	0	0
330000	32	0	0	0	0
330000	33	0	0	0	0
330000	34	0	0	0	0
330000	35	0	0	0	0
330000	36	0	0	0	0
330000	37	0	0	0	0
330000	38	0	0	0	0
330000	39	0	0	0	0
330000	40	0	0	0	0
330000	41	0	0	0	0
330000	42	0	0	0	0
330000	43	0	0	0	0
330000	44	0	0	0	0
330000	45	0	0	0	0
330000	46	0	0	0	0
330000	47	0	0	0	0
330000	48	0	0	0	0
330000	49	0	0	0	0
330000	50	0	0	0	0
330000	51	0	0	0	0
330000	52	0	0	0	0
330000	53	0	0	0	0
330000	54	0	0	0	0
330000	55	0	0	0	0
330000	56	0	0	0	0
330000	57	0	0	0	0
330000	58	0	0	0	0
330000	59	0	0	0	0
330000	60	0	0	0	0
330000	61	0	0	0	0
335000	23	0	0	0	0
335000	24	0	0	0	0
335000	25	0	0	0	0
335000	26	0	0	0	0
335000	27	0	0	0	0
335000	28	0	0	0	0
335000	29	0	0	0	0
335000	30	0	0	0	0
335000	31	0	0	0	0
335000	32	0	0	0	0
335000	33	0	0	0	0
335000	34	0	0	0	0
335000	35	0	0	0	0
335000	36	0	0	0	0
335000	37	0	0	0	0
335000	38	0	0	0	0
335000	39	0	0	0	0
335000	40	0	0	0	0
335000	41	0	0	0	0
335000	42	0	0	0	0
335000	43	0	0	0	0
335000	44	0	0	0	0
335000	45	0	0	0	0
335000	46	0	0	0	0
335000	47	0	0	0	0
335000	48	0	0	0	0
335000	49	0	0	0	0
335000	50	0	0	0	0
335000	51	0	0	0	0
335000	52	0	0	0	0
335000	53	0	0	0	0
335000	54	0	0	0	0
335000	55	0	0	0	0
335000	56	0	0	0	0
335000	57	0	0	0	0
335000	58	0	0	0	0
335000	59	0	0	0	0
335000	60	0	0	0	0
335000	61	0	0	0	0
340000	23	0	0	0	0
340000	24	0	0	0	0
340000	25	0	0	0	0
340000	26	0	0	0	0
340000	27	0	0	0	0
340000	28	0	0	0	0
340000	29	0	0	0	0
340000	30	0	0	0	0
340000	31	0	0	0	0
340000	32	0	0	0	0
340000	33	0	0	0	0
340000	34	0	0	0	0
340000	35	0	0	0	0
340000	36	0	0	0	0
340000	37	0	0	0	0
340000	38	0	0	0	0
340000	39	0	0	0	0
340000	40	0	0	0	0
340000	41	0	0	0	0
340000	42	0	0	0	0
340000	43	0	0	0	0
340000	44	0	0	0	0
340000	45	0	0	0	0
340000	46	0	0	0	0
340000	47	0	0	0	0
340000	48	0	0	0	0
340000	49	0	0	0	0
340000	50	0	0	0	0
340000	51	0	0	0	0
340000	52	0	0	0	0
340000	53	0	0	0	0
340000	54	0	0	0	0
340000	55	0	0	0	0
340000	56	0	0	0	0
340000	57	0	0	0	0
340000	58	0	0	0	0
340000	59	0	0	0	0
340000	60	0	0	0	0
340000	61	0	0	0	0
466010	23	0	0	0	0
466010	24	0	0	0	0
466010	25	0	0	0	0
466010	26	0	0	0	0
466010	27	0	0	0	0
466010	28	0	0	0	0
466010	29	0	0	0	0
466010	30	0	0	0	0
466010	31	0	0	0	0
466010	32	0	0	0	0
466010	33	0	0	0	0
466010	34	0	0	0	0
466010	35	0	0	0	0
466010	36	0	0	0	0
466010	37	0	0	0	0
466010	38	0	0	0	0
466010	39	0	0	0	0
466010	40	0	0	0	0
466010	41	0	0	0	0
466010	42	0	0	0	0
466010	43	0	0	0	0
466010	44	0	0	0	0
466010	45	0	0	0	0
466010	46	0	0	0	0
466010	47	0	0	0	0
466010	48	0	0	0	0
466010	49	0	0	0	0
466010	50	0	0	0	0
466010	51	0	0	0	0
466010	52	0	0	0	0
466010	53	0	0	0	0
466010	54	0	0	0	0
466010	55	0	0	0	0
466010	56	0	0	0	0
466010	57	0	0	0	0
466010	58	0	0	0	0
466010	59	0	0	0	0
466010	60	0	0	0	0
466010	61	0	0	0	0
355000	23	0	0	0	0
355000	24	0	0	0	0
355000	25	0	0	0	0
355000	26	0	0	0	0
355000	27	0	0	0	0
355000	28	0	0	0	0
355000	29	0	0	0	0
355000	30	0	0	0	0
355000	31	0	0	0	0
355000	32	0	0	0	0
355000	33	0	0	0	0
355000	34	0	0	0	0
355000	35	0	0	0	0
355000	36	0	0	0	0
355000	37	0	0	0	0
355000	38	0	0	0	0
355000	39	0	0	0	0
355000	40	0	0	0	0
355000	41	0	0	0	0
355000	42	0	0	0	0
355000	43	0	0	0	0
355000	44	0	0	0	0
355000	45	0	0	0	0
355000	46	0	0	0	0
355000	47	0	0	0	0
355000	48	0	0	0	0
355000	49	0	0	0	0
355000	50	0	0	0	0
355000	51	0	0	0	0
355000	52	0	0	0	0
355000	53	0	0	0	0
355000	54	0	0	0	0
355000	55	0	0	0	0
355000	56	0	0	0	0
355000	57	0	0	0	0
355000	58	0	0	0	0
355000	59	0	0	0	0
355000	60	0	0	0	0
355000	61	0	0	0	0
360000	23	0	0	0	0
360000	24	0	0	0	0
360000	25	0	0	0	0
360000	26	0	0	0	0
360000	27	0	0	0	0
360000	28	0	0	0	0
360000	29	0	0	0	0
360000	30	0	0	0	0
360000	31	0	0	0	0
360000	32	0	0	0	0
360000	33	0	0	0	0
360000	34	0	0	0	0
360000	35	0	0	0	0
360000	36	0	0	0	0
360000	37	0	0	0	0
360000	38	0	0	0	0
360000	39	0	0	0	0
360000	40	0	0	0	0
360000	41	0	0	0	0
360000	42	0	0	0	0
360000	43	0	0	0	0
360000	44	0	0	0	0
360000	45	0	0	0	0
360000	46	0	0	0	0
360000	47	0	0	0	0
360000	48	0	0	0	0
360000	49	0	0	0	0
360000	50	0	0	0	0
360000	51	0	0	0	0
360000	52	0	0	0	0
360000	53	0	0	0	0
360000	54	0	0	0	0
360000	55	0	0	0	0
360000	56	0	0	0	0
360000	57	0	0	0	0
360000	58	0	0	0	0
360000	59	0	0	0	0
360000	60	0	0	0	0
360000	61	0	0	0	0
485000	23	0	0	0	0
485000	24	0	0	0	0
485000	25	0	0	0	0
485000	26	0	0	0	0
485000	27	0	0	0	0
485000	28	0	0	0	0
485000	29	0	0	0	0
485000	30	0	0	0	0
485000	31	0	0	0	0
485000	32	0	0	0	0
485000	33	0	0	0	0
485000	34	0	0	0	0
485000	35	0	0	0	0
485000	36	0	0	0	0
485000	37	0	0	0	0
485000	38	0	0	0	0
485000	39	0	0	0	0
485000	40	0	0	0	0
485000	41	0	0	0	0
485000	42	0	0	0	0
485000	43	0	0	0	0
485000	44	0	0	0	0
485000	45	0	0	0	0
485000	46	0	0	0	0
485000	47	0	0	0	0
485000	48	0	0	0	0
485000	49	0	0	0	0
485000	50	0	0	0	0
485000	51	0	0	0	0
485000	52	0	0	0	0
485000	53	0	0	0	0
485000	54	0	0	0	0
485000	55	0	0	0	0
485000	56	0	0	0	0
485000	57	0	0	0	0
485000	58	0	0	0	0
485000	59	0	0	0	0
485000	60	0	0	0	0
485000	61	0	0	0	0
490000	23	0	0	0	0
490000	24	0	0	0	0
490000	25	0	0	0	0
490000	26	0	0	0	0
490000	27	0	0	0	0
490000	28	0	0	0	0
490000	29	0	0	0	0
490000	30	0	0	0	0
490000	31	0	0	0	0
490000	32	0	0	0	0
490000	33	0	0	0	0
490000	34	0	0	0	0
490000	35	0	0	0	0
490000	36	0	0	0	0
490000	37	0	0	0	0
490000	38	0	0	0	0
490000	39	0	0	0	0
490000	40	0	0	0	0
490000	41	0	0	0	0
490000	42	0	0	0	0
490000	43	0	0	0	0
490000	44	0	0	0	0
490000	45	0	0	0	0
490000	46	0	0	0	0
490000	47	0	0	0	0
490000	48	0	0	0	0
490000	49	0	0	0	0
490000	50	0	0	0	0
490000	51	0	0	0	0
490000	52	0	0	0	0
490000	53	0	0	0	0
490000	54	0	0	0	0
490000	55	0	0	0	0
490000	56	0	0	0	0
490000	57	0	0	0	0
490000	58	0	0	0	0
490000	59	0	0	0	0
490000	60	0	0	0	0
490000	61	0	0	0	0
510000	23	0	0	0	0
510000	24	0	0	0	0
510000	25	0	0	0	0
510000	26	0	0	0	0
510000	27	0	0	0	0
510000	28	0	0	0	0
510000	29	0	0	0	0
510000	30	0	0	0	0
510000	31	0	0	0	0
510000	32	0	0	0	0
510000	33	0	0	0	0
510000	34	0	0	0	0
510000	35	0	0	0	0
510000	36	0	0	0	0
510000	37	0	0	0	0
510000	38	0	0	0	0
510000	39	0	0	0	0
510000	40	0	0	0	0
510000	41	0	0	0	0
510000	42	0	0	0	0
510000	43	0	0	0	0
510000	44	0	0	0	0
510000	45	0	0	0	0
510000	46	0	0	0	0
510000	47	0	0	0	0
510000	48	0	0	0	0
510000	49	0	0	0	0
510000	50	0	0	0	0
510000	51	0	0	0	0
510000	52	0	0	0	0
510000	53	0	0	0	0
510000	54	0	0	0	0
510000	55	0	0	0	0
510000	56	0	0	0	0
510000	57	0	0	0	0
510000	58	0	0	0	0
510000	59	0	0	0	0
510000	60	0	0	0	0
510000	61	0	0	0	0
520000	23	0	0	0	0
520000	24	0	0	0	0
520000	25	0	0	0	0
520000	26	0	0	0	0
520000	27	0	0	0	0
520000	28	0	0	0	0
520000	29	0	0	0	0
520000	30	0	0	0	0
520000	31	0	0	0	0
520000	32	0	0	0	0
520000	33	0	0	0	0
520000	34	0	0	0	0
520000	35	0	0	0	0
520000	36	0	0	0	0
520000	37	0	0	0	0
520000	38	0	0	0	0
520000	39	0	0	0	0
520000	40	0	0	0	0
520000	41	0	0	0	0
520000	42	0	0	0	0
520000	43	0	0	0	0
520000	44	0	0	0	0
520000	45	0	0	0	0
520000	46	0	0	0	0
520000	47	0	0	0	0
520000	48	0	0	0	0
520000	49	0	0	0	0
520000	50	0	0	0	0
520000	51	0	0	0	0
520000	52	0	0	0	0
520000	53	0	0	0	0
520000	54	0	0	0	0
520000	55	0	0	0	0
520000	56	0	0	0	0
520000	57	0	0	0	0
520000	58	0	0	0	0
520000	59	0	0	0	0
520000	60	0	0	0	0
520000	61	0	0	0	0
540000	23	0	0	0	0
540000	24	0	0	0	0
540000	25	0	0	0	0
540000	26	0	0	0	0
540000	27	0	0	0	0
540000	28	0	0	0	0
540000	29	0	0	0	0
540000	30	0	0	0	0
540000	31	0	0	0	0
540000	32	0	0	0	0
540000	33	0	0	0	0
540000	34	0	0	0	0
540000	35	0	0	0	0
540000	36	0	0	0	0
540000	37	0	0	0	0
540000	38	0	0	0	0
540000	39	0	0	0	0
540000	40	0	0	0	0
540000	41	0	0	0	0
540000	42	0	0	0	0
540000	43	0	0	0	0
540000	44	0	0	0	0
540000	45	0	0	0	0
540000	46	0	0	0	0
540000	47	0	0	0	0
540000	48	0	0	0	0
540000	49	0	0	0	0
540000	50	0	0	0	0
540000	51	0	0	0	0
540000	52	0	0	0	0
540000	53	0	0	0	0
540000	54	0	0	0	0
540000	55	0	0	0	0
540000	56	0	0	0	0
540000	57	0	0	0	0
540000	58	0	0	0	0
540000	59	0	0	0	0
540000	60	0	0	0	0
540000	61	0	0	0	0
550000	23	0	0	0	0
550000	24	0	0	0	0
550000	25	0	0	0	0
550000	26	0	0	0	0
550000	27	0	0	0	0
550000	28	0	0	0	0
550000	29	0	0	0	0
550000	30	0	0	0	0
550000	31	0	0	0	0
550000	32	0	0	0	0
550000	33	0	0	0	0
550000	34	0	0	0	0
550000	35	0	0	0	0
550000	36	0	0	0	0
550000	37	0	0	0	0
550000	38	0	0	0	0
550000	39	0	0	0	0
550000	40	0	0	0	0
550000	41	0	0	0	0
550000	42	0	0	0	0
550000	43	0	0	0	0
550000	44	0	0	0	0
550000	45	0	0	0	0
550000	46	0	0	0	0
550000	47	0	0	0	0
550000	48	0	0	0	0
550000	49	0	0	0	0
550000	50	0	0	0	0
550000	51	0	0	0	0
550000	52	0	0	0	0
550000	53	0	0	0	0
550000	54	0	0	0	0
550000	55	0	0	0	0
550000	56	0	0	0	0
550000	57	0	0	0	0
550000	58	0	0	0	0
550000	59	0	0	0	0
550000	60	0	0	0	0
550000	61	0	0	0	0
560000	23	0	0	0	0
560000	24	0	0	0	0
560000	25	0	0	0	0
560000	26	0	0	0	0
560000	27	0	0	0	0
560000	28	0	0	0	0
560000	29	0	0	0	0
560000	30	0	0	0	0
560000	31	0	0	0	0
560000	32	0	0	0	0
560000	33	0	0	0	0
560000	34	0	0	0	0
560000	35	0	0	0	0
560000	36	0	0	0	0
560000	37	0	0	0	0
560000	38	0	0	0	0
560000	39	0	0	0	0
560000	40	0	0	0	0
560000	41	0	0	0	0
560000	42	0	0	0	0
560000	43	0	0	0	0
560000	44	0	0	0	0
560000	45	0	0	0	0
560000	46	0	0	0	0
560000	47	0	0	0	0
560000	48	0	0	0	0
560000	49	0	0	0	0
560000	50	0	0	0	0
560000	51	0	0	0	0
560000	52	0	0	0	0
560000	53	0	0	0	0
560000	54	0	0	0	0
560000	55	0	0	0	0
560000	56	0	0	0	0
560000	57	0	0	0	0
560000	58	0	0	0	0
560000	59	0	0	0	0
560000	60	0	0	0	0
560000	61	0	0	0	0
570000	23	0	0	0	0
570000	24	0	0	0	0
570000	25	0	0	0	0
570000	26	0	0	0	0
570000	27	0	0	0	0
570000	28	0	0	0	0
570000	29	0	0	0	0
570000	30	0	0	0	0
570000	31	0	0	0	0
570000	32	0	0	0	0
570000	33	0	0	0	0
570000	34	0	0	0	0
570000	35	0	0	0	0
570000	36	0	0	0	0
570000	37	0	0	0	0
570000	38	0	0	0	0
570000	39	0	0	0	0
570000	40	0	0	0	0
570000	41	0	0	0	0
570000	42	0	0	0	0
570000	43	0	0	0	0
570000	44	0	0	0	0
570000	45	0	0	0	0
570000	46	0	0	0	0
570000	47	0	0	0	0
570000	48	0	0	0	0
570000	49	0	0	0	0
570000	50	0	0	0	0
570000	51	0	0	0	0
570000	52	0	0	0	0
570000	53	0	0	0	0
570000	54	0	0	0	0
570000	55	0	0	0	0
570000	56	0	0	0	0
570000	57	0	0	0	0
570000	58	0	0	0	0
570000	59	0	0	0	0
570000	60	0	0	0	0
570000	61	0	0	0	0
610000	23	0	0	0	0
610000	24	0	0	0	0
610000	25	0	0	0	0
610000	26	0	0	0	0
610000	27	0	0	0	0
610000	28	0	0	0	0
610000	29	0	0	0	0
610000	30	0	0	0	0
610000	31	0	0	0	0
610000	32	0	0	0	0
610000	33	0	0	0	0
610000	34	0	0	0	0
610000	35	0	0	0	0
610000	36	0	0	0	0
610000	37	0	0	0	0
610000	38	0	0	0	0
610000	39	0	0	0	0
610000	40	0	0	0	0
610000	41	0	0	0	0
610000	42	0	0	0	0
610000	43	0	0	0	0
610000	44	0	0	0	0
610000	45	0	0	0	0
610000	46	0	0	0	0
610000	47	0	0	0	0
610000	48	0	0	0	0
610000	49	0	0	0	0
610000	50	0	0	0	0
610000	51	0	0	0	0
610000	52	0	0	0	0
610000	53	0	0	0	0
610000	54	0	0	0	0
610000	55	0	0	0	0
610000	56	0	0	0	0
610000	57	0	0	0	0
610000	58	0	0	0	0
610000	59	0	0	0	0
610000	60	0	0	0	0
610000	61	0	0	0	0
610010	23	0	0	0	0
610010	24	0	0	0	0
610010	25	0	0	0	0
610010	26	0	0	0	0
610010	27	0	0	0	0
610010	28	0	0	0	0
610010	29	0	0	0	0
610010	30	0	0	0	0
610010	31	0	0	0	0
610010	32	0	0	0	0
610010	33	0	0	0	0
610010	34	0	0	0	0
610010	35	0	0	0	0
610010	36	0	0	0	0
610010	37	0	0	0	0
610010	38	0	0	0	0
610010	39	0	0	0	0
610010	40	0	0	0	0
610010	41	0	0	0	0
610010	42	0	0	0	0
610010	43	0	0	0	0
610010	44	0	0	0	0
610010	45	0	0	0	0
610010	46	0	0	0	0
610010	47	0	0	0	0
610010	48	0	0	0	0
610010	49	0	0	0	0
610010	50	0	0	0	0
610010	51	0	0	0	0
610010	52	0	0	0	0
610010	53	0	0	0	0
610010	54	0	0	0	0
610010	55	0	0	0	0
610010	56	0	0	0	0
610010	57	0	0	0	0
610010	58	0	0	0	0
610010	59	0	0	0	0
610010	60	0	0	0	0
610010	61	0	0	0	0
610020	23	0	0	0	0
610020	24	0	0	0	0
610020	25	0	0	0	0
610020	26	0	0	0	0
610020	27	0	0	0	0
610020	28	0	0	0	0
610020	29	0	0	0	0
610020	30	0	0	0	0
610020	31	0	0	0	0
610020	32	0	0	0	0
610020	33	0	0	0	0
610020	34	0	0	0	0
610020	35	0	0	0	0
610020	36	0	0	0	0
610020	37	0	0	0	0
610020	38	0	0	0	0
610020	39	0	0	0	0
610020	40	0	0	0	0
610020	41	0	0	0	0
610020	42	0	0	0	0
610020	43	0	0	0	0
610020	44	0	0	0	0
610020	45	0	0	0	0
610020	46	0	0	0	0
610020	47	0	0	0	0
610020	48	0	0	0	0
610020	49	0	0	0	0
610020	50	0	0	0	0
610020	51	0	0	0	0
610020	52	0	0	0	0
610020	53	0	0	0	0
610020	54	0	0	0	0
610020	55	0	0	0	0
610020	56	0	0	0	0
610020	57	0	0	0	0
610020	58	0	0	0	0
610020	59	0	0	0	0
610020	60	0	0	0	0
610020	61	0	0	0	0
615000	23	0	0	0	0
615000	24	0	0	0	0
615000	25	0	0	0	0
615000	26	0	0	0	0
615000	27	0	0	0	0
615000	28	0	0	0	0
615000	29	0	0	0	0
615000	30	0	0	0	0
615000	31	0	0	0	0
615000	32	0	0	0	0
615000	33	0	0	0	0
615000	34	0	0	0	0
615000	35	0	0	0	0
615000	36	0	0	0	0
615000	37	0	0	0	0
615000	38	0	0	0	0
615000	39	0	0	0	0
615000	40	0	0	0	0
615000	41	0	0	0	0
615000	42	0	0	0	0
615000	43	0	0	0	0
615000	44	0	0	0	0
615000	45	0	0	0	0
615000	46	0	0	0	0
615000	47	0	0	0	0
615000	48	0	0	0	0
615000	49	0	0	0	0
615000	50	0	0	0	0
615000	51	0	0	0	0
615000	52	0	0	0	0
615000	53	0	0	0	0
615000	54	0	0	0	0
615000	55	0	0	0	0
615000	56	0	0	0	0
615000	57	0	0	0	0
615000	58	0	0	0	0
615000	59	0	0	0	0
615000	60	0	0	0	0
615000	61	0	0	0	0
615010	23	0	0	0	0
615010	24	0	0	0	0
615010	25	0	0	0	0
615010	26	0	0	0	0
615010	27	0	0	0	0
615010	28	0	0	0	0
615010	29	0	0	0	0
615010	30	0	0	0	0
615010	31	0	0	0	0
615010	32	0	0	0	0
615010	33	0	0	0	0
615010	34	0	0	0	0
615010	35	0	0	0	0
615010	36	0	0	0	0
615010	37	0	0	0	0
615010	38	0	0	0	0
615010	39	0	0	0	0
615010	40	0	0	0	0
615010	41	0	0	0	0
615010	42	0	0	0	0
615010	43	0	0	0	0
615010	44	0	0	0	0
615010	45	0	0	0	0
615010	46	0	0	0	0
615010	47	0	0	0	0
615010	48	0	0	0	0
615010	49	0	0	0	0
615010	50	0	0	0	0
615010	51	0	0	0	0
615010	52	0	0	0	0
615010	53	0	0	0	0
615010	54	0	0	0	0
615010	55	0	0	0	0
615010	56	0	0	0	0
615010	57	0	0	0	0
615010	58	0	0	0	0
615010	59	0	0	0	0
615010	60	0	0	0	0
615010	61	0	0	0	0
615020	23	0	0	0	0
615020	24	0	0	0	0
615020	25	0	0	0	0
615020	26	0	0	0	0
615020	27	0	0	0	0
615020	28	0	0	0	0
615020	29	0	0	0	0
615020	30	0	0	0	0
615020	31	0	0	0	0
615020	32	0	0	0	0
615020	33	0	0	0	0
615020	34	0	0	0	0
615020	35	0	0	0	0
615020	36	0	0	0	0
615020	37	0	0	0	0
615020	38	0	0	0	0
615020	39	0	0	0	0
615020	40	0	0	0	0
615020	41	0	0	0	0
615020	42	0	0	0	0
615020	43	0	0	0	0
615020	44	0	0	0	0
615020	45	0	0	0	0
615020	46	0	0	0	0
615020	47	0	0	0	0
615020	48	0	0	0	0
615020	49	0	0	0	0
615020	50	0	0	0	0
615020	51	0	0	0	0
615020	52	0	0	0	0
615020	53	0	0	0	0
615020	54	0	0	0	0
615020	55	0	0	0	0
615020	56	0	0	0	0
615020	57	0	0	0	0
615020	58	0	0	0	0
615020	59	0	0	0	0
615020	60	0	0	0	0
615020	61	0	0	0	0
620000	23	0	0	0	0
620000	24	0	0	0	0
620000	25	0	0	0	0
620000	26	0	0	0	0
620000	27	0	0	0	0
620000	28	0	0	0	0
620000	29	0	0	0	0
620000	30	0	0	0	0
620000	31	0	0	0	0
620000	32	0	0	0	0
620000	33	0	0	0	0
620000	34	0	0	0	0
620000	35	0	0	0	0
620000	36	0	0	0	0
620000	37	0	0	0	0
620000	38	0	0	0	0
620000	39	0	0	0	0
620000	40	0	0	0	0
620000	41	0	0	0	0
620000	42	0	0	0	0
620000	43	0	0	0	0
620000	44	0	0	0	0
620000	45	0	0	0	0
620000	46	0	0	0	0
620000	47	0	0	0	0
620000	48	0	0	0	0
620000	49	0	0	0	0
620000	50	0	0	0	0
620000	51	0	0	0	0
620000	52	0	0	0	0
620000	53	0	0	0	0
620000	54	0	0	0	0
620000	55	0	0	0	0
620000	56	0	0	0	0
620000	57	0	0	0	0
620000	58	0	0	0	0
620000	59	0	0	0	0
620000	60	0	0	0	0
620000	61	0	0	0	0
620010	23	0	0	0	0
620010	24	0	0	0	0
620010	25	0	0	0	0
620010	26	0	0	0	0
620010	27	0	0	0	0
620010	28	0	0	0	0
620010	29	0	0	0	0
620010	30	0	0	0	0
620010	31	0	0	0	0
620010	32	0	0	0	0
620010	33	0	0	0	0
620010	34	0	0	0	0
620010	35	0	0	0	0
620010	36	0	0	0	0
620010	37	0	0	0	0
620010	38	0	0	0	0
620010	39	0	0	0	0
620010	40	0	0	0	0
620010	41	0	0	0	0
620010	42	0	0	0	0
620010	43	0	0	0	0
620010	44	0	0	0	0
620010	45	0	0	0	0
620010	46	0	0	0	0
620010	47	0	0	0	0
620010	48	0	0	0	0
620010	49	0	0	0	0
620010	50	0	0	0	0
620010	51	0	0	0	0
620010	52	0	0	0	0
620010	53	0	0	0	0
620010	54	0	0	0	0
620010	55	0	0	0	0
620010	56	0	0	0	0
620010	57	0	0	0	0
620010	58	0	0	0	0
620010	59	0	0	0	0
620010	60	0	0	0	0
620010	61	0	0	0	0
620020	23	0	0	0	0
620020	24	0	0	0	0
620020	25	0	0	0	0
620020	26	0	0	0	0
620020	27	0	0	0	0
620020	28	0	0	0	0
620020	29	0	0	0	0
620020	30	0	0	0	0
620020	31	0	0	0	0
620020	32	0	0	0	0
620020	33	0	0	0	0
620020	34	0	0	0	0
620020	35	0	0	0	0
620020	36	0	0	0	0
620020	37	0	0	0	0
620020	38	0	0	0	0
620020	39	0	0	0	0
620020	40	0	0	0	0
620020	41	0	0	0	0
620020	42	0	0	0	0
620020	43	0	0	0	0
620020	44	0	0	0	0
620020	45	0	0	0	0
620020	46	0	0	0	0
620020	47	0	0	0	0
620020	48	0	0	0	0
620020	49	0	0	0	0
620020	50	0	0	0	0
620020	51	0	0	0	0
620020	52	0	0	0	0
620020	53	0	0	0	0
620020	54	0	0	0	0
620020	55	0	0	0	0
620020	56	0	0	0	0
620020	57	0	0	0	0
620020	58	0	0	0	0
620020	59	0	0	0	0
620020	60	0	0	0	0
620020	61	0	0	0	0
625000	23	0	0	0	0
625000	24	0	0	0	0
625000	25	0	0	0	0
625000	26	0	0	0	0
625000	27	0	0	0	0
625000	28	0	0	0	0
625000	29	0	0	0	0
625000	30	0	0	0	0
625000	31	0	0	0	0
625000	32	0	0	0	0
625000	33	0	0	0	0
625000	34	0	0	0	0
625000	35	0	0	0	0
625000	36	0	0	0	0
625000	37	0	0	0	0
625000	38	0	0	0	0
625000	39	0	0	0	0
625000	40	0	0	0	0
625000	41	0	0	0	0
625000	42	0	0	0	0
625000	43	0	0	0	0
625000	44	0	0	0	0
625000	45	0	0	0	0
625000	46	0	0	0	0
625000	47	0	0	0	0
625000	48	0	0	0	0
625000	49	0	0	0	0
625000	50	0	0	0	0
625000	51	0	0	0	0
625000	52	0	0	0	0
625000	53	0	0	0	0
625000	54	0	0	0	0
625000	55	0	0	0	0
625000	56	0	0	0	0
625000	57	0	0	0	0
625000	58	0	0	0	0
625000	59	0	0	0	0
625000	60	0	0	0	0
625000	61	0	0	0	0
625010	23	0	0	0	0
625010	24	0	0	0	0
625010	25	0	0	0	0
625010	26	0	0	0	0
625010	27	0	0	0	0
625010	28	0	0	0	0
625010	29	0	0	0	0
625010	30	0	0	0	0
625010	31	0	0	0	0
625010	32	0	0	0	0
625010	33	0	0	0	0
625010	34	0	0	0	0
625010	35	0	0	0	0
625010	36	0	0	0	0
625010	37	0	0	0	0
625010	38	0	0	0	0
625010	39	0	0	0	0
625010	40	0	0	0	0
625010	41	0	0	0	0
625010	42	0	0	0	0
625010	43	0	0	0	0
625010	44	0	0	0	0
625010	45	0	0	0	0
625010	46	0	0	0	0
625010	47	0	0	0	0
625010	48	0	0	0	0
625010	49	0	0	0	0
625010	50	0	0	0	0
625010	51	0	0	0	0
625010	52	0	0	0	0
625010	53	0	0	0	0
625010	54	0	0	0	0
625010	55	0	0	0	0
625010	56	0	0	0	0
625010	57	0	0	0	0
625010	58	0	0	0	0
625010	59	0	0	0	0
625010	60	0	0	0	0
625010	61	0	0	0	0
625020	23	0	0	0	0
625020	24	0	0	0	0
625020	25	0	0	0	0
625020	26	0	0	0	0
625020	27	0	0	0	0
625020	28	0	0	0	0
625020	29	0	0	0	0
625020	30	0	0	0	0
625020	31	0	0	0	0
625020	32	0	0	0	0
625020	33	0	0	0	0
625020	34	0	0	0	0
625020	35	0	0	0	0
625020	36	0	0	0	0
625020	37	0	0	0	0
625020	38	0	0	0	0
625020	39	0	0	0	0
625020	40	0	0	0	0
625020	41	0	0	0	0
625020	42	0	0	0	0
625020	43	0	0	0	0
625020	44	0	0	0	0
625020	45	0	0	0	0
625020	46	0	0	0	0
625020	47	0	0	0	0
625020	48	0	0	0	0
625020	49	0	0	0	0
625020	50	0	0	0	0
625020	51	0	0	0	0
625020	52	0	0	0	0
625020	53	0	0	0	0
625020	54	0	0	0	0
625020	55	0	0	0	0
625020	56	0	0	0	0
625020	57	0	0	0	0
625020	58	0	0	0	0
625020	59	0	0	0	0
625020	60	0	0	0	0
625020	61	0	0	0	0
630000	23	0	0	0	0
630000	24	0	0	0	0
630000	25	0	0	0	0
630000	26	0	0	0	0
630000	27	0	0	0	0
630000	28	0	0	0	0
630000	29	0	0	0	0
630000	30	0	0	0	0
630000	31	0	0	0	0
630000	32	0	0	0	0
630000	33	0	0	0	0
630000	34	0	0	0	0
630000	35	0	0	0	0
630000	36	0	0	0	0
630000	37	0	0	0	0
630000	38	0	0	0	0
630000	39	0	0	0	0
630000	40	0	0	0	0
630000	41	0	0	0	0
630000	42	0	0	0	0
630000	43	0	0	0	0
630000	44	0	0	0	0
630000	45	0	0	0	0
630000	46	0	0	0	0
630000	47	0	0	0	0
630000	48	0	0	0	0
630000	49	0	0	0	0
630000	50	0	0	0	0
630000	51	0	0	0	0
630000	52	0	0	0	0
630000	53	0	0	0	0
630000	54	0	0	0	0
630000	55	0	0	0	0
630000	56	0	0	0	0
630000	57	0	0	0	0
630000	58	0	0	0	0
630000	59	0	0	0	0
630000	60	0	0	0	0
630000	61	0	0	0	0
630010	23	0	0	0	0
630010	24	0	0	0	0
630010	25	0	0	0	0
630010	26	0	0	0	0
630010	27	0	0	0	0
630010	28	0	0	0	0
630010	29	0	0	0	0
630010	30	0	0	0	0
630010	31	0	0	0	0
630010	32	0	0	0	0
630010	33	0	0	0	0
630010	34	0	0	0	0
630010	35	0	0	0	0
630010	36	0	0	0	0
630010	37	0	0	0	0
630010	38	0	0	0	0
630010	39	0	0	0	0
630010	40	0	0	0	0
630010	41	0	0	0	0
630010	42	0	0	0	0
630010	43	0	0	0	0
630010	44	0	0	0	0
630010	45	0	0	0	0
630010	46	0	0	0	0
630010	47	0	0	0	0
630010	48	0	0	0	0
630010	49	0	0	0	0
630010	50	0	0	0	0
630010	51	0	0	0	0
630010	52	0	0	0	0
630010	53	0	0	0	0
630010	54	0	0	0	0
630010	55	0	0	0	0
630010	56	0	0	0	0
630010	57	0	0	0	0
630010	58	0	0	0	0
630010	59	0	0	0	0
630010	60	0	0	0	0
630010	61	0	0	0	0
630020	23	0	0	0	0
630020	24	0	0	0	0
630020	25	0	0	0	0
630020	26	0	0	0	0
630020	27	0	0	0	0
630020	28	0	0	0	0
630020	29	0	0	0	0
630020	30	0	0	0	0
630020	31	0	0	0	0
630020	32	0	0	0	0
630020	33	0	0	0	0
630020	34	0	0	0	0
630020	35	0	0	0	0
630020	36	0	0	0	0
630020	37	0	0	0	0
630020	38	0	0	0	0
630020	39	0	0	0	0
630020	40	0	0	0	0
630020	41	0	0	0	0
630020	42	0	0	0	0
630020	43	0	0	0	0
630020	44	0	0	0	0
630020	45	0	0	0	0
630020	46	0	0	0	0
630020	47	0	0	0	0
630020	48	0	0	0	0
630020	49	0	0	0	0
630020	50	0	0	0	0
630020	51	0	0	0	0
630020	52	0	0	0	0
630020	53	0	0	0	0
630020	54	0	0	0	0
630020	55	0	0	0	0
630020	56	0	0	0	0
630020	57	0	0	0	0
630020	58	0	0	0	0
630020	59	0	0	0	0
630020	60	0	0	0	0
630020	61	0	0	0	0
635000	23	0	0	0	0
635000	24	0	0	0	0
635000	25	0	0	0	0
635000	26	0	0	0	0
635000	27	0	0	0	0
635000	28	0	0	0	0
635000	29	0	0	0	0
635000	30	0	0	0	0
635000	31	0	0	0	0
635000	32	0	0	0	0
635000	33	0	0	0	0
635000	34	0	0	0	0
635000	35	0	0	0	0
635000	36	0	0	0	0
635000	37	0	0	0	0
635000	38	0	0	0	0
635000	39	0	0	0	0
635000	40	0	0	0	0
635000	41	0	0	0	0
635000	42	0	0	0	0
635000	43	0	0	0	0
635000	44	0	0	0	0
635000	45	0	0	0	0
635000	46	0	0	0	0
635000	47	0	0	0	0
635000	48	0	0	0	0
635000	49	0	0	0	0
635000	50	0	0	0	0
635000	51	0	0	0	0
635000	52	0	0	0	0
635000	53	0	0	0	0
635000	54	0	0	0	0
635000	55	0	0	0	0
635000	56	0	0	0	0
635000	57	0	0	0	0
635000	58	0	0	0	0
635000	59	0	0	0	0
635000	60	0	0	0	0
635000	61	0	0	0	0
635010	23	0	0	0	0
635010	24	0	0	0	0
635010	25	0	0	0	0
635010	26	0	0	0	0
635010	27	0	0	0	0
635010	28	0	0	0	0
635010	29	0	0	0	0
635010	30	0	0	0	0
635010	31	0	0	0	0
635010	32	0	0	0	0
635010	33	0	0	0	0
635010	34	0	0	0	0
635010	35	0	0	0	0
635010	36	0	0	0	0
635010	37	0	0	0	0
635010	38	0	0	0	0
635010	39	0	0	0	0
635010	40	0	0	0	0
635010	41	0	0	0	0
635010	42	0	0	0	0
635010	43	0	0	0	0
635010	44	0	0	0	0
635010	45	0	0	0	0
635010	46	0	0	0	0
635010	47	0	0	0	0
635010	48	0	0	0	0
635010	49	0	0	0	0
635010	50	0	0	0	0
635010	51	0	0	0	0
635010	52	0	0	0	0
635010	53	0	0	0	0
635010	54	0	0	0	0
635010	55	0	0	0	0
635010	56	0	0	0	0
635010	57	0	0	0	0
635010	58	0	0	0	0
635010	59	0	0	0	0
635010	60	0	0	0	0
635010	61	0	0	0	0
635020	23	0	0	0	0
635020	24	0	0	0	0
635020	25	0	0	0	0
635020	26	0	0	0	0
635020	27	0	0	0	0
635020	28	0	0	0	0
635020	29	0	0	0	0
635020	30	0	0	0	0
635020	31	0	0	0	0
635020	32	0	0	0	0
635020	33	0	0	0	0
635020	34	0	0	0	0
635020	35	0	0	0	0
635020	36	0	0	0	0
635020	37	0	0	0	0
635020	38	0	0	0	0
635020	39	0	0	0	0
635020	40	0	0	0	0
635020	41	0	0	0	0
635020	42	0	0	0	0
635020	43	0	0	0	0
635020	44	0	0	0	0
635020	45	0	0	0	0
635020	46	0	0	0	0
635020	47	0	0	0	0
635020	48	0	0	0	0
635020	49	0	0	0	0
635020	50	0	0	0	0
635020	51	0	0	0	0
635020	52	0	0	0	0
635020	53	0	0	0	0
635020	54	0	0	0	0
635020	55	0	0	0	0
635020	56	0	0	0	0
635020	57	0	0	0	0
635020	58	0	0	0	0
635020	59	0	0	0	0
635020	60	0	0	0	0
635020	61	0	0	0	0
660000	23	0	0	0	0
660000	24	0	0	0	0
660000	25	0	0	0	0
660000	26	0	0	0	0
660000	27	0	0	0	0
660000	28	0	0	0	0
660000	29	0	0	0	0
660000	30	0	0	0	0
660000	31	0	0	0	0
660000	32	0	0	0	0
660000	33	0	0	0	0
660000	34	0	0	0	0
660000	35	0	0	0	0
660000	36	0	0	0	0
660000	37	0	0	0	0
660000	38	0	0	0	0
660000	39	0	0	0	0
660000	40	0	0	0	0
660000	41	0	0	0	0
660000	42	0	0	0	0
660000	43	0	0	0	0
660000	44	0	0	0	0
660000	45	0	0	0	0
660000	46	0	0	0	0
660000	47	0	0	0	0
660000	48	0	0	0	0
660000	49	0	0	0	0
660000	50	0	0	0	0
660000	51	0	0	0	0
660000	52	0	0	0	0
660000	53	0	0	0	0
660000	54	0	0	0	0
660000	55	0	0	0	0
660000	56	0	0	0	0
660000	57	0	0	0	0
660000	58	0	0	0	0
660000	59	0	0	0	0
660000	60	0	0	0	0
660000	61	0	0	0	0
660010	23	0	0	0	0
660020	23	0	0	0	0
700000	23	0	0	0	0
710000	23	0	0	0	0
710100	23	0	0	0	0
710200	23	0	0	0	0
820000	23	0	0	0	0
820010	23	0	0	0	0
820020	23	0	0	0	0
820020	24	0	0	0	0
820020	25	0	0	0	0
820020	26	0	0	0	0
820020	27	0	0	0	0
820020	28	0	0	0	0
820020	29	0	0	0	0
820020	30	0	0	0	0
820020	31	0	0	0	0
820020	32	0	0	0	0
820020	33	0	0	0	0
820020	34	0	0	0	0
820020	35	0	0	0	0
820020	36	0	0	0	0
820020	37	0	0	0	0
820020	38	0	0	0	0
820020	39	0	0	0	0
820020	40	0	0	0	0
820020	41	0	0	0	0
820020	42	0	0	0	0
820020	43	0	0	0	0
820020	44	0	0	0	0
820020	45	0	0	0	0
820020	46	0	0	0	0
820020	47	0	0	0	0
820020	48	0	0	0	0
820020	49	0	0	0	0
820020	50	0	0	0	0
820020	51	0	0	0	0
820020	52	0	0	0	0
820020	53	0	0	0	0
820020	54	0	0	0	0
820020	55	0	0	0	0
820020	56	0	0	0	0
820020	57	0	0	0	0
820020	58	0	0	0	0
820020	59	0	0	0	0
820020	60	0	0	0	0
820020	61	0	0	0	0
820010	24	0	0	0	0
820010	25	0	0	0	0
820010	26	0	0	0	0
820010	27	0	0	0	0
820010	28	0	0	0	0
820010	29	0	0	0	0
820010	30	0	0	0	0
820010	31	0	0	0	0
820010	32	0	0	0	0
820010	33	0	0	0	0
820010	34	0	0	0	0
820010	35	0	0	0	0
820010	36	0	0	0	0
820010	37	0	0	0	0
820010	38	0	0	0	0
820010	39	0	0	0	0
820010	40	0	0	0	0
820010	41	0	0	0	0
820010	42	0	0	0	0
820010	43	0	0	0	0
820010	44	0	0	0	0
820010	45	0	0	0	0
820010	46	0	0	0	0
820010	47	0	0	0	0
820010	48	0	0	0	0
820010	49	0	0	0	0
820010	50	0	0	0	0
820010	51	0	0	0	0
820010	52	0	0	0	0
820010	53	0	0	0	0
820010	54	0	0	0	0
820010	55	0	0	0	0
820010	56	0	0	0	0
820010	57	0	0	0	0
820010	58	0	0	0	0
820010	59	0	0	0	0
820010	60	0	0	0	0
820010	61	0	0	0	0
820000	24	0	0	0	0
820000	25	0	0	0	0
820000	26	0	0	0	0
820000	27	0	0	0	0
820000	28	0	0	0	0
820000	29	0	0	0	0
820000	30	0	0	0	0
820000	31	0	0	0	0
820000	32	0	0	0	0
820000	33	0	0	0	0
820000	34	0	0	0	0
820000	35	0	0	0	0
820000	36	0	0	0	0
820000	37	0	0	0	0
820000	38	0	0	0	0
820000	39	0	0	0	0
820000	40	0	0	0	0
820000	41	0	0	0	0
820000	42	0	0	0	0
820000	43	0	0	0	0
820000	44	0	0	0	0
820000	45	0	0	0	0
820000	46	0	0	0	0
820000	47	0	0	0	0
820000	48	0	0	0	0
820000	49	0	0	0	0
820000	50	0	0	0	0
820000	51	0	0	0	0
820000	52	0	0	0	0
820000	53	0	0	0	0
820000	54	0	0	0	0
820000	55	0	0	0	0
820000	56	0	0	0	0
820000	57	0	0	0	0
820000	58	0	0	0	0
820000	59	0	0	0	0
820000	60	0	0	0	0
820000	61	0	0	0	0
710200	24	0	0	0	0
710200	25	0	0	0	0
710200	26	0	0	0	0
710200	27	0	0	0	0
710200	28	0	0	0	0
710200	29	0	0	0	0
710200	30	0	0	0	0
710200	31	0	0	0	0
710200	32	0	0	0	0
710200	33	0	0	0	0
710200	34	0	0	0	0
710200	35	0	0	0	0
710200	36	0	0	0	0
710200	37	0	0	0	0
710200	38	0	0	0	0
710200	39	0	0	0	0
710200	40	0	0	0	0
710200	41	0	0	0	0
710200	42	0	0	0	0
710200	43	0	0	0	0
710200	44	0	0	0	0
710200	45	0	0	0	0
710200	46	0	0	0	0
710200	47	0	0	0	0
710200	48	0	0	0	0
710200	49	0	0	0	0
710200	50	0	0	0	0
710200	51	0	0	0	0
710200	52	0	0	0	0
710200	53	0	0	0	0
710200	54	0	0	0	0
710200	55	0	0	0	0
710200	56	0	0	0	0
710200	57	0	0	0	0
710200	58	0	0	0	0
710200	59	0	0	0	0
710200	60	0	0	0	0
710200	61	0	0	0	0
710100	24	0	0	0	0
710100	25	0	0	0	0
710100	26	0	0	0	0
710100	27	0	0	0	0
710100	28	0	0	0	0
710100	29	0	0	0	0
710100	30	0	0	0	0
710100	31	0	0	0	0
710100	32	0	0	0	0
710100	33	0	0	0	0
710100	34	0	0	0	0
710100	35	0	0	0	0
710100	36	0	0	0	0
710100	37	0	0	0	0
710100	38	0	0	0	0
710100	39	0	0	0	0
710100	40	0	0	0	0
710100	41	0	0	0	0
710100	42	0	0	0	0
710100	43	0	0	0	0
710100	44	0	0	0	0
710100	45	0	0	0	0
710100	46	0	0	0	0
710100	47	0	0	0	0
710100	48	0	0	0	0
710100	49	0	0	0	0
710100	50	0	0	0	0
710100	51	0	0	0	0
710100	52	0	0	0	0
710100	53	0	0	0	0
710100	54	0	0	0	0
710100	55	0	0	0	0
710100	56	0	0	0	0
710100	57	0	0	0	0
710100	58	0	0	0	0
710100	59	0	0	0	0
710100	60	0	0	0	0
710100	61	0	0	0	0
710000	24	0	0	0	0
710000	25	0	0	0	0
710000	26	0	0	0	0
710000	27	0	0	0	0
710000	28	0	0	0	0
710000	29	0	0	0	0
710000	30	0	0	0	0
710000	31	0	0	0	0
710000	32	0	0	0	0
710000	33	0	0	0	0
710000	34	0	0	0	0
710000	35	0	0	0	0
710000	36	0	0	0	0
710000	37	0	0	0	0
710000	38	0	0	0	0
710000	39	0	0	0	0
710000	40	0	0	0	0
710000	41	0	0	0	0
710000	42	0	0	0	0
710000	43	0	0	0	0
710000	44	0	0	0	0
710000	45	0	0	0	0
710000	46	0	0	0	0
710000	47	0	0	0	0
710000	48	0	0	0	0
710000	49	0	0	0	0
710000	50	0	0	0	0
710000	51	0	0	0	0
710000	52	0	0	0	0
710000	53	0	0	0	0
710000	54	0	0	0	0
710000	55	0	0	0	0
710000	56	0	0	0	0
710000	57	0	0	0	0
710000	58	0	0	0	0
710000	59	0	0	0	0
710000	60	0	0	0	0
710000	61	0	0	0	0
700000	24	0	0	0	0
700000	25	0	0	0	0
700000	26	0	0	0	0
700000	27	0	0	0	0
700000	28	0	0	0	0
700000	29	0	0	0	0
700000	30	0	0	0	0
700000	31	0	0	0	0
700000	32	0	0	0	0
700000	33	0	0	0	0
700000	34	0	0	0	0
700000	35	0	0	0	0
700000	36	0	0	0	0
700000	37	0	0	0	0
700000	38	0	0	0	0
700000	39	0	0	0	0
700000	40	0	0	0	0
700000	41	0	0	0	0
700000	42	0	0	0	0
700000	43	0	0	0	0
700000	44	0	0	0	0
700000	45	0	0	0	0
700000	46	0	0	0	0
700000	47	0	0	0	0
700000	48	0	0	0	0
700000	49	0	0	0	0
700000	50	0	0	0	0
700000	51	0	0	0	0
700000	52	0	0	0	0
700000	53	0	0	0	0
700000	54	0	0	0	0
700000	55	0	0	0	0
700000	56	0	0	0	0
700000	57	0	0	0	0
700000	58	0	0	0	0
700000	59	0	0	0	0
700000	60	0	0	0	0
700000	61	0	0	0	0
660020	24	0	0	0	0
660020	25	0	0	0	0
660020	26	0	0	0	0
660020	27	0	0	0	0
660020	28	0	0	0	0
660020	29	0	0	0	0
660020	30	0	0	0	0
660020	31	0	0	0	0
660020	32	0	0	0	0
660020	33	0	0	0	0
660020	34	0	0	0	0
660020	35	0	0	0	0
660020	36	0	0	0	0
660020	37	0	0	0	0
660020	38	0	0	0	0
660020	39	0	0	0	0
660020	40	0	0	0	0
660020	41	0	0	0	0
660020	42	0	0	0	0
660020	43	0	0	0	0
660020	44	0	0	0	0
660020	45	0	0	0	0
660020	46	0	0	0	0
660020	47	0	0	0	0
660020	48	0	0	0	0
660020	49	0	0	0	0
660020	50	0	0	0	0
660020	51	0	0	0	0
660020	52	0	0	0	0
660020	53	0	0	0	0
660020	54	0	0	0	0
660020	55	0	0	0	0
660020	56	0	0	0	0
660020	57	0	0	0	0
660020	58	0	0	0	0
660020	59	0	0	0	0
660020	60	0	0	0	0
660020	61	0	0	0	0
660010	24	0	0	0	0
660010	25	0	0	0	0
660010	26	0	0	0	0
660010	27	0	0	0	0
660010	28	0	0	0	0
660010	29	0	0	0	0
660010	30	0	0	0	0
660010	31	0	0	0	0
660010	32	0	0	0	0
660010	33	0	0	0	0
660010	34	0	0	0	0
660010	35	0	0	0	0
660010	36	0	0	0	0
660010	37	0	0	0	0
660010	38	0	0	0	0
660010	39	0	0	0	0
660010	40	0	0	0	0
660010	41	0	0	0	0
660010	42	0	0	0	0
660010	43	0	0	0	0
660010	44	0	0	0	0
660010	45	0	0	0	0
660010	46	0	0	0	0
660010	47	0	0	0	0
660010	48	0	0	0	0
660010	49	0	0	0	0
660010	50	0	0	0	0
660010	51	0	0	0	0
660010	52	0	0	0	0
660010	53	0	0	0	0
660010	54	0	0	0	0
660010	55	0	0	0	0
660010	56	0	0	0	0
660010	57	0	0	0	0
660010	58	0	0	0	0
660010	59	0	0	0	0
660010	60	0	0	0	0
660010	61	0	0	0	0
100000	62	0	0	0	0
200000	62	0	0	0	0
210000	62	0	0	0	0
220000	62	0	0	0	0
230000	62	0	0	0	0
235000	62	0	0	0	0
240000	62	0	0	0	0
240010	62	0	0	0	0
240020	62	0	0	0	0
240030	62	0	0	0	0
250000	62	0	0	0	0
270000	62	0	0	0	0
275000	62	0	0	0	0
280000	62	0	0	0	0
285000	62	0	0	0	0
290000	62	0	0	0	0
300000	62	0	0	0	0
305000	62	0	0	0	0
310000	62	0	0	0	0
315000	62	0	0	0	0
320000	62	0	0	0	0
325000	62	0	0	0	0
330000	62	0	0	0	0
335000	62	0	0	0	0
340000	62	0	0	0	0
345000	62	0	0	0	0
350000	62	0	0	0	0
355000	62	0	0	0	0
360000	62	0	0	0	0
365000	62	0	0	0	0
370000	62	0	0	0	0
375000	62	0	0	0	0
380000	62	0	0	0	0
380010	62	0	0	0	0
380020	62	0	0	0	0
385000	62	0	0	0	0
390000	62	0	0	0	0
395000	62	0	0	0	0
400000	62	0	0	0	0
405000	62	0	0	0	0
415000	62	0	0	0	0
415010	62	0	0	0	0
415020	62	0	0	0	0
415030	62	0	0	0	0
415040	62	0	0	0	0
420000	62	0	0	0	0
430000	62	0	0	0	0
435000	62	0	0	0	0
438000	62	0	0	0	0
440000	62	0	0	0	0
445000	62	0	0	0	0
450000	62	0	0	0	0
455000	62	0	0	0	0
460000	62	0	0	0	0
465000	62	0	0	0	0
465010	62	0	0	0	0
465020	62	0	0	0	0
466000	62	0	0	0	0
466010	62	0	0	0	0
466020	62	0	0	0	0
480000	62	0	0	0	0
485000	62	0	0	0	0
490000	62	0	0	0	0
510000	62	0	0	0	0
520000	62	0	0	0	0
540000	62	0	0	0	0
550000	62	0	0	0	0
560000	62	0	0	0	0
570000	62	0	0	0	0
610000	62	0	0	0	0
610010	62	0	0	0	0
610020	62	0	0	0	0
615000	62	0	0	0	0
615010	62	0	0	0	0
615020	62	0	0	0	0
620000	62	0	0	0	0
620010	62	0	0	0	0
620020	62	0	0	0	0
625000	62	0	0	0	0
625010	62	0	0	0	0
625020	62	0	0	0	0
630000	62	0	0	0	0
630010	62	0	0	0	0
630020	62	0	0	0	0
635000	62	0	0	0	0
635010	62	0	0	0	0
635020	62	0	0	0	0
660000	62	0	0	0	0
660010	62	0	0	0	0
660020	62	0	0	0	0
700000	62	0	0	0	0
710000	62	0	0	0	0
710100	62	0	0	0	0
710200	62	0	0	0	0
720000	62	0	0	0	0
740000	62	0	0	0	0
750000	62	0	0	0	0
760000	62	0	0	0	0
770000	62	0	0	0	0
800000	62	0	0	0	0
805000	62	0	0	0	0
810000	62	0	0	0	0
820000	62	0	0	0	0
820010	62	0	0	0	0
820020	62	0	0	0	0
840000	62	0	0	0	0
841000	62	0	0	0	0
842000	62	0	0	0	0
900000	62	0	0	0	0
910000	62	0	0	0	0
920000	62	0	0	0	0
920010	62	0	0	0	0
920020	62	0	0	0	0
925000	62	0	0	0	0
930000	62	0	0	0	0
935000	62	0	0	0	0
940000	62	0	0	0	0
940010	62	0	0	0	0
940020	62	0	0	0	0
950000	62	0	0	0	0
951000	62	0	0	0	0
999000	62	0	0	0	0
1	62	0	0	0	0
215000	62	0	0	0	0
\.


--
-- Data for TOC entry 531 (OID 36477)
-- Name: contractbom; Type: TABLE DATA; Schema: public; Owner: weberp_db_user
--

COPY contractbom (contractref, component, workcentreadded, loccode, quantity) FROM stdin;
\.


--
-- Data for TOC entry 532 (OID 36487)
-- Name: debtorsmaster; Type: TABLE DATA; Schema: public; Owner: weberp_db_user
--

COPY debtorsmaster (debtorno, name, address1, address2, address3, address4, currcode, salestype, clientsince, holdreason, paymentterms, discount, pymtdiscount, lastpaid, lastpaiddate, creditlimit, invaddrbranch, discountcode, ediinvoices, ediorders, edireference, editransport, ediaddress, ediserveruser, ediserverpwd, taxref) FROM stdin;
TEST	test	dssd	sd sd 	 dsad asd asd 	asd asd 	ZAR	WS	2004-12-31 00:00:00	20	7	0.0000	0.0000	3.5000	2005-01-03 00:00:00	1000	0		0	0		email				\N
CUST01	Customer One	Na	Na	Na	Na	ZAR	WS	2004-12-03 00:00:00	20	7	0.0000	0.0000	60.0000	2004-12-05 00:00:00	1000	0		0	0		email				12345678901234567890
FREDBLOGG	Fred Bloggs and partners	23 Bald Hill Terraces	Guinnesston 	Ireland		EUR	WS	2005-01-15 00:00:00	20	30	0.0000	0.0000	0.0000	\N	10000	0		0	0		email				dsf-212321
\.


--
-- Data for TOC entry 533 (OID 36516)
-- Name: custbranch; Type: TABLE DATA; Schema: public; Owner: weberp_db_user
--

COPY custbranch (branchcode, debtorno, brname, braddress1, braddress2, braddress3, braddress4, estdeliverydays, area, salesman, fwddate, phoneno, faxno, contactname, email, defaultlocation, taxauthority, defaultshipvia, disabletrans, brpostaddr1, brpostaddr2, brpostaddr3, brpostaddr4, custbranchcode) FROM stdin;
CUST01	CUST01	Customer	Na	Na	Na	Na	5	ZA	GEN	0	NA	NA	Testy	NA	CPT	1	1	0	NA	Na	Na	Na	NA
FREDBLOGG	FREDBLOGG	Fred Bloggs and partners	23 Bald Hill Terraces	Guinnesston 	Ireland		12	EU	REF	0			Walter Bloggs		CPT	1	1	0					
\.


--
-- Data for TOC entry 534 (OID 36545)
-- Name: contracts; Type: TABLE DATA; Schema: public; Owner: weberp_db_user
--

COPY contracts (contractref, contractdescription, debtorno, branchcode, status, categoryid, typeabbrev, orderno, quotedpricefx, margin, woref, requireddate, canceldate, quantityreqd, specifications, datequoted, units, drawing, rate) FROM stdin;
\.


--
-- Data for TOC entry 535 (OID 36566)
-- Name: contractreqts; Type: TABLE DATA; Schema: public; Owner: weberp_db_user
--

COPY contractreqts (contractreqid, contract, component, quantity, priceperunit) FROM stdin;
\.


--
-- Data for TOC entry 536 (OID 36578)
-- Name: salesorders; Type: TABLE DATA; Schema: public; Owner: weberp_db_user
--

COPY salesorders (orderno, debtorno, branchcode, customerref, buyername, comments, orddate, ordertype, shipvia, deladd1, deladd2, deladd3, deladd4, contactphone, contactemail, deliverto, freightcost, fromstkloc, deliverydate, printedpackingslip, datepackingslipprinted, quotation) FROM stdin;
1	CUST01	CUST01	REF01	\N		2004-12-03	WS	2	N/a	N/a	N/a	N/a	N/A		Customer	50.00	CPT	2004-12-04	0	\N	\N
2	CUST01	CUST01	REF01	\N	 Inv 4	2004-12-03	WS	2	N/a	N/a	N/a	N/a	N/A		Customer	50.00	CPT	2004-12-04	1	2004-04-12	\N
4	CUST01	CUST01	REFC01	\N	\N	2004-12-04	WS	1	Na	Na	Na	Na	NA	NA	Customer	0.00	CPT	2004-12-05	0	\N	\N
5	CUST01	CUST01		\N	 Inv 10	2005-01-13	WS	1	Na	Na	Na	Na	NA		Customer	0.00	CPT	2005-01-14	1	2005-01-13	\N
7	CUST01	CUST01		\N	 Inv 11	2005-01-14	WS	1	Na	Na	Na	Na	NA	NA	Customer	0.00	CPT	2005-01-15	1	2005-01-14	0
6	CUST01	CUST01		\N	 Inv 12	2005-01-13	WS	1	Na	Na	Na	Na	NA	NA	Customer	0.00	CPT	2005-01-14	0	\N	0
\.


--
-- Data for TOC entry 537 (OID 36597)
-- Name: orderdeliverydifferenceslog; Type: TABLE DATA; Schema: public; Owner: weberp_db_user
--

COPY orderdeliverydifferenceslog (orderno, invoiceno, stockid, quantitydiff, debtorno, branch, can_or_bo) FROM stdin;
\.


--
-- Data for TOC entry 538 (OID 36609)
-- Name: salesorderdetails; Type: TABLE DATA; Schema: public; Owner: weberp_db_user
--

COPY salesorderdetails (orderno, stkcode, qtyinvoiced, unitprice, quantity, estimate, discountpercent, actualdispatchdate, completed, narrative) FROM stdin;
2	DEVDB	15.0000	40.0000	15.0000	0	0.0000	2004-12-07 00:00:00	1	
4	*5_1	2.0000	30.0000	2.0000	0	0.0000	2004-12-08 00:00:00	1	
5	PHIS01	12.0000	60.0000	12.0000	0	0.0350	2005-01-14 00:00:00	1	
7	DEVDB	24.2000	40.0000	24.2000	0	0.0000	2005-02-07 00:00:00	1	
6	DEVDB	6.5000	40.0000	6.5000	0	0.2500	2005-02-07 00:00:00	1	
6	PHIS02	6.0000	70.0000	6.0000	0	0.0000	2005-02-07 00:00:00	1	
\.


--
-- Data for TOC entry 539 (OID 36624)
-- Name: debtortrans; Type: TABLE DATA; Schema: public; Owner: weberp_db_user
--

COPY debtortrans (id, transno, "type", debtorno, branchcode, trandate, prd, settled, reference, tpe, order_, rate, ovamount, ovgst, ovfreight, ovdiscount, diffonexch, alloc, invtext, shipvia, edisent, consignment) FROM stdin;
2	1	11	CUST01	CUST01	2004-12-05 00:00:00	60	0		WS	0	1.000000	-60	0	0	0	0	0			0	
3	2	11	CUST01	CUST01	2004-12-05 00:00:00	60	0		WS	0	1.000000	-70	0	0	0	0	0			0	
5	4	12	CUST01		2004-12-05 00:00:00	60	0	Cheques CHK_CL_002		0	1.000000	-60	0	0	0	0	0	REMOTE BANK		0	
4	4	12	CUST01		2004-12-05 00:00:00	60	0	Cheques CHK_CL_001		0	1.000000	-70	0	0	0	0	0	REMOTE BANK		0	
8	4	10	CUST01	CUST01	2004-12-07 00:00:00	60	0		WS	2	1.000000	600	0	50	0	0	0		2	0	
10	6	10	CUST01	CUST01	2004-12-08 00:00:00	60	0		WS	4	1.000000	60	0	0	0	0	0		1	0	
11	5	12	TEST		2005-01-03 00:00:00	61	0	Cheques Testing receipts		0	1.000000	-3.5	0	0	-0.12	0	0			0	
15	10	10	CUST01	CUST01	2005-01-14 00:00:00	61	0		WS	5	1.000000	694.79999999999995	0	0	0	0	0		1	0	
16	11	10	CUST01	CUST01	2005-02-07 00:00:00	62	0		WS	7	1.000000	968	0	0	0	0	0		1	0	
17	12	10	CUST01	CUST01	2005-02-07 00:00:00	62	0		WS	6	1.000000	615	0	0	0	0	0		1	0	
\.


--
-- Data for TOC entry 540 (OID 36651)
-- Name: custallocns; Type: TABLE DATA; Schema: public; Owner: weberp_db_user
--

COPY custallocns (id, amt, datealloc, transid_allocfrom, transid_allocto) FROM stdin;
\.


--
-- Data for TOC entry 541 (OID 36657)
-- Name: areas; Type: TABLE DATA; Schema: public; Owner: weberp_db_user
--

COPY areas (areacode, areadescription) FROM stdin;
ZA	South Africa
EU	Europe
\.


--
-- Data for TOC entry 542 (OID 36715)
-- Name: recurringsalesorders; Type: TABLE DATA; Schema: public; Owner: weberp_db_user
--

COPY recurringsalesorders (recurrorderno, debtorno, branchcode, customerref, buyername, comments, orddate, ordertype, shipvia, deladd1, deladd2, deladd3, deladd4, contactphone, contactemail, deliverto, freightcost, fromstkloc, deliverydate, lastrecurrence, frequency, stopdate, autoinvoice) FROM stdin;
1	FREDBLOGG	FREDBLOGG		\N		2005-01-17	WS	0	23 Bald Hill Terraces	Guinnesston 	Ireland				Fred Bloggs and partners	0.00	CPT	2005-01-18	2005-01-17	52	2006-01-18	0
\.


--
-- Data for TOC entry 543 (OID 36735)
-- Name: recurrsalesorderdetails; Type: TABLE DATA; Schema: public; Owner: weberp_db_user
--

COPY recurrsalesorderdetails (recurrorderno, stkcode, unitprice, quantity, discountpercent, narrative) FROM stdin;
1	*5_1	25.3300	1.0000	0.0000	
\.


--
-- Data for TOC entry 544 (OID 36747)
-- Name: accountsection; Type: TABLE DATA; Schema: public; Owner: weberp_db_user
--

COPY accountsection (sectionid, sectionname) FROM stdin;
1	Income
2	Cost of Sales
10	Fixed Assets
20	Accounts Receivable
30	Amounts Payable
5	Overheads
50	Financed By
\.


--
-- Data for TOC entry 545 (OID 36754)
-- Name: securityroles; Type: TABLE DATA; Schema: public; Owner: weberp_db_user
--

COPY securityroles (secroleid, secrolename) FROM stdin;
1	Inquiries/Order Entry
2	Manufac/Stock Admin
3	Purchasing Officer
4	AP Clerk
5	AR Clerk
6	Accountant
7	Customer Log On Only
8	System Administrator
\.


--
-- Data for TOC entry 546 (OID 36760)
-- Name: securitytokens; Type: TABLE DATA; Schema: public; Owner: weberp_db_user
--

COPY securitytokens (tokenid, tokenname) FROM stdin;
9	Ledger Maintenance and Manufacturing
1	Menu and order entry only
2	Inventory, AR & AP inquiries & reports 
3	AR setup customers, areas, receipts, allocations, credit notes, salesfolk, credit status
4	PO Entry, Purchasing data & reorder levels
5	AP Invoice, Credit, Payment entry. Supplier maintenance
6	Not used
7	Bank reconciliations
10	GL Journals, COA, sales/COGS GL postings, terms, cost update, company prefs
11	Pricing & Inventory locations, categories, receiving & adjustments 
15	User management, System Admin setup & utilities
12	No Used
14	Not Used
13	Not Used
8	GL Journals, COA, sales/COGS GL postings, terms, cost update, company prefs
\.


--
-- Data for TOC entry 547 (OID 36765)
-- Name: securitygroups; Type: TABLE DATA; Schema: public; Owner: weberp_db_user
--

COPY securitygroups (secroleid, tokenid) FROM stdin;
1	1
1	2
2	1
2	2
3	1
3	2
3	3
3	4
3	5
3	11
4	1
4	2
4	5
5	1
5	2
5	3
5	11
6	1
6	2
6	3
6	4
6	5
6	6
6	7
6	8
6	9
6	10
6	11
7	1
8	1
8	2
8	3
8	4
8	5
8	6
8	7
8	8
8	9
8	10
8	11
8	12
8	13
8	14
8	15
4	13
2	11
\.


--
-- Data for TOC entry 548 (OID 36769)
-- Name: paymentmethods; Type: TABLE DATA; Schema: public; Owner: weberp_db_user
--

COPY paymentmethods (paymentid, paymentname, paymenttype, receipttype) FROM stdin;
1	Cheque	1	1
2	Cash	1	1
3	Direct Credit	1	1
\.


--
-- Data for TOC entry 549 (OID 36779)
-- Name: unitsofmeasure; Type: TABLE DATA; Schema: public; Owner: weberp_db_user
--

COPY unitsofmeasure (unitid, unitname) FROM stdin;
2	metres
3	kgs
4	litres
5	length
6	pack
1	each
\.


--
-- Data for TOC entry 550 (OID 36785)
-- Name: config; Type: TABLE DATA; Schema: public; Owner: weberp_db_user
--

COPY config (confname, confvalue) FROM stdin;
DefaultDateFormat	d/m/Y
PastDueDays1	30
PastDueDays2	60
DefaultCreditLimit	1000
Show_Settled_LastMonth	1
RomalpaClause	Ownership will not pass to the buyer until the goods have been paid for in full.
QuickEntries	10
DispatchCutOffTime	14
AllowSalesOfZeroCostItems	0
CreditingControlledItems_MustExist	0
DefaultPriceList	WS
Default_Shipper	1
DoFreightCalc	0
FreightChargeAppliesIfLessThan	1000
DefaultTaxLevel	1
TaxAuthorityReferenceName	Tax Ref
NumberOfPeriodsOfStockUsage	12
Check_Qty_Charged_vs_Del_Qty	1
Check_Price_Charged_vs_Order_Price	1
OverChargeProportion	30
OverReceiveProportion	20
PO_AllowSameItemMultipleTimes	1
YearEnd	3
PageLength	48
part_pics_dir	part_pics
MaxImageSize	300
reports_dir	reports
EDIHeaderMsgId	D:01B:UN:EAN010
EDIReference	WEBERP
EDI_MsgPending	EDI_Pending
EDI_MsgSent	EDI_Sent
EDI_Incoming_Orders	EDI_Incoming_Orders
DefaultDisplayRecordsMax	50
RadioBeaconStockLocation	BL
RadioBeaconHomeDir	/home/RadioBeacon
RadioBeaconFileCounter	/home/RadioBeacon/FileCounter
RadioBreaconFilePrefix	ORDXX
RadioBraconFTP_server	192.168.2.2
RadioBeaconFTP_user_name	RadioBeacon ftp server user name
RadionBeaconFTP_user_pass	Radio Beacon remote ftp server password
CountryOfOperation	EUR
DefaultTheme	professional
\.


--
-- TOC entry 128 (OID 45103)
-- Name: idxsequenceintb; Type: INDEX; Schema: public; Owner: weberp_db_user
--

CREATE INDEX idxsequenceintb ON accountgroups USING btree (sequenceintb);


--
-- TOC entry 327 (OID 45104)
-- Name: idxbomcomponent; Type: INDEX; Schema: public; Owner: weberp_db_user
--

CREATE INDEX idxbomcomponent ON bom USING btree (component);


--
-- TOC entry 330 (OID 45105)
-- Name: idxeffectiveafter; Type: INDEX; Schema: public; Owner: weberp_db_user
--

CREATE INDEX idxeffectiveafter ON bom USING btree (effectiveafter);


--
-- TOC entry 331 (OID 45106)
-- Name: idxeffectiveto; Type: INDEX; Schema: public; Owner: weberp_db_user
--

CREATE INDEX idxeffectiveto ON bom USING btree (effectiveto);


--
-- TOC entry 328 (OID 45107)
-- Name: idxbomloccode; Type: INDEX; Schema: public; Owner: weberp_db_user
--

CREATE INDEX idxbomloccode ON bom USING btree (loccode);


--
-- TOC entry 332 (OID 45108)
-- Name: idxparent; Type: INDEX; Schema: public; Owner: weberp_db_user
--

CREATE INDEX idxparent ON bom USING btree (parent, effectiveafter, effectiveto, loccode);


--
-- TOC entry 333 (OID 45109)
-- Name: idxparent_2; Type: INDEX; Schema: public; Owner: weberp_db_user
--

CREATE INDEX idxparent_2 ON bom USING btree (parent);


--
-- TOC entry 329 (OID 45110)
-- Name: idxbomworkcentreadded; Type: INDEX; Schema: public; Owner: weberp_db_user
--

CREATE INDEX idxbomworkcentreadded ON bom USING btree (workcentreadded);


--
-- TOC entry 335 (OID 45111)
-- Name: idxbankaccountname; Type: INDEX; Schema: public; Owner: weberp_db_user
--

CREATE INDEX idxbankaccountname ON bankaccounts USING btree (bankaccountname);


--
-- TOC entry 336 (OID 45112)
-- Name: idxbankaccountnumber; Type: INDEX; Schema: public; Owner: weberp_db_user
--

CREATE INDEX idxbankaccountnumber ON bankaccounts USING btree (bankaccountnumber);


--
-- TOC entry 338 (OID 45113)
-- Name: idxbankact; Type: INDEX; Schema: public; Owner: weberp_db_user
--

CREATE INDEX idxbankact ON banktrans USING btree (bankact, ref);


--
-- TOC entry 342 (OID 45114)
-- Name: idxtransdate; Type: INDEX; Schema: public; Owner: weberp_db_user
--

CREATE INDEX idxtransdate ON banktrans USING btree (transdate);


--
-- TOC entry 340 (OID 45115)
-- Name: idxbttranstype; Type: INDEX; Schema: public; Owner: weberp_db_user
--

CREATE INDEX idxbttranstype ON banktrans USING btree (banktranstype);


--
-- TOC entry 341 (OID 45116)
-- Name: idxbttype; Type: INDEX; Schema: public; Owner: weberp_db_user
--

CREATE INDEX idxbttype ON banktrans USING btree ("type", transno);


--
-- TOC entry 339 (OID 45117)
-- Name: idxbtcurrcode; Type: INDEX; Schema: public; Owner: weberp_db_user
--

CREATE INDEX idxbtcurrcode ON banktrans USING btree (currcode);


--
-- TOC entry 345 (OID 45118)
-- Name: idxbworkcentre; Type: INDEX; Schema: public; Owner: weberp_db_user
--

CREATE INDEX idxbworkcentre ON buckets USING btree (workcentre);


--
-- TOC entry 344 (OID 45119)
-- Name: idxavaildate; Type: INDEX; Schema: public; Owner: weberp_db_user
--

CREATE INDEX idxavaildate ON buckets USING btree (availdate);


--
-- TOC entry 131 (OID 45120)
-- Name: idxcparea; Type: INDEX; Schema: public; Owner: weberp_db_user
--

CREATE INDEX idxcparea ON cogsglpostings USING btree (area);


--
-- TOC entry 134 (OID 45121)
-- Name: idxcpstkcat; Type: INDEX; Schema: public; Owner: weberp_db_user
--

CREATE INDEX idxcpstkcat ON cogsglpostings USING btree (stkcat);


--
-- TOC entry 132 (OID 45122)
-- Name: idxcpglcode; Type: INDEX; Schema: public; Owner: weberp_db_user
--

CREATE INDEX idxcpglcode ON cogsglpostings USING btree (glcode);


--
-- TOC entry 133 (OID 45123)
-- Name: idxcpsalestype; Type: INDEX; Schema: public; Owner: weberp_db_user
--

CREATE INDEX idxcpsalestype ON cogsglpostings USING btree (salestype);


--
-- TOC entry 135 (OID 45124)
-- Name: uidxcparea_stkcat; Type: INDEX; Schema: public; Owner: weberp_db_user
--

CREATE UNIQUE INDEX uidxcparea_stkcat ON cogsglpostings USING btree (area, stkcat, salestype);


--
-- TOC entry 347 (OID 45125)
-- Name: idxperiod; Type: INDEX; Schema: public; Owner: weberp_db_user
--

CREATE INDEX idxperiod ON chartdetails USING btree (period);


--
-- TOC entry 137 (OID 45126)
-- Name: idxaccountcode; Type: INDEX; Schema: public; Owner: weberp_db_user
--

CREATE INDEX idxaccountcode ON chartmaster USING btree (accountcode);


--
-- TOC entry 138 (OID 45127)
-- Name: idxaccountname; Type: INDEX; Schema: public; Owner: weberp_db_user
--

CREATE INDEX idxaccountname ON chartmaster USING btree (accountname);


--
-- TOC entry 139 (OID 45128)
-- Name: idxgroup_; Type: INDEX; Schema: public; Owner: weberp_db_user
--

CREATE INDEX idxgroup_ ON chartmaster USING btree (group_);


--
-- TOC entry 349 (OID 45129)
-- Name: idxcbcomponent; Type: INDEX; Schema: public; Owner: weberp_db_user
--

CREATE INDEX idxcbcomponent ON contractbom USING btree (component);


--
-- TOC entry 350 (OID 45130)
-- Name: idxcbloccode; Type: INDEX; Schema: public; Owner: weberp_db_user
--

CREATE INDEX idxcbloccode ON contractbom USING btree (loccode);


--
-- TOC entry 353 (OID 45131)
-- Name: idxcontractref; Type: INDEX; Schema: public; Owner: weberp_db_user
--

CREATE INDEX idxcontractref ON contractbom USING btree (contractref);


--
-- TOC entry 351 (OID 45132)
-- Name: idxcbworkcentreadded; Type: INDEX; Schema: public; Owner: weberp_db_user
--

CREATE INDEX idxcbworkcentreadded ON contractbom USING btree (workcentreadded);


--
-- TOC entry 352 (OID 45133)
-- Name: idxcbworkcentreadded_2; Type: INDEX; Schema: public; Owner: weberp_db_user
--

CREATE INDEX idxcbworkcentreadded_2 ON contractbom USING btree (workcentreadded);


--
-- TOC entry 380 (OID 45134)
-- Name: idxcontract; Type: INDEX; Schema: public; Owner: weberp_db_user
--

CREATE INDEX idxcontract ON contractreqts USING btree (contract);


--
-- TOC entry 375 (OID 45135)
-- Name: idxcorderno; Type: INDEX; Schema: public; Owner: weberp_db_user
--

CREATE INDEX idxcorderno ON contracts USING btree (orderno);


--
-- TOC entry 373 (OID 45136)
-- Name: idxccategoryid; Type: INDEX; Schema: public; Owner: weberp_db_user
--

CREATE INDEX idxccategoryid ON contracts USING btree (categoryid);


--
-- TOC entry 378 (OID 45137)
-- Name: idxstatus; Type: INDEX; Schema: public; Owner: weberp_db_user
--

CREATE INDEX idxstatus ON contracts USING btree (status);


--
-- TOC entry 376 (OID 45138)
-- Name: idxctypeabbrev; Type: INDEX; Schema: public; Owner: weberp_db_user
--

CREATE INDEX idxctypeabbrev ON contracts USING btree (typeabbrev);


--
-- TOC entry 377 (OID 45139)
-- Name: idxcworef; Type: INDEX; Schema: public; Owner: weberp_db_user
--

CREATE INDEX idxcworef ON contracts USING btree (woref);


--
-- TOC entry 374 (OID 45140)
-- Name: idxcdebtorno; Type: INDEX; Schema: public; Owner: weberp_db_user
--

CREATE INDEX idxcdebtorno ON contracts USING btree (debtorno, branchcode);


--
-- TOC entry 119 (OID 45141)
-- Name: idxcountry; Type: INDEX; Schema: public; Owner: weberp_db_user
--

CREATE INDEX idxcountry ON currencies USING btree (country);


--
-- TOC entry 409 (OID 45142)
-- Name: idxcadatealloc; Type: INDEX; Schema: public; Owner: weberp_db_user
--

CREATE INDEX idxcadatealloc ON custallocns USING btree (datealloc);


--
-- TOC entry 410 (OID 45143)
-- Name: idxcatransid_allocfrom; Type: INDEX; Schema: public; Owner: weberp_db_user
--

CREATE INDEX idxcatransid_allocfrom ON custallocns USING btree (transid_allocfrom);


--
-- TOC entry 411 (OID 45144)
-- Name: idxcatransid_allocto; Type: INDEX; Schema: public; Owner: weberp_db_user
--

CREATE INDEX idxcatransid_allocto ON custallocns USING btree (transid_allocto);


--
-- TOC entry 366 (OID 45145)
-- Name: idxcbbranchcode; Type: INDEX; Schema: public; Owner: weberp_db_user
--

CREATE INDEX idxcbbranchcode ON custbranch USING btree (branchcode);


--
-- TOC entry 363 (OID 45146)
-- Name: idxbrname; Type: INDEX; Schema: public; Owner: weberp_db_user
--

CREATE INDEX idxbrname ON custbranch USING btree (brname);


--
-- TOC entry 367 (OID 45147)
-- Name: idxcbdebtorno; Type: INDEX; Schema: public; Owner: weberp_db_user
--

CREATE INDEX idxcbdebtorno ON custbranch USING btree (debtorno);


--
-- TOC entry 371 (OID 45148)
-- Name: idxsalesman; Type: INDEX; Schema: public; Owner: weberp_db_user
--

CREATE INDEX idxsalesman ON custbranch USING btree (salesman);


--
-- TOC entry 364 (OID 45149)
-- Name: idxcbarea; Type: INDEX; Schema: public; Owner: weberp_db_user
--

CREATE INDEX idxcbarea ON custbranch USING btree (area);


--
-- TOC entry 365 (OID 45150)
-- Name: idxcbarea_2; Type: INDEX; Schema: public; Owner: weberp_db_user
--

CREATE INDEX idxcbarea_2 ON custbranch USING btree (area);


--
-- TOC entry 368 (OID 45151)
-- Name: idxcbdefaultlocation; Type: INDEX; Schema: public; Owner: weberp_db_user
--

CREATE INDEX idxcbdefaultlocation ON custbranch USING btree (defaultlocation);


--
-- TOC entry 369 (OID 45152)
-- Name: idxcbtaxauthority; Type: INDEX; Schema: public; Owner: weberp_db_user
--

CREATE INDEX idxcbtaxauthority ON custbranch USING btree (taxauthority);


--
-- TOC entry 370 (OID 45153)
-- Name: idxdefaultshipvia; Type: INDEX; Schema: public; Owner: weberp_db_user
--

CREATE INDEX idxdefaultshipvia ON custbranch USING btree (defaultshipvia);


--
-- TOC entry 398 (OID 45154)
-- Name: idxdtdebtorno; Type: INDEX; Schema: public; Owner: weberp_db_user
--

CREATE INDEX idxdtdebtorno ON debtortrans USING btree (debtorno, branchcode);


--
-- TOC entry 406 (OID 45155)
-- Name: idxorder_; Type: INDEX; Schema: public; Owner: weberp_db_user
--

CREATE INDEX idxorder_ ON debtortrans USING btree (order_);


--
-- TOC entry 399 (OID 45156)
-- Name: idxdtprd; Type: INDEX; Schema: public; Owner: weberp_db_user
--

CREATE INDEX idxdtprd ON debtortrans USING btree (prd);


--
-- TOC entry 407 (OID 45157)
-- Name: idxtpe; Type: INDEX; Schema: public; Owner: weberp_db_user
--

CREATE INDEX idxtpe ON debtortrans USING btree (tpe);


--
-- TOC entry 403 (OID 45158)
-- Name: idxdttype; Type: INDEX; Schema: public; Owner: weberp_db_user
--

CREATE INDEX idxdttype ON debtortrans USING btree ("type");


--
-- TOC entry 400 (OID 45159)
-- Name: idxdtsettled; Type: INDEX; Schema: public; Owner: weberp_db_user
--

CREATE INDEX idxdtsettled ON debtortrans USING btree (settled);


--
-- TOC entry 401 (OID 45160)
-- Name: idxdttrandate; Type: INDEX; Schema: public; Owner: weberp_db_user
--

CREATE INDEX idxdttrandate ON debtortrans USING btree (trandate);


--
-- TOC entry 402 (OID 45161)
-- Name: idxdttransno; Type: INDEX; Schema: public; Owner: weberp_db_user
--

CREATE INDEX idxdttransno ON debtortrans USING btree (transno);


--
-- TOC entry 404 (OID 45162)
-- Name: idxdttype_2; Type: INDEX; Schema: public; Owner: weberp_db_user
--

CREATE INDEX idxdttype_2 ON debtortrans USING btree ("type", transno);


--
-- TOC entry 405 (OID 45163)
-- Name: idxedisent; Type: INDEX; Schema: public; Owner: weberp_db_user
--

CREATE INDEX idxedisent ON debtortrans USING btree (edisent);


--
-- TOC entry 355 (OID 45164)
-- Name: idxcurrency; Type: INDEX; Schema: public; Owner: weberp_db_user
--

CREATE INDEX idxcurrency ON debtorsmaster USING btree (currcode);


--
-- TOC entry 360 (OID 45165)
-- Name: idxholdreason; Type: INDEX; Schema: public; Owner: weberp_db_user
--

CREATE INDEX idxholdreason ON debtorsmaster USING btree (holdreason);


--
-- TOC entry 361 (OID 45166)
-- Name: idxname; Type: INDEX; Schema: public; Owner: weberp_db_user
--

CREATE INDEX idxname ON debtorsmaster USING btree (name);


--
-- TOC entry 357 (OID 45167)
-- Name: idxdmpaymentterms; Type: INDEX; Schema: public; Owner: weberp_db_user
--

CREATE INDEX idxdmpaymentterms ON debtorsmaster USING btree (paymentterms);


--
-- TOC entry 356 (OID 45168)
-- Name: idxdebmsalestype; Type: INDEX; Schema: public; Owner: weberp_db_user
--

CREATE INDEX idxdebmsalestype ON debtorsmaster USING btree (salestype);


--
-- TOC entry 358 (OID 45169)
-- Name: idxediinvoices; Type: INDEX; Schema: public; Owner: weberp_db_user
--

CREATE INDEX idxediinvoices ON debtorsmaster USING btree (ediinvoices);


--
-- TOC entry 359 (OID 45170)
-- Name: idxediorders; Type: INDEX; Schema: public; Owner: weberp_db_user
--

CREATE INDEX idxediorders ON debtorsmaster USING btree (ediorders);


--
-- TOC entry 189 (OID 45171)
-- Name: idxquantitybreak; Type: INDEX; Schema: public; Owner: weberp_db_user
--

CREATE INDEX idxquantitybreak ON discountmatrix USING btree (quantitybreak);


--
-- TOC entry 188 (OID 45172)
-- Name: idxdmdiscountcategory; Type: INDEX; Schema: public; Owner: weberp_db_user
--

CREATE INDEX idxdmdiscountcategory ON discountmatrix USING btree (discountcategory);


--
-- TOC entry 187 (OID 45173)
-- Name: idxdismsalestype; Type: INDEX; Schema: public; Owner: weberp_db_user
--

CREATE INDEX idxdismsalestype ON discountmatrix USING btree (salestype);


--
-- TOC entry 146 (OID 45174)
-- Name: idxpartnercode; Type: INDEX; Schema: public; Owner: weberp_db_user
--

CREATE INDEX idxpartnercode ON ediitemmapping USING btree (partnercode);


--
-- TOC entry 145 (OID 45175)
-- Name: idxeimstockid; Type: INDEX; Schema: public; Owner: weberp_db_user
--

CREATE INDEX idxeimstockid ON ediitemmapping USING btree (stockid);


--
-- TOC entry 147 (OID 45176)
-- Name: idxpartnerstockid; Type: INDEX; Schema: public; Owner: weberp_db_user
--

CREATE INDEX idxpartnerstockid ON ediitemmapping USING btree (partnerstockid);


--
-- TOC entry 148 (OID 45177)
-- Name: idxsupporcust; Type: INDEX; Schema: public; Owner: weberp_db_user
--

CREATE INDEX idxsupporcust ON ediitemmapping USING btree (supporcust);


--
-- TOC entry 150 (OID 45178)
-- Name: idxsection; Type: INDEX; Schema: public; Owner: weberp_db_user
--

CREATE INDEX idxsection ON edimessageformat USING btree (section);


--
-- TOC entry 151 (OID 45179)
-- Name: uidxpartnercode; Type: INDEX; Schema: public; Owner: weberp_db_user
--

CREATE UNIQUE INDEX uidxpartnercode ON edimessageformat USING btree (partnercode, messagetype, sequenceno);


--
-- TOC entry 155 (OID 45180)
-- Name: idxsegtag; Type: INDEX; Schema: public; Owner: weberp_db_user
--

CREATE INDEX idxsegtag ON edi_orders_segs USING btree (segtag);


--
-- TOC entry 154 (OID 45181)
-- Name: idxsegno; Type: INDEX; Schema: public; Owner: weberp_db_user
--

CREATE INDEX idxsegno ON edi_orders_segs USING btree (seggroup);


--
-- TOC entry 211 (OID 45182)
-- Name: idxdestination; Type: INDEX; Schema: public; Owner: weberp_db_user
--

CREATE INDEX idxdestination ON freightcosts USING btree (destination);


--
-- TOC entry 213 (OID 45183)
-- Name: idxlocationfrom; Type: INDEX; Schema: public; Owner: weberp_db_user
--

CREATE INDEX idxlocationfrom ON freightcosts USING btree (locationfrom);


--
-- TOC entry 214 (OID 45184)
-- Name: idxshipperid; Type: INDEX; Schema: public; Owner: weberp_db_user
--

CREATE INDEX idxshipperid ON freightcosts USING btree (shipperid);


--
-- TOC entry 212 (OID 45185)
-- Name: idxdestination_2; Type: INDEX; Schema: public; Owner: weberp_db_user
--

CREATE INDEX idxdestination_2 ON freightcosts USING btree (destination, locationfrom, shipperid);


--
-- TOC entry 157 (OID 45186)
-- Name: idxaccount; Type: INDEX; Schema: public; Owner: weberp_db_user
--

CREATE INDEX idxaccount ON gltrans USING btree (account);


--
-- TOC entry 158 (OID 45187)
-- Name: idxchequeno; Type: INDEX; Schema: public; Owner: weberp_db_user
--

CREATE INDEX idxchequeno ON gltrans USING btree (chequeno);


--
-- TOC entry 160 (OID 45188)
-- Name: idxgtperiodno; Type: INDEX; Schema: public; Owner: weberp_db_user
--

CREATE INDEX idxgtperiodno ON gltrans USING btree (periodno);


--
-- TOC entry 163 (OID 45189)
-- Name: idxposted; Type: INDEX; Schema: public; Owner: weberp_db_user
--

CREATE INDEX idxposted ON gltrans USING btree (posted);


--
-- TOC entry 161 (OID 45190)
-- Name: idxgttrandate; Type: INDEX; Schema: public; Owner: weberp_db_user
--

CREATE INDEX idxgttrandate ON gltrans USING btree (trandate);


--
-- TOC entry 162 (OID 45191)
-- Name: idxgttypeno; Type: INDEX; Schema: public; Owner: weberp_db_user
--

CREATE INDEX idxgttypeno ON gltrans USING btree (typeno);


--
-- TOC entry 164 (OID 45192)
-- Name: idxtype_and_number; Type: INDEX; Schema: public; Owner: weberp_db_user
--

CREATE INDEX idxtype_and_number ON gltrans USING btree ("type", typeno);


--
-- TOC entry 159 (OID 45193)
-- Name: idxgtjobref; Type: INDEX; Schema: public; Owner: weberp_db_user
--

CREATE INDEX idxgtjobref ON gltrans USING btree (jobref);


--
-- TOC entry 295 (OID 45194)
-- Name: idxgrndeliverydate; Type: INDEX; Schema: public; Owner: weberp_db_user
--

CREATE INDEX idxgrndeliverydate ON grns USING btree (deliverydate);


--
-- TOC entry 296 (OID 45195)
-- Name: idxgrnitemcode; Type: INDEX; Schema: public; Owner: weberp_db_user
--

CREATE INDEX idxgrnitemcode ON grns USING btree (itemcode);


--
-- TOC entry 298 (OID 45196)
-- Name: idxpodetailitem; Type: INDEX; Schema: public; Owner: weberp_db_user
--

CREATE INDEX idxpodetailitem ON grns USING btree (podetailitem);


--
-- TOC entry 297 (OID 45197)
-- Name: idxgrnsupplierid; Type: INDEX; Schema: public; Owner: weberp_db_user
--

CREATE INDEX idxgrnsupplierid ON grns USING btree (supplierid);


--
-- TOC entry 116 (OID 45198)
-- Name: idxreasoncode; Type: INDEX; Schema: public; Owner: weberp_db_user
--

CREATE INDEX idxreasoncode ON holdreasons USING btree (reasoncode);


--
-- TOC entry 117 (OID 45199)
-- Name: idxreasondescription; Type: INDEX; Schema: public; Owner: weberp_db_user
--

CREATE INDEX idxreasondescription ON holdreasons USING btree (reasondescription);


--
-- TOC entry 240 (OID 45200)
-- Name: idxlsstockid; Type: INDEX; Schema: public; Owner: weberp_db_user
--

CREATE INDEX idxlsstockid ON locstock USING btree (stockid);


--
-- TOC entry 244 (OID 45201)
-- Name: idxreference; Type: INDEX; Schema: public; Owner: weberp_db_user
--

CREATE INDEX idxreference ON loctransfers USING btree (reference, stockid);


--
-- TOC entry 245 (OID 45202)
-- Name: idxshiploc; Type: INDEX; Schema: public; Owner: weberp_db_user
--

CREATE INDEX idxshiploc ON loctransfers USING btree (shiploc);


--
-- TOC entry 243 (OID 45203)
-- Name: idxrecloc; Type: INDEX; Schema: public; Owner: weberp_db_user
--

CREATE INDEX idxrecloc ON loctransfers USING btree (recloc);


--
-- TOC entry 242 (OID 45204)
-- Name: idxltstockid; Type: INDEX; Schema: public; Owner: weberp_db_user
--

CREATE INDEX idxltstockid ON loctransfers USING btree (stockid);


--
-- TOC entry 391 (OID 45205)
-- Name: idxoddlstockid; Type: INDEX; Schema: public; Owner: weberp_db_user
--

CREATE INDEX idxoddlstockid ON orderdeliverydifferenceslog USING btree (stockid);


--
-- TOC entry 389 (OID 45206)
-- Name: idxodddebtorno; Type: INDEX; Schema: public; Owner: weberp_db_user
--

CREATE INDEX idxodddebtorno ON orderdeliverydifferenceslog USING btree (debtorno, branch);


--
-- TOC entry 388 (OID 45207)
-- Name: idxcan_or_bo; Type: INDEX; Schema: public; Owner: weberp_db_user
--

CREATE INDEX idxcan_or_bo ON orderdeliverydifferenceslog USING btree (can_or_bo);


--
-- TOC entry 390 (OID 45208)
-- Name: idxoddlorderno; Type: INDEX; Schema: public; Owner: weberp_db_user
--

CREATE INDEX idxoddlorderno ON orderdeliverydifferenceslog USING btree (orderno);


--
-- TOC entry 121 (OID 45209)
-- Name: idxdaysbeforedue; Type: INDEX; Schema: public; Owner: weberp_db_user
--

CREATE INDEX idxdaysbeforedue ON paymentterms USING btree (daysbeforedue);


--
-- TOC entry 120 (OID 45210)
-- Name: idxdayinfollowingmonth; Type: INDEX; Schema: public; Owner: weberp_db_user
--

CREATE INDEX idxdayinfollowingmonth ON paymentterms USING btree (dayinfollowingmonth);


--
-- TOC entry 125 (OID 45211)
-- Name: idxlastdate_in_period; Type: INDEX; Schema: public; Owner: weberp_db_user
--

CREATE INDEX idxlastdate_in_period ON periods USING btree (lastdate_in_period);


--
-- TOC entry 231 (OID 45212)
-- Name: idxcurrabrev; Type: INDEX; Schema: public; Owner: weberp_db_user
--

CREATE INDEX idxcurrabrev ON prices USING btree (currabrev);


--
-- TOC entry 232 (OID 45213)
-- Name: idxpdebtorno; Type: INDEX; Schema: public; Owner: weberp_db_user
--

CREATE INDEX idxpdebtorno ON prices USING btree (debtorno);


--
-- TOC entry 233 (OID 45214)
-- Name: idxpstockid; Type: INDEX; Schema: public; Owner: weberp_db_user
--

CREATE INDEX idxpstockid ON prices USING btree (stockid);


--
-- TOC entry 234 (OID 45215)
-- Name: idxptypeabbrev; Type: INDEX; Schema: public; Owner: weberp_db_user
--

CREATE INDEX idxptypeabbrev ON prices USING btree (typeabbrev);


--
-- TOC entry 236 (OID 45216)
-- Name: idxpdstockid; Type: INDEX; Schema: public; Owner: weberp_db_user
--

CREATE INDEX idxpdstockid ON purchdata USING btree (stockid);


--
-- TOC entry 237 (OID 45217)
-- Name: idxpdsupplierno; Type: INDEX; Schema: public; Owner: weberp_db_user
--

CREATE INDEX idxpdsupplierno ON purchdata USING btree (supplierno);


--
-- TOC entry 238 (OID 45218)
-- Name: idxpreferred; Type: INDEX; Schema: public; Owner: weberp_db_user
--

CREATE INDEX idxpreferred ON purchdata USING btree (preferred);


--
-- TOC entry 287 (OID 45219)
-- Name: idxpoddeliverydate; Type: INDEX; Schema: public; Owner: weberp_db_user
--

CREATE INDEX idxpoddeliverydate ON purchorderdetails USING btree (deliverydate);


--
-- TOC entry 288 (OID 45220)
-- Name: idxpodglcode; Type: INDEX; Schema: public; Owner: weberp_db_user
--

CREATE INDEX idxpodglcode ON purchorderdetails USING btree (glcode);


--
-- TOC entry 289 (OID 45221)
-- Name: idxpoditemcode; Type: INDEX; Schema: public; Owner: weberp_db_user
--

CREATE INDEX idxpoditemcode ON purchorderdetails USING btree (itemcode);


--
-- TOC entry 290 (OID 45222)
-- Name: idxpodjobref; Type: INDEX; Schema: public; Owner: weberp_db_user
--

CREATE INDEX idxpodjobref ON purchorderdetails USING btree (jobref);


--
-- TOC entry 291 (OID 45223)
-- Name: idxpodorderno; Type: INDEX; Schema: public; Owner: weberp_db_user
--

CREATE INDEX idxpodorderno ON purchorderdetails USING btree (orderno);


--
-- TOC entry 292 (OID 45224)
-- Name: idxpodshiptref; Type: INDEX; Schema: public; Owner: weberp_db_user
--

CREATE INDEX idxpodshiptref ON purchorderdetails USING btree (shiptref);


--
-- TOC entry 286 (OID 45225)
-- Name: idxpodcompleted; Type: INDEX; Schema: public; Owner: weberp_db_user
--

CREATE INDEX idxpodcompleted ON purchorderdetails USING btree (completed);


--
-- TOC entry 283 (OID 45226)
-- Name: idxpoorddate; Type: INDEX; Schema: public; Owner: weberp_db_user
--

CREATE INDEX idxpoorddate ON purchorders USING btree (orddate);


--
-- TOC entry 284 (OID 45227)
-- Name: idxposupplierno; Type: INDEX; Schema: public; Owner: weberp_db_user
--

CREATE INDEX idxposupplierno ON purchorders USING btree (supplierno);


--
-- TOC entry 282 (OID 45228)
-- Name: idxintostocklocation; Type: INDEX; Schema: public; Owner: weberp_db_user
--

CREATE INDEX idxintostocklocation ON purchorders USING btree (intostocklocation);


--
-- TOC entry 281 (OID 45229)
-- Name: idxallowprintpo; Type: INDEX; Schema: public; Owner: weberp_db_user
--

CREATE INDEX idxallowprintpo ON purchorders USING btree (allowprint);


--
-- TOC entry 166 (OID 45230)
-- Name: idxreportheading; Type: INDEX; Schema: public; Owner: weberp_db_user
--

CREATE INDEX idxreportheading ON reportheaders USING btree (reportheading);


--
-- TOC entry 171 (OID 45231)
-- Name: idxcustbranch; Type: INDEX; Schema: public; Owner: weberp_db_user
--

CREATE INDEX idxcustbranch ON salesanalysis USING btree (custbranch);


--
-- TOC entry 170 (OID 45232)
-- Name: idxcust; Type: INDEX; Schema: public; Owner: weberp_db_user
--

CREATE INDEX idxcust ON salesanalysis USING btree (cust);


--
-- TOC entry 174 (OID 45233)
-- Name: idxsaperiodno; Type: INDEX; Schema: public; Owner: weberp_db_user
--

CREATE INDEX idxsaperiodno ON salesanalysis USING btree (periodno);


--
-- TOC entry 175 (OID 45234)
-- Name: idxsastkcategory; Type: INDEX; Schema: public; Owner: weberp_db_user
--

CREATE INDEX idxsastkcategory ON salesanalysis USING btree (stkcategory);


--
-- TOC entry 176 (OID 45235)
-- Name: idxsastockid; Type: INDEX; Schema: public; Owner: weberp_db_user
--

CREATE INDEX idxsastockid ON salesanalysis USING btree (stockid);


--
-- TOC entry 177 (OID 45236)
-- Name: idxsatypeabbrev; Type: INDEX; Schema: public; Owner: weberp_db_user
--

CREATE INDEX idxsatypeabbrev ON salesanalysis USING btree (typeabbrev);


--
-- TOC entry 172 (OID 45237)
-- Name: idxsaarea; Type: INDEX; Schema: public; Owner: weberp_db_user
--

CREATE INDEX idxsaarea ON salesanalysis USING btree (area);


--
-- TOC entry 169 (OID 45238)
-- Name: idxbudgetoractual; Type: INDEX; Schema: public; Owner: weberp_db_user
--

CREATE INDEX idxbudgetoractual ON salesanalysis USING btree (budgetoractual);


--
-- TOC entry 173 (OID 45239)
-- Name: idxsalesperson; Type: INDEX; Schema: public; Owner: weberp_db_user
--

CREATE INDEX idxsalesperson ON salesanalysis USING btree (salesperson);


--
-- TOC entry 179 (OID 45240)
-- Name: idxsparea; Type: INDEX; Schema: public; Owner: weberp_db_user
--

CREATE INDEX idxsparea ON salesglpostings USING btree (area);


--
-- TOC entry 181 (OID 45241)
-- Name: idxspstkcat; Type: INDEX; Schema: public; Owner: weberp_db_user
--

CREATE INDEX idxspstkcat ON salesglpostings USING btree (stkcat);


--
-- TOC entry 180 (OID 45242)
-- Name: idxspsalestype; Type: INDEX; Schema: public; Owner: weberp_db_user
--

CREATE INDEX idxspsalestype ON salesglpostings USING btree (salestype);


--
-- TOC entry 183 (OID 45243)
-- Name: uidxsgparea_stkcat; Type: INDEX; Schema: public; Owner: weberp_db_user
--

CREATE UNIQUE INDEX uidxsgparea_stkcat ON salesglpostings USING btree (area, stkcat, salestype);


--
-- TOC entry 394 (OID 45244)
-- Name: idxsodorderno; Type: INDEX; Schema: public; Owner: weberp_db_user
--

CREATE INDEX idxsodorderno ON salesorderdetails USING btree (orderno);


--
-- TOC entry 395 (OID 45245)
-- Name: idxstkcode; Type: INDEX; Schema: public; Owner: weberp_db_user
--

CREATE INDEX idxstkcode ON salesorderdetails USING btree (stkcode);


--
-- TOC entry 393 (OID 45246)
-- Name: idxsodcompleted; Type: INDEX; Schema: public; Owner: weberp_db_user
--

CREATE INDEX idxsodcompleted ON salesorderdetails USING btree (completed);


--
-- TOC entry 385 (OID 45247)
-- Name: idxsodebtorno; Type: INDEX; Schema: public; Owner: weberp_db_user
--

CREATE INDEX idxsodebtorno ON salesorders USING btree (debtorno);


--
-- TOC entry 386 (OID 45248)
-- Name: idxsodorddate; Type: INDEX; Schema: public; Owner: weberp_db_user
--

CREATE INDEX idxsodorddate ON salesorders USING btree (orddate);


--
-- TOC entry 382 (OID 45249)
-- Name: idxordertype; Type: INDEX; Schema: public; Owner: weberp_db_user
--

CREATE INDEX idxordertype ON salesorders USING btree (ordertype);


--
-- TOC entry 381 (OID 45250)
-- Name: idxlocationindex; Type: INDEX; Schema: public; Owner: weberp_db_user
--

CREATE INDEX idxlocationindex ON salesorders USING btree (fromstkloc);


--
-- TOC entry 384 (OID 45251)
-- Name: idxsobranchcode; Type: INDEX; Schema: public; Owner: weberp_db_user
--

CREATE INDEX idxsobranchcode ON salesorders USING btree (branchcode, debtorno);


--
-- TOC entry 383 (OID 45252)
-- Name: idxshipvia; Type: INDEX; Schema: public; Owner: weberp_db_user
--

CREATE INDEX idxshipvia ON salesorders USING btree (shipvia);


--
-- TOC entry 184 (OID 45253)
-- Name: idxsales_type; Type: INDEX; Schema: public; Owner: weberp_db_user
--

CREATE INDEX idxsales_type ON salestypes USING btree (sales_type);


--
-- TOC entry 191 (OID 45254)
-- Name: idxfilename; Type: INDEX; Schema: public; Owner: weberp_db_user
--

CREATE INDEX idxfilename ON scripts USING btree (filename);


--
-- TOC entry 206 (OID 45255)
-- Name: idxsctranstype; Type: INDEX; Schema: public; Owner: weberp_db_user
--

CREATE INDEX idxsctranstype ON shipmentcharges USING btree (transtype, transno);


--
-- TOC entry 204 (OID 45256)
-- Name: idxscshiptref; Type: INDEX; Schema: public; Owner: weberp_db_user
--

CREATE INDEX idxscshiptref ON shipmentcharges USING btree (shiptref);


--
-- TOC entry 205 (OID 45257)
-- Name: idxscstockid; Type: INDEX; Schema: public; Owner: weberp_db_user
--

CREATE INDEX idxscstockid ON shipmentcharges USING btree (stockid);


--
-- TOC entry 207 (OID 45258)
-- Name: idxsctranstype_2; Type: INDEX; Schema: public; Owner: weberp_db_user
--

CREATE INDEX idxsctranstype_2 ON shipmentcharges USING btree (transtype);


--
-- TOC entry 199 (OID 45259)
-- Name: idxeta; Type: INDEX; Schema: public; Owner: weberp_db_user
--

CREATE INDEX idxeta ON shipments USING btree (eta);


--
-- TOC entry 201 (OID 45260)
-- Name: idxshipsupplierid; Type: INDEX; Schema: public; Owner: weberp_db_user
--

CREATE INDEX idxshipsupplierid ON shipments USING btree (supplierid);


--
-- TOC entry 200 (OID 45261)
-- Name: idxshipperref; Type: INDEX; Schema: public; Owner: weberp_db_user
--

CREATE INDEX idxshipperref ON shipments USING btree (voyageref);


--
-- TOC entry 202 (OID 45262)
-- Name: idxvessel; Type: INDEX; Schema: public; Owner: weberp_db_user
--

CREATE INDEX idxvessel ON shipments USING btree (vessel);


--
-- TOC entry 215 (OID 45263)
-- Name: idxcategorydescription; Type: INDEX; Schema: public; Owner: weberp_db_user
--

CREATE INDEX idxcategorydescription ON stockcategory USING btree (categorydescription);


--
-- TOC entry 216 (OID 45264)
-- Name: idxstocktype; Type: INDEX; Schema: public; Owner: weberp_db_user
--

CREATE INDEX idxstocktype ON stockcategory USING btree (stocktype);


--
-- TOC entry 229 (OID 45265)
-- Name: idxscfloccode; Type: INDEX; Schema: public; Owner: weberp_db_user
--

CREATE INDEX idxscfloccode ON stockcheckfreeze USING btree (loccode);


--
-- TOC entry 227 (OID 45266)
-- Name: idxscntstockid; Type: INDEX; Schema: public; Owner: weberp_db_user
--

CREATE INDEX idxscntstockid ON stockcounts USING btree (stockid);


--
-- TOC entry 226 (OID 45267)
-- Name: idxscntloccode; Type: INDEX; Schema: public; Owner: weberp_db_user
--

CREATE INDEX idxscntloccode ON stockcounts USING btree (loccode);


--
-- TOC entry 221 (OID 45268)
-- Name: idxsmcategoryid; Type: INDEX; Schema: public; Owner: weberp_db_user
--

CREATE INDEX idxsmcategoryid ON stockmaster USING btree (categoryid);


--
-- TOC entry 222 (OID 45269)
-- Name: idxsmdescription; Type: INDEX; Schema: public; Owner: weberp_db_user
--

CREATE INDEX idxsmdescription ON stockmaster USING btree (description);


--
-- TOC entry 219 (OID 45270)
-- Name: idxlastcurcostdate; Type: INDEX; Schema: public; Owner: weberp_db_user
--

CREATE INDEX idxlastcurcostdate ON stockmaster USING btree (lastcurcostdate);


--
-- TOC entry 220 (OID 45271)
-- Name: idxmbflag; Type: INDEX; Schema: public; Owner: weberp_db_user
--

CREATE INDEX idxmbflag ON stockmaster USING btree (mbflag);


--
-- TOC entry 224 (OID 45272)
-- Name: idxsmstockid; Type: INDEX; Schema: public; Owner: weberp_db_user
--

CREATE INDEX idxsmstockid ON stockmaster USING btree (stockid, categoryid);


--
-- TOC entry 218 (OID 45273)
-- Name: idxcontrolled; Type: INDEX; Schema: public; Owner: weberp_db_user
--

CREATE INDEX idxcontrolled ON stockmaster USING btree (controlled);


--
-- TOC entry 223 (OID 45274)
-- Name: idxsmdiscountcategory; Type: INDEX; Schema: public; Owner: weberp_db_user
--

CREATE INDEX idxsmdiscountcategory ON stockmaster USING btree (discountcategory);


--
-- TOC entry 248 (OID 45275)
-- Name: idxsmdebtorno; Type: INDEX; Schema: public; Owner: weberp_db_user
--

CREATE INDEX idxsmdebtorno ON stockmoves USING btree (debtorno);


--
-- TOC entry 249 (OID 45276)
-- Name: idxsmloccode; Type: INDEX; Schema: public; Owner: weberp_db_user
--

CREATE INDEX idxsmloccode ON stockmoves USING btree (loccode);


--
-- TOC entry 250 (OID 45277)
-- Name: idxsmprd; Type: INDEX; Schema: public; Owner: weberp_db_user
--

CREATE INDEX idxsmprd ON stockmoves USING btree (prd);


--
-- TOC entry 254 (OID 45278)
-- Name: idxsmvstockid; Type: INDEX; Schema: public; Owner: weberp_db_user
--

CREATE INDEX idxsmvstockid ON stockmoves USING btree (stockid, loccode);


--
-- TOC entry 255 (OID 45279)
-- Name: idxsmvstockid_2; Type: INDEX; Schema: public; Owner: weberp_db_user
--

CREATE INDEX idxsmvstockid_2 ON stockmoves USING btree (stockid);


--
-- TOC entry 251 (OID 45280)
-- Name: idxsmtrandate; Type: INDEX; Schema: public; Owner: weberp_db_user
--

CREATE INDEX idxsmtrandate ON stockmoves USING btree (trandate);


--
-- TOC entry 252 (OID 45281)
-- Name: idxsmtransno; Type: INDEX; Schema: public; Owner: weberp_db_user
--

CREATE INDEX idxsmtransno ON stockmoves USING btree (transno);


--
-- TOC entry 253 (OID 45282)
-- Name: idxsmtype; Type: INDEX; Schema: public; Owner: weberp_db_user
--

CREATE INDEX idxsmtype ON stockmoves USING btree ("type");


--
-- TOC entry 247 (OID 45283)
-- Name: idxshow_on_inv_crds; Type: INDEX; Schema: public; Owner: weberp_db_user
--

CREATE INDEX idxshow_on_inv_crds ON stockmoves USING btree (show_on_inv_crds);


--
-- TOC entry 246 (OID 45284)
-- Name: idxhide; Type: INDEX; Schema: public; Owner: weberp_db_user
--

CREATE INDEX idxhide ON stockmoves USING btree (hidemovt);


--
-- TOC entry 258 (OID 45285)
-- Name: idxssistockid; Type: INDEX; Schema: public; Owner: weberp_db_user
--

CREATE INDEX idxssistockid ON stockserialitems USING btree (stockid);


--
-- TOC entry 257 (OID 45286)
-- Name: idxssiloccode; Type: INDEX; Schema: public; Owner: weberp_db_user
--

CREATE INDEX idxssiloccode ON stockserialitems USING btree (loccode);


--
-- TOC entry 261 (OID 45287)
-- Name: idxstockmoveno; Type: INDEX; Schema: public; Owner: weberp_db_user
--

CREATE INDEX idxstockmoveno ON stockserialmoves USING btree (stockmoveno);


--
-- TOC entry 260 (OID 45288)
-- Name: idxssmstockid_sn; Type: INDEX; Schema: public; Owner: weberp_db_user
--

CREATE INDEX idxssmstockid_sn ON stockserialmoves USING btree (stockid, serialno);


--
-- TOC entry 275 (OID 45289)
-- Name: idxsatransid_allocfrom; Type: INDEX; Schema: public; Owner: weberp_db_user
--

CREATE INDEX idxsatransid_allocfrom ON suppallocs USING btree (transid_allocfrom);


--
-- TOC entry 276 (OID 45290)
-- Name: idxsatransid_allocto; Type: INDEX; Schema: public; Owner: weberp_db_user
--

CREATE INDEX idxsatransid_allocto ON suppallocs USING btree (transid_allocto);


--
-- TOC entry 274 (OID 45291)
-- Name: idxsadatealloc; Type: INDEX; Schema: public; Owner: weberp_db_user
--

CREATE INDEX idxsadatealloc ON suppallocs USING btree (datealloc);


--
-- TOC entry 263 (OID 45292)
-- Name: idxduedate; Type: INDEX; Schema: public; Owner: weberp_db_user
--

CREATE INDEX idxduedate ON supptrans USING btree (duedate);


--
-- TOC entry 264 (OID 45293)
-- Name: idxhold; Type: INDEX; Schema: public; Owner: weberp_db_user
--

CREATE INDEX idxhold ON supptrans USING btree ("hold");


--
-- TOC entry 266 (OID 45294)
-- Name: idxstsupplierno; Type: INDEX; Schema: public; Owner: weberp_db_user
--

CREATE INDEX idxstsupplierno ON supptrans USING btree (supplierno);


--
-- TOC entry 265 (OID 45295)
-- Name: idxstsettled; Type: INDEX; Schema: public; Owner: weberp_db_user
--

CREATE INDEX idxstsettled ON supptrans USING btree (settled);


--
-- TOC entry 267 (OID 45296)
-- Name: idxstsupplierno_2; Type: INDEX; Schema: public; Owner: weberp_db_user
--

CREATE INDEX idxstsupplierno_2 ON supptrans USING btree (supplierno, suppreference);


--
-- TOC entry 271 (OID 45297)
-- Name: idxsuppreference; Type: INDEX; Schema: public; Owner: weberp_db_user
--

CREATE INDEX idxsuppreference ON supptrans USING btree (suppreference);


--
-- TOC entry 268 (OID 45298)
-- Name: idxsttrandate; Type: INDEX; Schema: public; Owner: weberp_db_user
--

CREATE INDEX idxsttrandate ON supptrans USING btree (trandate);


--
-- TOC entry 269 (OID 45299)
-- Name: idxsttransno; Type: INDEX; Schema: public; Owner: weberp_db_user
--

CREATE INDEX idxsttransno ON supptrans USING btree (transno);


--
-- TOC entry 270 (OID 45300)
-- Name: idxsttype; Type: INDEX; Schema: public; Owner: weberp_db_user
--

CREATE INDEX idxsttype ON supptrans USING btree ("type");


--
-- TOC entry 273 (OID 45301)
-- Name: uidxtypetransno; Type: INDEX; Schema: public; Owner: weberp_db_user
--

CREATE UNIQUE INDEX uidxtypetransno ON supptrans USING btree (transno, "type");


--
-- TOC entry 278 (OID 45302)
-- Name: idxcontact; Type: INDEX; Schema: public; Owner: weberp_db_user
--

CREATE INDEX idxcontact ON suppliercontacts USING btree (contact);


--
-- TOC entry 279 (OID 45303)
-- Name: idxscsupplierid; Type: INDEX; Schema: public; Owner: weberp_db_user
--

CREATE INDEX idxscsupplierid ON suppliercontacts USING btree (supplierid);


--
-- TOC entry 193 (OID 45304)
-- Name: idxscurrcode; Type: INDEX; Schema: public; Owner: weberp_db_user
--

CREATE INDEX idxscurrcode ON suppliers USING btree (currcode);


--
-- TOC entry 194 (OID 45305)
-- Name: idxspaymentterms; Type: INDEX; Schema: public; Owner: weberp_db_user
--

CREATE INDEX idxspaymentterms ON suppliers USING btree (paymentterms);


--
-- TOC entry 197 (OID 45306)
-- Name: idxsupsupplierid; Type: INDEX; Schema: public; Owner: weberp_db_user
--

CREATE INDEX idxsupsupplierid ON suppliers USING btree (supplierid);


--
-- TOC entry 196 (OID 45307)
-- Name: idxsuppname; Type: INDEX; Schema: public; Owner: weberp_db_user
--

CREATE INDEX idxsuppname ON suppliers USING btree (suppname);


--
-- TOC entry 195 (OID 45308)
-- Name: idxstaxauthority; Type: INDEX; Schema: public; Owner: weberp_db_user
--

CREATE INDEX idxstaxauthority ON suppliers USING btree (taxauthority);


--
-- TOC entry 123 (OID 45309)
-- Name: idxsttypeno; Type: INDEX; Schema: public; Owner: weberp_db_user
--

CREATE INDEX idxsttypeno ON systypes USING btree (typeno);


--
-- TOC entry 300 (OID 45310)
-- Name: idxtaltaxauthority; Type: INDEX; Schema: public; Owner: weberp_db_user
--

CREATE INDEX idxtaltaxauthority ON taxauthlevels USING btree (taxauthority);


--
-- TOC entry 299 (OID 45311)
-- Name: idxdispatchtaxauthority; Type: INDEX; Schema: public; Owner: weberp_db_user
--

CREATE INDEX idxdispatchtaxauthority ON taxauthlevels USING btree (dispatchtaxauthority);


--
-- TOC entry 141 (OID 45312)
-- Name: idxtaxglcode; Type: INDEX; Schema: public; Owner: weberp_db_user
--

CREATE INDEX idxtaxglcode ON taxauthorities USING btree (taxglcode);


--
-- TOC entry 140 (OID 45313)
-- Name: idxpurchtaxglaccount; Type: INDEX; Schema: public; Owner: weberp_db_user
--

CREATE INDEX idxpurchtaxglaccount ON taxauthorities USING btree (purchtaxglaccount);


--
-- TOC entry 319 (OID 45314)
-- Name: idxwoiworkcentre; Type: INDEX; Schema: public; Owner: weberp_db_user
--

CREATE INDEX idxwoiworkcentre ON woissues USING btree (workcentre);


--
-- TOC entry 314 (OID 45315)
-- Name: idxissueno; Type: INDEX; Schema: public; Owner: weberp_db_user
--

CREATE INDEX idxissueno ON woissues USING btree (issueno);


--
-- TOC entry 315 (OID 45316)
-- Name: idxissueno_2; Type: INDEX; Schema: public; Owner: weberp_db_user
--

CREATE INDEX idxissueno_2 ON woissues USING btree (issueno, woref, stockid);


--
-- TOC entry 317 (OID 45317)
-- Name: idxwoistockid; Type: INDEX; Schema: public; Owner: weberp_db_user
--

CREATE INDEX idxwoistockid ON woissues USING btree (stockid);


--
-- TOC entry 316 (OID 45318)
-- Name: idxissuetype; Type: INDEX; Schema: public; Owner: weberp_db_user
--

CREATE INDEX idxissuetype ON woissues USING btree (issuetype);


--
-- TOC entry 318 (OID 45319)
-- Name: idxwoiworef; Type: INDEX; Schema: public; Owner: weberp_db_user
--

CREATE INDEX idxwoiworef ON woissues USING btree (woref);


--
-- TOC entry 324 (OID 45320)
-- Name: idxwrkcentre; Type: INDEX; Schema: public; Owner: weberp_db_user
--

CREATE INDEX idxwrkcentre ON worequirements USING btree (wrkcentre);


--
-- TOC entry 320 (OID 45321)
-- Name: idxresourcetype; Type: INDEX; Schema: public; Owner: weberp_db_user
--

CREATE INDEX idxresourcetype ON worequirements USING btree (resourcetype);


--
-- TOC entry 322 (OID 45322)
-- Name: idxworworef; Type: INDEX; Schema: public; Owner: weberp_db_user
--

CREATE INDEX idxworworef ON worequirements USING btree (woref, stockid);


--
-- TOC entry 321 (OID 45323)
-- Name: idxworstockid; Type: INDEX; Schema: public; Owner: weberp_db_user
--

CREATE INDEX idxworstockid ON worequirements USING btree (stockid);


--
-- TOC entry 323 (OID 45324)
-- Name: idxworworef_2; Type: INDEX; Schema: public; Owner: weberp_db_user
--

CREATE INDEX idxworworef_2 ON worequirements USING btree (woref);


--
-- TOC entry 302 (OID 45325)
-- Name: idxcustomerid; Type: INDEX; Schema: public; Owner: weberp_db_user
--

CREATE INDEX idxcustomerid ON www_users USING btree (customerid);


--
-- TOC entry 303 (OID 45326)
-- Name: idxusrdefaultlocation; Type: INDEX; Schema: public; Owner: weberp_db_user
--

CREATE INDEX idxusrdefaultlocation ON www_users USING btree (defaultlocation);


--
-- TOC entry 306 (OID 45327)
-- Name: idxwcdescription; Type: INDEX; Schema: public; Owner: weberp_db_user
--

CREATE INDEX idxwcdescription ON workcentres USING btree (description);


--
-- TOC entry 305 (OID 45328)
-- Name: idxlocation; Type: INDEX; Schema: public; Owner: weberp_db_user
--

CREATE INDEX idxlocation ON workcentres USING btree ("location");


--
-- TOC entry 311 (OID 45329)
-- Name: idxwostockid; Type: INDEX; Schema: public; Owner: weberp_db_user
--

CREATE INDEX idxwostockid ON worksorders USING btree (stockid);


--
-- TOC entry 310 (OID 45330)
-- Name: idxwoloccode; Type: INDEX; Schema: public; Owner: weberp_db_user
--

CREATE INDEX idxwoloccode ON worksorders USING btree (loccode);


--
-- TOC entry 308 (OID 45331)
-- Name: idxreleaseddate; Type: INDEX; Schema: public; Owner: weberp_db_user
--

CREATE INDEX idxreleaseddate ON worksorders USING btree (releaseddate);


--
-- TOC entry 309 (OID 45332)
-- Name: idxrequiredby; Type: INDEX; Schema: public; Owner: weberp_db_user
--

CREATE INDEX idxrequiredby ON worksorders USING btree (requiredby);


--
-- TOC entry 312 (OID 45333)
-- Name: idxwoworef; Type: INDEX; Schema: public; Owner: weberp_db_user
--

CREATE INDEX idxwoworef ON worksorders USING btree (woref, loccode);


--
-- TOC entry 129 (OID 45334)
-- Name: section; Type: INDEX; Schema: public; Owner: weberp_db_user
--

CREATE INDEX section ON accountgroups USING btree (sectioninaccounts);


--
-- TOC entry 115 (OID 45335)
-- Name: holdreasons_pkey; Type: CONSTRAINT; Schema: public; Owner: weberp_db_user
--

ALTER TABLE ONLY holdreasons
    ADD CONSTRAINT holdreasons_pkey PRIMARY KEY (reasoncode);


--
-- TOC entry 118 (OID 45337)
-- Name: currencies_pkey; Type: CONSTRAINT; Schema: public; Owner: weberp_db_user
--

ALTER TABLE ONLY currencies
    ADD CONSTRAINT currencies_pkey PRIMARY KEY (currabrev);


--
-- TOC entry 122 (OID 45339)
-- Name: paymentterms_pkey; Type: CONSTRAINT; Schema: public; Owner: weberp_db_user
--

ALTER TABLE ONLY paymentterms
    ADD CONSTRAINT paymentterms_pkey PRIMARY KEY (termsindicator);


--
-- TOC entry 124 (OID 45341)
-- Name: systypes_pkey; Type: CONSTRAINT; Schema: public; Owner: weberp_db_user
--

ALTER TABLE ONLY systypes
    ADD CONSTRAINT systypes_pkey PRIMARY KEY (typeid);


--
-- TOC entry 126 (OID 45343)
-- Name: periods_pkey; Type: CONSTRAINT; Schema: public; Owner: weberp_db_user
--

ALTER TABLE ONLY periods
    ADD CONSTRAINT periods_pkey PRIMARY KEY (periodno);


--
-- TOC entry 127 (OID 45345)
-- Name: accountgroups_pkey; Type: CONSTRAINT; Schema: public; Owner: weberp_db_user
--

ALTER TABLE ONLY accountgroups
    ADD CONSTRAINT accountgroups_pkey PRIMARY KEY (groupname);


--
-- TOC entry 130 (OID 45347)
-- Name: cogsglpostings_pkey; Type: CONSTRAINT; Schema: public; Owner: weberp_db_user
--

ALTER TABLE ONLY cogsglpostings
    ADD CONSTRAINT cogsglpostings_pkey PRIMARY KEY (id);


--
-- TOC entry 136 (OID 45349)
-- Name: chartmaster_pkey; Type: CONSTRAINT; Schema: public; Owner: weberp_db_user
--

ALTER TABLE ONLY chartmaster
    ADD CONSTRAINT chartmaster_pkey PRIMARY KEY (accountcode);


--
-- TOC entry 142 (OID 45351)
-- Name: taxauthorities_pkey; Type: CONSTRAINT; Schema: public; Owner: weberp_db_user
--

ALTER TABLE ONLY taxauthorities
    ADD CONSTRAINT taxauthorities_pkey PRIMARY KEY (taxid);


--
-- TOC entry 143 (OID 45353)
-- Name: companies_pkey; Type: CONSTRAINT; Schema: public; Owner: weberp_db_user
--

ALTER TABLE ONLY companies
    ADD CONSTRAINT companies_pkey PRIMARY KEY (coycode);


--
-- TOC entry 144 (OID 45355)
-- Name: ediitemmapping_pkey; Type: CONSTRAINT; Schema: public; Owner: weberp_db_user
--

ALTER TABLE ONLY ediitemmapping
    ADD CONSTRAINT ediitemmapping_pkey PRIMARY KEY (supporcust, partnercode, stockid);


--
-- TOC entry 149 (OID 45357)
-- Name: edimessageformat_pkey; Type: CONSTRAINT; Schema: public; Owner: weberp_db_user
--

ALTER TABLE ONLY edimessageformat
    ADD CONSTRAINT edimessageformat_pkey PRIMARY KEY (id);


--
-- TOC entry 152 (OID 45359)
-- Name: edi_orders_seg_groups_pkey; Type: CONSTRAINT; Schema: public; Owner: weberp_db_user
--

ALTER TABLE ONLY edi_orders_seg_groups
    ADD CONSTRAINT edi_orders_seg_groups_pkey PRIMARY KEY (seggroupno);


--
-- TOC entry 153 (OID 45361)
-- Name: edi_orders_segs_pkey; Type: CONSTRAINT; Schema: public; Owner: weberp_db_user
--

ALTER TABLE ONLY edi_orders_segs
    ADD CONSTRAINT edi_orders_segs_pkey PRIMARY KEY (id);


--
-- TOC entry 156 (OID 45363)
-- Name: gltrans_pkey; Type: CONSTRAINT; Schema: public; Owner: weberp_db_user
--

ALTER TABLE ONLY gltrans
    ADD CONSTRAINT gltrans_pkey PRIMARY KEY (counterindex);


--
-- TOC entry 165 (OID 45365)
-- Name: locations_pkey; Type: CONSTRAINT; Schema: public; Owner: weberp_db_user
--

ALTER TABLE ONLY locations
    ADD CONSTRAINT locations_pkey PRIMARY KEY (loccode);


--
-- TOC entry 167 (OID 45367)
-- Name: reportheaders_pkey; Type: CONSTRAINT; Schema: public; Owner: weberp_db_user
--

ALTER TABLE ONLY reportheaders
    ADD CONSTRAINT reportheaders_pkey PRIMARY KEY (reportid);


--
-- TOC entry 168 (OID 45369)
-- Name: reportcolumns_pkey; Type: CONSTRAINT; Schema: public; Owner: weberp_db_user
--

ALTER TABLE ONLY reportcolumns
    ADD CONSTRAINT reportcolumns_pkey PRIMARY KEY (reportid, colno);


--
-- TOC entry 178 (OID 45371)
-- Name: salesanalysis_pkey; Type: CONSTRAINT; Schema: public; Owner: weberp_db_user
--

ALTER TABLE ONLY salesanalysis
    ADD CONSTRAINT salesanalysis_pkey PRIMARY KEY (id);


--
-- TOC entry 182 (OID 45373)
-- Name: salesglpostings_pkey; Type: CONSTRAINT; Schema: public; Owner: weberp_db_user
--

ALTER TABLE ONLY salesglpostings
    ADD CONSTRAINT salesglpostings_pkey PRIMARY KEY (id);


--
-- TOC entry 185 (OID 45375)
-- Name: salestypes_pkey; Type: CONSTRAINT; Schema: public; Owner: weberp_db_user
--

ALTER TABLE ONLY salestypes
    ADD CONSTRAINT salestypes_pkey PRIMARY KEY (typeabbrev);


--
-- TOC entry 186 (OID 45377)
-- Name: discountmatrix_pkey; Type: CONSTRAINT; Schema: public; Owner: weberp_db_user
--

ALTER TABLE ONLY discountmatrix
    ADD CONSTRAINT discountmatrix_pkey PRIMARY KEY (salestype, discountcategory, quantitybreak);


--
-- TOC entry 190 (OID 45379)
-- Name: salesman_pkey; Type: CONSTRAINT; Schema: public; Owner: weberp_db_user
--

ALTER TABLE ONLY salesman
    ADD CONSTRAINT salesman_pkey PRIMARY KEY (salesmancode);


--
-- TOC entry 192 (OID 45381)
-- Name: scripts_pkey; Type: CONSTRAINT; Schema: public; Owner: weberp_db_user
--

ALTER TABLE ONLY scripts
    ADD CONSTRAINT scripts_pkey PRIMARY KEY (pageid);


--
-- TOC entry 198 (OID 45383)
-- Name: suppliers_pkey; Type: CONSTRAINT; Schema: public; Owner: weberp_db_user
--

ALTER TABLE ONLY suppliers
    ADD CONSTRAINT suppliers_pkey PRIMARY KEY (supplierid);


--
-- TOC entry 203 (OID 45385)
-- Name: shipments_pkey; Type: CONSTRAINT; Schema: public; Owner: weberp_db_user
--

ALTER TABLE ONLY shipments
    ADD CONSTRAINT shipments_pkey PRIMARY KEY (shiptref);


--
-- TOC entry 208 (OID 45387)
-- Name: shipmentcharges_pkey; Type: CONSTRAINT; Schema: public; Owner: weberp_db_user
--

ALTER TABLE ONLY shipmentcharges
    ADD CONSTRAINT shipmentcharges_pkey PRIMARY KEY (shiptchgid);


--
-- TOC entry 209 (OID 45389)
-- Name: shippers_pkey; Type: CONSTRAINT; Schema: public; Owner: weberp_db_user
--

ALTER TABLE ONLY shippers
    ADD CONSTRAINT shippers_pkey PRIMARY KEY (shipper_id);


--
-- TOC entry 210 (OID 45391)
-- Name: freightcosts_pkey; Type: CONSTRAINT; Schema: public; Owner: weberp_db_user
--

ALTER TABLE ONLY freightcosts
    ADD CONSTRAINT freightcosts_pkey PRIMARY KEY (shipcostfromid);


--
-- TOC entry 217 (OID 45393)
-- Name: stockcategory_pkey; Type: CONSTRAINT; Schema: public; Owner: weberp_db_user
--

ALTER TABLE ONLY stockcategory
    ADD CONSTRAINT stockcategory_pkey PRIMARY KEY (categoryid);


--
-- TOC entry 225 (OID 45395)
-- Name: stockmaster_pkey; Type: CONSTRAINT; Schema: public; Owner: weberp_db_user
--

ALTER TABLE ONLY stockmaster
    ADD CONSTRAINT stockmaster_pkey PRIMARY KEY (stockid);


--
-- TOC entry 228 (OID 45397)
-- Name: stockcounts_pkey; Type: CONSTRAINT; Schema: public; Owner: weberp_db_user
--

ALTER TABLE ONLY stockcounts
    ADD CONSTRAINT stockcounts_pkey PRIMARY KEY (id);


--
-- TOC entry 230 (OID 45399)
-- Name: stockcheckfreeze_pkey; Type: CONSTRAINT; Schema: public; Owner: weberp_db_user
--

ALTER TABLE ONLY stockcheckfreeze
    ADD CONSTRAINT stockcheckfreeze_pkey PRIMARY KEY (stockid);


--
-- TOC entry 235 (OID 45401)
-- Name: prices_pkey; Type: CONSTRAINT; Schema: public; Owner: weberp_db_user
--

ALTER TABLE ONLY prices
    ADD CONSTRAINT prices_pkey PRIMARY KEY (stockid, typeabbrev, currabrev, debtorno);


--
-- TOC entry 239 (OID 45403)
-- Name: purchdata_pkey; Type: CONSTRAINT; Schema: public; Owner: weberp_db_user
--

ALTER TABLE ONLY purchdata
    ADD CONSTRAINT purchdata_pkey PRIMARY KEY (supplierno, stockid);


--
-- TOC entry 241 (OID 45405)
-- Name: locstock_pkey; Type: CONSTRAINT; Schema: public; Owner: weberp_db_user
--

ALTER TABLE ONLY locstock
    ADD CONSTRAINT locstock_pkey PRIMARY KEY (loccode, stockid);


--
-- TOC entry 256 (OID 45407)
-- Name: stockmoves_pkey; Type: CONSTRAINT; Schema: public; Owner: weberp_db_user
--

ALTER TABLE ONLY stockmoves
    ADD CONSTRAINT stockmoves_pkey PRIMARY KEY (stkmoveno);


--
-- TOC entry 259 (OID 45409)
-- Name: stockserialitems_pkey; Type: CONSTRAINT; Schema: public; Owner: weberp_db_user
--

ALTER TABLE ONLY stockserialitems
    ADD CONSTRAINT stockserialitems_pkey PRIMARY KEY (stockid, serialno, loccode);


--
-- TOC entry 262 (OID 45411)
-- Name: stockserialmoves_pkey; Type: CONSTRAINT; Schema: public; Owner: weberp_db_user
--

ALTER TABLE ONLY stockserialmoves
    ADD CONSTRAINT stockserialmoves_pkey PRIMARY KEY (stkitmmoveno);


--
-- TOC entry 272 (OID 45413)
-- Name: supptrans_pkey; Type: CONSTRAINT; Schema: public; Owner: weberp_db_user
--

ALTER TABLE ONLY supptrans
    ADD CONSTRAINT supptrans_pkey PRIMARY KEY (id);


--
-- TOC entry 277 (OID 45415)
-- Name: suppallocs_pkey; Type: CONSTRAINT; Schema: public; Owner: weberp_db_user
--

ALTER TABLE ONLY suppallocs
    ADD CONSTRAINT suppallocs_pkey PRIMARY KEY (id);


--
-- TOC entry 280 (OID 45417)
-- Name: suppliercontacts_pkey; Type: CONSTRAINT; Schema: public; Owner: weberp_db_user
--

ALTER TABLE ONLY suppliercontacts
    ADD CONSTRAINT suppliercontacts_pkey PRIMARY KEY (supplierid, contact);


--
-- TOC entry 285 (OID 45419)
-- Name: purchorders_pkey; Type: CONSTRAINT; Schema: public; Owner: weberp_db_user
--

ALTER TABLE ONLY purchorders
    ADD CONSTRAINT purchorders_pkey PRIMARY KEY (orderno);


--
-- TOC entry 293 (OID 45421)
-- Name: purchorderdetails_pkey; Type: CONSTRAINT; Schema: public; Owner: weberp_db_user
--

ALTER TABLE ONLY purchorderdetails
    ADD CONSTRAINT purchorderdetails_pkey PRIMARY KEY (podetailitem);


--
-- TOC entry 294 (OID 45423)
-- Name: grns_pkey; Type: CONSTRAINT; Schema: public; Owner: weberp_db_user
--

ALTER TABLE ONLY grns
    ADD CONSTRAINT grns_pkey PRIMARY KEY (grnno);


--
-- TOC entry 301 (OID 45425)
-- Name: taxauthlevels_pkey; Type: CONSTRAINT; Schema: public; Owner: weberp_db_user
--

ALTER TABLE ONLY taxauthlevels
    ADD CONSTRAINT taxauthlevels_pkey PRIMARY KEY (taxauthority, dispatchtaxauthority, "level");


--
-- TOC entry 304 (OID 45427)
-- Name: www_users_pkey; Type: CONSTRAINT; Schema: public; Owner: weberp_db_user
--

ALTER TABLE ONLY www_users
    ADD CONSTRAINT www_users_pkey PRIMARY KEY (userid);


--
-- TOC entry 307 (OID 45429)
-- Name: workcentres_pkey; Type: CONSTRAINT; Schema: public; Owner: weberp_db_user
--

ALTER TABLE ONLY workcentres
    ADD CONSTRAINT workcentres_pkey PRIMARY KEY (code);


--
-- TOC entry 313 (OID 45431)
-- Name: worksorders_pkey; Type: CONSTRAINT; Schema: public; Owner: weberp_db_user
--

ALTER TABLE ONLY worksorders
    ADD CONSTRAINT worksorders_pkey PRIMARY KEY (woref);


--
-- TOC entry 325 (OID 45433)
-- Name: worequirements_pkey; Type: CONSTRAINT; Schema: public; Owner: weberp_db_user
--

ALTER TABLE ONLY worequirements
    ADD CONSTRAINT worequirements_pkey PRIMARY KEY (id);


--
-- TOC entry 326 (OID 45435)
-- Name: bom_pkey; Type: CONSTRAINT; Schema: public; Owner: weberp_db_user
--

ALTER TABLE ONLY bom
    ADD CONSTRAINT bom_pkey PRIMARY KEY (parent, component, workcentreadded, loccode);


--
-- TOC entry 334 (OID 45437)
-- Name: bankaccounts_pkey; Type: CONSTRAINT; Schema: public; Owner: weberp_db_user
--

ALTER TABLE ONLY bankaccounts
    ADD CONSTRAINT bankaccounts_pkey PRIMARY KEY (accountcode);


--
-- TOC entry 337 (OID 45439)
-- Name: banktrans_pkey; Type: CONSTRAINT; Schema: public; Owner: weberp_db_user
--

ALTER TABLE ONLY banktrans
    ADD CONSTRAINT banktrans_pkey PRIMARY KEY (banktransid);


--
-- TOC entry 343 (OID 45441)
-- Name: buckets_pkey; Type: CONSTRAINT; Schema: public; Owner: weberp_db_user
--

ALTER TABLE ONLY buckets
    ADD CONSTRAINT buckets_pkey PRIMARY KEY (workcentre, availdate);


--
-- TOC entry 346 (OID 45443)
-- Name: chartdetails_pkey; Type: CONSTRAINT; Schema: public; Owner: weberp_db_user
--

ALTER TABLE ONLY chartdetails
    ADD CONSTRAINT chartdetails_pkey PRIMARY KEY (accountcode, period);


--
-- TOC entry 348 (OID 45445)
-- Name: contractbom_pkey; Type: CONSTRAINT; Schema: public; Owner: weberp_db_user
--

ALTER TABLE ONLY contractbom
    ADD CONSTRAINT contractbom_pkey PRIMARY KEY (contractref, component, workcentreadded, loccode);


--
-- TOC entry 354 (OID 45447)
-- Name: debtorsmaster_pkey; Type: CONSTRAINT; Schema: public; Owner: weberp_db_user
--

ALTER TABLE ONLY debtorsmaster
    ADD CONSTRAINT debtorsmaster_pkey PRIMARY KEY (debtorno);


--
-- TOC entry 362 (OID 45449)
-- Name: custbranch_pkey; Type: CONSTRAINT; Schema: public; Owner: weberp_db_user
--

ALTER TABLE ONLY custbranch
    ADD CONSTRAINT custbranch_pkey PRIMARY KEY (branchcode, debtorno);


--
-- TOC entry 372 (OID 45451)
-- Name: contracts_pkey; Type: CONSTRAINT; Schema: public; Owner: weberp_db_user
--

ALTER TABLE ONLY contracts
    ADD CONSTRAINT contracts_pkey PRIMARY KEY (contractref);


--
-- TOC entry 379 (OID 45453)
-- Name: contractreqts_pkey; Type: CONSTRAINT; Schema: public; Owner: weberp_db_user
--

ALTER TABLE ONLY contractreqts
    ADD CONSTRAINT contractreqts_pkey PRIMARY KEY (contractreqid);


--
-- TOC entry 387 (OID 45455)
-- Name: salesorders_pkey; Type: CONSTRAINT; Schema: public; Owner: weberp_db_user
--

ALTER TABLE ONLY salesorders
    ADD CONSTRAINT salesorders_pkey PRIMARY KEY (orderno);


--
-- TOC entry 392 (OID 45457)
-- Name: orderdeliverydifferenceslog_pkey; Type: CONSTRAINT; Schema: public; Owner: weberp_db_user
--

ALTER TABLE ONLY orderdeliverydifferenceslog
    ADD CONSTRAINT orderdeliverydifferenceslog_pkey PRIMARY KEY (orderno, invoiceno, stockid);


--
-- TOC entry 396 (OID 45459)
-- Name: salesorderdetails_pkey; Type: CONSTRAINT; Schema: public; Owner: weberp_db_user
--

ALTER TABLE ONLY salesorderdetails
    ADD CONSTRAINT salesorderdetails_pkey PRIMARY KEY (orderno, stkcode);


--
-- TOC entry 397 (OID 45461)
-- Name: debtortrans_pkey; Type: CONSTRAINT; Schema: public; Owner: weberp_db_user
--

ALTER TABLE ONLY debtortrans
    ADD CONSTRAINT debtortrans_pkey PRIMARY KEY (id);


--
-- TOC entry 408 (OID 45463)
-- Name: custallocns_pkey; Type: CONSTRAINT; Schema: public; Owner: weberp_db_user
--

ALTER TABLE ONLY custallocns
    ADD CONSTRAINT custallocns_pkey PRIMARY KEY (id);


--
-- TOC entry 412 (OID 45465)
-- Name: areas_pkey; Type: CONSTRAINT; Schema: public; Owner: weberp_db_user
--

ALTER TABLE ONLY areas
    ADD CONSTRAINT areas_pkey PRIMARY KEY (areacode);


--
-- TOC entry 413 (OID 45467)
-- Name: recurringsalesorders_pkey; Type: CONSTRAINT; Schema: public; Owner: weberp_db_user
--

ALTER TABLE ONLY recurringsalesorders
    ADD CONSTRAINT recurringsalesorders_pkey PRIMARY KEY (recurrorderno);


--
-- TOC entry 414 (OID 45469)
-- Name: recurrsalesorderdetails_pkey; Type: CONSTRAINT; Schema: public; Owner: weberp_db_user
--

ALTER TABLE ONLY recurrsalesorderdetails
    ADD CONSTRAINT recurrsalesorderdetails_pkey PRIMARY KEY (recurrorderno, stkcode);


--
-- TOC entry 415 (OID 45471)
-- Name: accountsection_pkey; Type: CONSTRAINT; Schema: public; Owner: weberp_db_user
--

ALTER TABLE ONLY accountsection
    ADD CONSTRAINT accountsection_pkey PRIMARY KEY (sectionid);


--
-- TOC entry 416 (OID 45473)
-- Name: securityheadings_pkey; Type: CONSTRAINT; Schema: public; Owner: weberp_db_user
--

ALTER TABLE ONLY securityroles
    ADD CONSTRAINT securityheadings_pkey PRIMARY KEY (secroleid);


--
-- TOC entry 417 (OID 45475)
-- Name: securitytokens_pkey; Type: CONSTRAINT; Schema: public; Owner: weberp_db_user
--

ALTER TABLE ONLY securitytokens
    ADD CONSTRAINT securitytokens_pkey PRIMARY KEY (tokenid);


--
-- TOC entry 418 (OID 45477)
-- Name: securitygroups_pkey; Type: CONSTRAINT; Schema: public; Owner: weberp_db_user
--

ALTER TABLE ONLY securitygroups
    ADD CONSTRAINT securitygroups_pkey PRIMARY KEY (secroleid, tokenid);


--
-- TOC entry 419 (OID 45479)
-- Name: paymentmethods_pkey; Type: CONSTRAINT; Schema: public; Owner: weberp_db_user
--

ALTER TABLE ONLY paymentmethods
    ADD CONSTRAINT paymentmethods_pkey PRIMARY KEY (paymentname);


--
-- TOC entry 420 (OID 45481)
-- Name: unitsofmeasure_pkey; Type: CONSTRAINT; Schema: public; Owner: weberp_db_user
--

ALTER TABLE ONLY unitsofmeasure
    ADD CONSTRAINT unitsofmeasure_pkey PRIMARY KEY (unitname);


--
-- TOC entry 421 (OID 45483)
-- Name: config_pkey; Type: CONSTRAINT; Schema: public; Owner: weberp_db_user
--

ALTER TABLE ONLY config
    ADD CONSTRAINT config_pkey PRIMARY KEY (confname);


--
-- TOC entry 552 (OID 45485)
-- Name: cnt001254; Type: FK CONSTRAINT; Schema: public; Owner: weberp_db_user
--

ALTER TABLE ONLY chartmaster
    ADD CONSTRAINT cnt001254 FOREIGN KEY (group_) REFERENCES accountgroups(groupname);


--
-- TOC entry 553 (OID 45489)
-- Name: cnt001389; Type: FK CONSTRAINT; Schema: public; Owner: weberp_db_user
--

ALTER TABLE ONLY taxauthorities
    ADD CONSTRAINT cnt001389 FOREIGN KEY (taxglcode) REFERENCES chartmaster(accountcode);


--
-- TOC entry 554 (OID 45493)
-- Name: cnt001390; Type: FK CONSTRAINT; Schema: public; Owner: weberp_db_user
--

ALTER TABLE ONLY taxauthorities
    ADD CONSTRAINT cnt001390 FOREIGN KEY (purchtaxglaccount) REFERENCES chartmaster(accountcode);


--
-- TOC entry 555 (OID 45497)
-- Name: cnt001296; Type: FK CONSTRAINT; Schema: public; Owner: weberp_db_user
--

ALTER TABLE ONLY gltrans
    ADD CONSTRAINT cnt001296 FOREIGN KEY (account) REFERENCES chartmaster(accountcode);


--
-- TOC entry 556 (OID 45501)
-- Name: cnt001297; Type: FK CONSTRAINT; Schema: public; Owner: weberp_db_user
--

ALTER TABLE ONLY gltrans
    ADD CONSTRAINT cnt001297 FOREIGN KEY ("type") REFERENCES systypes(typeid);


--
-- TOC entry 557 (OID 45505)
-- Name: cnt001298; Type: FK CONSTRAINT; Schema: public; Owner: weberp_db_user
--

ALTER TABLE ONLY gltrans
    ADD CONSTRAINT cnt001298 FOREIGN KEY (periodno) REFERENCES periods(periodno);


--
-- TOC entry 558 (OID 45509)
-- Name: cnt001331; Type: FK CONSTRAINT; Schema: public; Owner: weberp_db_user
--

ALTER TABLE ONLY reportcolumns
    ADD CONSTRAINT cnt001331 FOREIGN KEY (reportid) REFERENCES reportheaders(reportid);


--
-- TOC entry 559 (OID 45513)
-- Name: cnt001334; Type: FK CONSTRAINT; Schema: public; Owner: weberp_db_user
--

ALTER TABLE ONLY salesanalysis
    ADD CONSTRAINT cnt001334 FOREIGN KEY (periodno) REFERENCES periods(periodno);


--
-- TOC entry 560 (OID 45517)
-- Name: cnt001287; Type: FK CONSTRAINT; Schema: public; Owner: weberp_db_user
--

ALTER TABLE ONLY discountmatrix
    ADD CONSTRAINT cnt001287 FOREIGN KEY (salestype) REFERENCES salestypes(typeabbrev);


--
-- TOC entry 561 (OID 45521)
-- Name: cnt001381; Type: FK CONSTRAINT; Schema: public; Owner: weberp_db_user
--

ALTER TABLE ONLY suppliers
    ADD CONSTRAINT cnt001381 FOREIGN KEY (currcode) REFERENCES currencies(currabrev);


--
-- TOC entry 562 (OID 45525)
-- Name: cnt001382; Type: FK CONSTRAINT; Schema: public; Owner: weberp_db_user
--

ALTER TABLE ONLY suppliers
    ADD CONSTRAINT cnt001382 FOREIGN KEY (paymentterms) REFERENCES paymentterms(termsindicator);


--
-- TOC entry 563 (OID 45529)
-- Name: cnt001383; Type: FK CONSTRAINT; Schema: public; Owner: weberp_db_user
--

ALTER TABLE ONLY suppliers
    ADD CONSTRAINT cnt001383 FOREIGN KEY (taxauthority) REFERENCES taxauthorities(taxid);


--
-- TOC entry 564 (OID 45533)
-- Name: cnt001350; Type: FK CONSTRAINT; Schema: public; Owner: weberp_db_user
--

ALTER TABLE ONLY shipments
    ADD CONSTRAINT cnt001350 FOREIGN KEY (supplierid) REFERENCES suppliers(supplierid);


--
-- TOC entry 565 (OID 45537)
-- Name: cnt001347; Type: FK CONSTRAINT; Schema: public; Owner: weberp_db_user
--

ALTER TABLE ONLY shipmentcharges
    ADD CONSTRAINT cnt001347 FOREIGN KEY (shiptref) REFERENCES shipments(shiptref);


--
-- TOC entry 566 (OID 45541)
-- Name: cnt001348; Type: FK CONSTRAINT; Schema: public; Owner: weberp_db_user
--

ALTER TABLE ONLY shipmentcharges
    ADD CONSTRAINT cnt001348 FOREIGN KEY (transtype) REFERENCES systypes(typeid);


--
-- TOC entry 567 (OID 45545)
-- Name: cnt001293; Type: FK CONSTRAINT; Schema: public; Owner: weberp_db_user
--

ALTER TABLE ONLY freightcosts
    ADD CONSTRAINT cnt001293 FOREIGN KEY (locationfrom) REFERENCES locations(loccode);


--
-- TOC entry 568 (OID 45549)
-- Name: cnt001294; Type: FK CONSTRAINT; Schema: public; Owner: weberp_db_user
--

ALTER TABLE ONLY freightcosts
    ADD CONSTRAINT cnt001294 FOREIGN KEY (shipperid) REFERENCES shippers(shipper_id);


--
-- TOC entry 569 (OID 45553)
-- Name: cnt001360; Type: FK CONSTRAINT; Schema: public; Owner: weberp_db_user
--

ALTER TABLE ONLY stockmaster
    ADD CONSTRAINT cnt001360 FOREIGN KEY (categoryid) REFERENCES stockcategory(categoryid);


--
-- TOC entry 570 (OID 45557)
-- Name: cnt001357; Type: FK CONSTRAINT; Schema: public; Owner: weberp_db_user
--

ALTER TABLE ONLY stockcounts
    ADD CONSTRAINT cnt001357 FOREIGN KEY (stockid) REFERENCES stockmaster(stockid);


--
-- TOC entry 571 (OID 45561)
-- Name: cnt001358; Type: FK CONSTRAINT; Schema: public; Owner: weberp_db_user
--

ALTER TABLE ONLY stockcounts
    ADD CONSTRAINT cnt001358 FOREIGN KEY (loccode) REFERENCES locations(loccode);


--
-- TOC entry 572 (OID 45565)
-- Name: cnt001354; Type: FK CONSTRAINT; Schema: public; Owner: weberp_db_user
--

ALTER TABLE ONLY stockcheckfreeze
    ADD CONSTRAINT cnt001354 FOREIGN KEY (stockid) REFERENCES stockmaster(stockid);


--
-- TOC entry 573 (OID 45569)
-- Name: cnt001355; Type: FK CONSTRAINT; Schema: public; Owner: weberp_db_user
--

ALTER TABLE ONLY stockcheckfreeze
    ADD CONSTRAINT cnt001355 FOREIGN KEY (loccode) REFERENCES locations(loccode);


--
-- TOC entry 574 (OID 45573)
-- Name: cnt001319; Type: FK CONSTRAINT; Schema: public; Owner: weberp_db_user
--

ALTER TABLE ONLY prices
    ADD CONSTRAINT cnt001319 FOREIGN KEY (stockid) REFERENCES stockmaster(stockid);


--
-- TOC entry 575 (OID 45577)
-- Name: cnt001320; Type: FK CONSTRAINT; Schema: public; Owner: weberp_db_user
--

ALTER TABLE ONLY prices
    ADD CONSTRAINT cnt001320 FOREIGN KEY (currabrev) REFERENCES currencies(currabrev);


--
-- TOC entry 576 (OID 45581)
-- Name: cnt001321; Type: FK CONSTRAINT; Schema: public; Owner: weberp_db_user
--

ALTER TABLE ONLY prices
    ADD CONSTRAINT cnt001321 FOREIGN KEY (typeabbrev) REFERENCES salestypes(typeabbrev);


--
-- TOC entry 577 (OID 45585)
-- Name: cnt001323; Type: FK CONSTRAINT; Schema: public; Owner: weberp_db_user
--

ALTER TABLE ONLY purchdata
    ADD CONSTRAINT cnt001323 FOREIGN KEY (stockid) REFERENCES stockmaster(stockid);


--
-- TOC entry 578 (OID 45589)
-- Name: cnt001324; Type: FK CONSTRAINT; Schema: public; Owner: weberp_db_user
--

ALTER TABLE ONLY purchdata
    ADD CONSTRAINT cnt001324 FOREIGN KEY (supplierno) REFERENCES suppliers(supplierid);


--
-- TOC entry 579 (OID 45593)
-- Name: cnt001305; Type: FK CONSTRAINT; Schema: public; Owner: weberp_db_user
--

ALTER TABLE ONLY locstock
    ADD CONSTRAINT cnt001305 FOREIGN KEY (loccode) REFERENCES locations(loccode);


--
-- TOC entry 580 (OID 45597)
-- Name: cnt001306; Type: FK CONSTRAINT; Schema: public; Owner: weberp_db_user
--

ALTER TABLE ONLY locstock
    ADD CONSTRAINT cnt001306 FOREIGN KEY (stockid) REFERENCES stockmaster(stockid);


--
-- TOC entry 581 (OID 45601)
-- Name: cnt001308; Type: FK CONSTRAINT; Schema: public; Owner: weberp_db_user
--

ALTER TABLE ONLY loctransfers
    ADD CONSTRAINT cnt001308 FOREIGN KEY (shiploc) REFERENCES locations(loccode);


--
-- TOC entry 582 (OID 45605)
-- Name: cnt001309; Type: FK CONSTRAINT; Schema: public; Owner: weberp_db_user
--

ALTER TABLE ONLY loctransfers
    ADD CONSTRAINT cnt001309 FOREIGN KEY (recloc) REFERENCES locations(loccode);


--
-- TOC entry 583 (OID 45609)
-- Name: cnt001310; Type: FK CONSTRAINT; Schema: public; Owner: weberp_db_user
--

ALTER TABLE ONLY loctransfers
    ADD CONSTRAINT cnt001310 FOREIGN KEY (stockid) REFERENCES stockmaster(stockid);


--
-- TOC entry 584 (OID 45613)
-- Name: cnt001362; Type: FK CONSTRAINT; Schema: public; Owner: weberp_db_user
--

ALTER TABLE ONLY stockmoves
    ADD CONSTRAINT cnt001362 FOREIGN KEY (stockid) REFERENCES stockmaster(stockid);


--
-- TOC entry 585 (OID 45617)
-- Name: cnt001363; Type: FK CONSTRAINT; Schema: public; Owner: weberp_db_user
--

ALTER TABLE ONLY stockmoves
    ADD CONSTRAINT cnt001363 FOREIGN KEY ("type") REFERENCES systypes(typeid);


--
-- TOC entry 586 (OID 45621)
-- Name: cnt001364; Type: FK CONSTRAINT; Schema: public; Owner: weberp_db_user
--

ALTER TABLE ONLY stockmoves
    ADD CONSTRAINT cnt001364 FOREIGN KEY (loccode) REFERENCES locations(loccode);


--
-- TOC entry 587 (OID 45625)
-- Name: cnt001365; Type: FK CONSTRAINT; Schema: public; Owner: weberp_db_user
--

ALTER TABLE ONLY stockmoves
    ADD CONSTRAINT cnt001365 FOREIGN KEY (prd) REFERENCES periods(periodno);


--
-- TOC entry 588 (OID 45629)
-- Name: cnt001367; Type: FK CONSTRAINT; Schema: public; Owner: weberp_db_user
--

ALTER TABLE ONLY stockserialitems
    ADD CONSTRAINT cnt001367 FOREIGN KEY (stockid) REFERENCES stockmaster(stockid);


--
-- TOC entry 589 (OID 45633)
-- Name: cnt001368; Type: FK CONSTRAINT; Schema: public; Owner: weberp_db_user
--

ALTER TABLE ONLY stockserialitems
    ADD CONSTRAINT cnt001368 FOREIGN KEY (loccode) REFERENCES locations(loccode);


--
-- TOC entry 590 (OID 45637)
-- Name: cnt001370; Type: FK CONSTRAINT; Schema: public; Owner: weberp_db_user
--

ALTER TABLE ONLY stockserialmoves
    ADD CONSTRAINT cnt001370 FOREIGN KEY (stockmoveno) REFERENCES stockmoves(stkmoveno);


--
-- TOC entry 591 (OID 45641)
-- Name: cnt001376; Type: FK CONSTRAINT; Schema: public; Owner: weberp_db_user
--

ALTER TABLE ONLY supptrans
    ADD CONSTRAINT cnt001376 FOREIGN KEY ("type") REFERENCES systypes(typeid);


--
-- TOC entry 592 (OID 45645)
-- Name: cnt001377; Type: FK CONSTRAINT; Schema: public; Owner: weberp_db_user
--

ALTER TABLE ONLY supptrans
    ADD CONSTRAINT cnt001377 FOREIGN KEY (supplierno) REFERENCES suppliers(supplierid);


--
-- TOC entry 593 (OID 45649)
-- Name: cnt001373; Type: FK CONSTRAINT; Schema: public; Owner: weberp_db_user
--

ALTER TABLE ONLY suppallocs
    ADD CONSTRAINT cnt001373 FOREIGN KEY (transid_allocfrom) REFERENCES supptrans(id);


--
-- TOC entry 594 (OID 45653)
-- Name: cnt001374; Type: FK CONSTRAINT; Schema: public; Owner: weberp_db_user
--

ALTER TABLE ONLY suppallocs
    ADD CONSTRAINT cnt001374 FOREIGN KEY (transid_allocto) REFERENCES supptrans(id);


--
-- TOC entry 595 (OID 45657)
-- Name: cnt001379; Type: FK CONSTRAINT; Schema: public; Owner: weberp_db_user
--

ALTER TABLE ONLY suppliercontacts
    ADD CONSTRAINT cnt001379 FOREIGN KEY (supplierid) REFERENCES suppliers(supplierid);


--
-- TOC entry 596 (OID 45661)
-- Name: cnt001328; Type: FK CONSTRAINT; Schema: public; Owner: weberp_db_user
--

ALTER TABLE ONLY purchorders
    ADD CONSTRAINT cnt001328 FOREIGN KEY (supplierno) REFERENCES suppliers(supplierid);


--
-- TOC entry 597 (OID 45665)
-- Name: cnt001329; Type: FK CONSTRAINT; Schema: public; Owner: weberp_db_user
--

ALTER TABLE ONLY purchorders
    ADD CONSTRAINT cnt001329 FOREIGN KEY (intostocklocation) REFERENCES locations(loccode);


--
-- TOC entry 598 (OID 45669)
-- Name: cnt001326; Type: FK CONSTRAINT; Schema: public; Owner: weberp_db_user
--

ALTER TABLE ONLY purchorderdetails
    ADD CONSTRAINT cnt001326 FOREIGN KEY (orderno) REFERENCES purchorders(orderno);


--
-- TOC entry 599 (OID 45673)
-- Name: cnt001300; Type: FK CONSTRAINT; Schema: public; Owner: weberp_db_user
--

ALTER TABLE ONLY grns
    ADD CONSTRAINT cnt001300 FOREIGN KEY (supplierid) REFERENCES suppliers(supplierid);


--
-- TOC entry 600 (OID 45677)
-- Name: cnt001301; Type: FK CONSTRAINT; Schema: public; Owner: weberp_db_user
--

ALTER TABLE ONLY grns
    ADD CONSTRAINT cnt001301 FOREIGN KEY (podetailitem) REFERENCES purchorderdetails(podetailitem);


--
-- TOC entry 601 (OID 45681)
-- Name: cnt001386; Type: FK CONSTRAINT; Schema: public; Owner: weberp_db_user
--

ALTER TABLE ONLY taxauthlevels
    ADD CONSTRAINT cnt001386 FOREIGN KEY (taxauthority) REFERENCES taxauthorities(taxid);


--
-- TOC entry 602 (OID 45685)
-- Name: cnt001387; Type: FK CONSTRAINT; Schema: public; Owner: weberp_db_user
--

ALTER TABLE ONLY taxauthlevels
    ADD CONSTRAINT cnt001387 FOREIGN KEY (dispatchtaxauthority) REFERENCES taxauthorities(taxid);


--
-- TOC entry 603 (OID 45689)
-- Name: cnt001400; Type: FK CONSTRAINT; Schema: public; Owner: weberp_db_user
--

ALTER TABLE ONLY www_users
    ADD CONSTRAINT cnt001400 FOREIGN KEY (defaultlocation) REFERENCES locations(loccode);


--
-- TOC entry 604 (OID 45693)
-- Name: cnt001402; Type: FK CONSTRAINT; Schema: public; Owner: weberp_db_user
--

ALTER TABLE ONLY workcentres
    ADD CONSTRAINT cnt001402 FOREIGN KEY ("location") REFERENCES locations(loccode);


--
-- TOC entry 605 (OID 45697)
-- Name: cnt001404; Type: FK CONSTRAINT; Schema: public; Owner: weberp_db_user
--

ALTER TABLE ONLY worksorders
    ADD CONSTRAINT cnt001404 FOREIGN KEY (loccode) REFERENCES locations(loccode);


--
-- TOC entry 606 (OID 45701)
-- Name: cnt001405; Type: FK CONSTRAINT; Schema: public; Owner: weberp_db_user
--

ALTER TABLE ONLY worksorders
    ADD CONSTRAINT cnt001405 FOREIGN KEY (stockid) REFERENCES stockmaster(stockid);


--
-- TOC entry 607 (OID 45705)
-- Name: cnt001392; Type: FK CONSTRAINT; Schema: public; Owner: weberp_db_user
--

ALTER TABLE ONLY woissues
    ADD CONSTRAINT cnt001392 FOREIGN KEY (woref) REFERENCES worksorders(woref);


--
-- TOC entry 608 (OID 45709)
-- Name: cnt001393; Type: FK CONSTRAINT; Schema: public; Owner: weberp_db_user
--

ALTER TABLE ONLY woissues
    ADD CONSTRAINT cnt001393 FOREIGN KEY (stockid) REFERENCES stockmaster(stockid);


--
-- TOC entry 609 (OID 45713)
-- Name: cnt001394; Type: FK CONSTRAINT; Schema: public; Owner: weberp_db_user
--

ALTER TABLE ONLY woissues
    ADD CONSTRAINT cnt001394 FOREIGN KEY (workcentre) REFERENCES workcentres(code);


--
-- TOC entry 610 (OID 45717)
-- Name: cnt001396; Type: FK CONSTRAINT; Schema: public; Owner: weberp_db_user
--

ALTER TABLE ONLY worequirements
    ADD CONSTRAINT cnt001396 FOREIGN KEY (woref) REFERENCES worksorders(woref);


--
-- TOC entry 611 (OID 45721)
-- Name: cnt001397; Type: FK CONSTRAINT; Schema: public; Owner: weberp_db_user
--

ALTER TABLE ONLY worequirements
    ADD CONSTRAINT cnt001397 FOREIGN KEY (stockid) REFERENCES stockmaster(stockid);


--
-- TOC entry 612 (OID 45725)
-- Name: cnt001398; Type: FK CONSTRAINT; Schema: public; Owner: weberp_db_user
--

ALTER TABLE ONLY worequirements
    ADD CONSTRAINT cnt001398 FOREIGN KEY (wrkcentre) REFERENCES workcentres(code);


--
-- TOC entry 613 (OID 45729)
-- Name: cnt001238; Type: FK CONSTRAINT; Schema: public; Owner: weberp_db_user
--

ALTER TABLE ONLY bom
    ADD CONSTRAINT cnt001238 FOREIGN KEY (parent) REFERENCES stockmaster(stockid);


--
-- TOC entry 614 (OID 45733)
-- Name: cnt001239; Type: FK CONSTRAINT; Schema: public; Owner: weberp_db_user
--

ALTER TABLE ONLY bom
    ADD CONSTRAINT cnt001239 FOREIGN KEY (component) REFERENCES stockmaster(stockid);


--
-- TOC entry 615 (OID 45737)
-- Name: cnt001240; Type: FK CONSTRAINT; Schema: public; Owner: weberp_db_user
--

ALTER TABLE ONLY bom
    ADD CONSTRAINT cnt001240 FOREIGN KEY (workcentreadded) REFERENCES workcentres(code);


--
-- TOC entry 616 (OID 45741)
-- Name: cnt001241; Type: FK CONSTRAINT; Schema: public; Owner: weberp_db_user
--

ALTER TABLE ONLY bom
    ADD CONSTRAINT cnt001241 FOREIGN KEY (loccode) REFERENCES locations(loccode);


--
-- TOC entry 617 (OID 45745)
-- Name: cnt001243; Type: FK CONSTRAINT; Schema: public; Owner: weberp_db_user
--

ALTER TABLE ONLY bankaccounts
    ADD CONSTRAINT cnt001243 FOREIGN KEY (accountcode) REFERENCES chartmaster(accountcode);


--
-- TOC entry 618 (OID 45749)
-- Name: cnt001245; Type: FK CONSTRAINT; Schema: public; Owner: weberp_db_user
--

ALTER TABLE ONLY banktrans
    ADD CONSTRAINT cnt001245 FOREIGN KEY ("type") REFERENCES systypes(typeid);


--
-- TOC entry 619 (OID 45753)
-- Name: cnt001246; Type: FK CONSTRAINT; Schema: public; Owner: weberp_db_user
--

ALTER TABLE ONLY banktrans
    ADD CONSTRAINT cnt001246 FOREIGN KEY (bankact) REFERENCES bankaccounts(accountcode);


--
-- TOC entry 620 (OID 45757)
-- Name: cnt001248; Type: FK CONSTRAINT; Schema: public; Owner: weberp_db_user
--

ALTER TABLE ONLY buckets
    ADD CONSTRAINT cnt001248 FOREIGN KEY (workcentre) REFERENCES workcentres(code);


--
-- TOC entry 621 (OID 45761)
-- Name: cnt001251; Type: FK CONSTRAINT; Schema: public; Owner: weberp_db_user
--

ALTER TABLE ONLY chartdetails
    ADD CONSTRAINT cnt001251 FOREIGN KEY (accountcode) REFERENCES chartmaster(accountcode);


--
-- TOC entry 622 (OID 45765)
-- Name: cnt001252; Type: FK CONSTRAINT; Schema: public; Owner: weberp_db_user
--

ALTER TABLE ONLY chartdetails
    ADD CONSTRAINT cnt001252 FOREIGN KEY (period) REFERENCES periods(periodno);


--
-- TOC entry 623 (OID 45769)
-- Name: cnt001257; Type: FK CONSTRAINT; Schema: public; Owner: weberp_db_user
--

ALTER TABLE ONLY contractbom
    ADD CONSTRAINT cnt001257 FOREIGN KEY (workcentreadded) REFERENCES workcentres(code);


--
-- TOC entry 624 (OID 45773)
-- Name: cnt001258; Type: FK CONSTRAINT; Schema: public; Owner: weberp_db_user
--

ALTER TABLE ONLY contractbom
    ADD CONSTRAINT cnt001258 FOREIGN KEY (loccode) REFERENCES locations(loccode);


--
-- TOC entry 625 (OID 45777)
-- Name: cnt001259; Type: FK CONSTRAINT; Schema: public; Owner: weberp_db_user
--

ALTER TABLE ONLY contractbom
    ADD CONSTRAINT cnt001259 FOREIGN KEY (component) REFERENCES stockmaster(stockid);


--
-- TOC entry 626 (OID 45781)
-- Name: cnt001282; Type: FK CONSTRAINT; Schema: public; Owner: weberp_db_user
--

ALTER TABLE ONLY debtorsmaster
    ADD CONSTRAINT cnt001282 FOREIGN KEY (holdreason) REFERENCES holdreasons(reasoncode);


--
-- TOC entry 627 (OID 45785)
-- Name: cnt001283; Type: FK CONSTRAINT; Schema: public; Owner: weberp_db_user
--

ALTER TABLE ONLY debtorsmaster
    ADD CONSTRAINT cnt001283 FOREIGN KEY (currcode) REFERENCES currencies(currabrev);


--
-- TOC entry 628 (OID 45789)
-- Name: cnt001284; Type: FK CONSTRAINT; Schema: public; Owner: weberp_db_user
--

ALTER TABLE ONLY debtorsmaster
    ADD CONSTRAINT cnt001284 FOREIGN KEY (paymentterms) REFERENCES paymentterms(termsindicator);


--
-- TOC entry 629 (OID 45793)
-- Name: cnt001285; Type: FK CONSTRAINT; Schema: public; Owner: weberp_db_user
--

ALTER TABLE ONLY debtorsmaster
    ADD CONSTRAINT cnt001285 FOREIGN KEY (salestype) REFERENCES salestypes(typeabbrev);


--
-- TOC entry 630 (OID 45797)
-- Name: cnt001271; Type: FK CONSTRAINT; Schema: public; Owner: weberp_db_user
--

ALTER TABLE ONLY custbranch
    ADD CONSTRAINT cnt001271 FOREIGN KEY (debtorno) REFERENCES debtorsmaster(debtorno);


--
-- TOC entry 631 (OID 45801)
-- Name: cnt001273; Type: FK CONSTRAINT; Schema: public; Owner: weberp_db_user
--

ALTER TABLE ONLY custbranch
    ADD CONSTRAINT cnt001273 FOREIGN KEY (salesman) REFERENCES salesman(salesmancode);


--
-- TOC entry 632 (OID 45805)
-- Name: cnt001274; Type: FK CONSTRAINT; Schema: public; Owner: weberp_db_user
--

ALTER TABLE ONLY custbranch
    ADD CONSTRAINT cnt001274 FOREIGN KEY (defaultlocation) REFERENCES locations(loccode);


--
-- TOC entry 633 (OID 45809)
-- Name: cnt001275; Type: FK CONSTRAINT; Schema: public; Owner: weberp_db_user
--

ALTER TABLE ONLY custbranch
    ADD CONSTRAINT cnt001275 FOREIGN KEY (taxauthority) REFERENCES taxauthorities(taxid);


--
-- TOC entry 634 (OID 45813)
-- Name: cnt001276; Type: FK CONSTRAINT; Schema: public; Owner: weberp_db_user
--

ALTER TABLE ONLY custbranch
    ADD CONSTRAINT cnt001276 FOREIGN KEY (defaultshipvia) REFERENCES shippers(shipper_id);


--
-- TOC entry 636 (OID 45817)
-- Name: cnt001263; Type: FK CONSTRAINT; Schema: public; Owner: weberp_db_user
--

ALTER TABLE ONLY contracts
    ADD CONSTRAINT cnt001263 FOREIGN KEY (debtorno, branchcode) REFERENCES custbranch(debtorno, branchcode);


--
-- TOC entry 637 (OID 45821)
-- Name: cnt001264; Type: FK CONSTRAINT; Schema: public; Owner: weberp_db_user
--

ALTER TABLE ONLY contracts
    ADD CONSTRAINT cnt001264 FOREIGN KEY (categoryid) REFERENCES stockcategory(categoryid);


--
-- TOC entry 638 (OID 45825)
-- Name: cnt001265; Type: FK CONSTRAINT; Schema: public; Owner: weberp_db_user
--

ALTER TABLE ONLY contracts
    ADD CONSTRAINT cnt001265 FOREIGN KEY (typeabbrev) REFERENCES salestypes(typeabbrev);


--
-- TOC entry 639 (OID 45829)
-- Name: cnt001261; Type: FK CONSTRAINT; Schema: public; Owner: weberp_db_user
--

ALTER TABLE ONLY contractreqts
    ADD CONSTRAINT cnt001261 FOREIGN KEY (contract) REFERENCES contracts(contractref);


--
-- TOC entry 640 (OID 45833)
-- Name: cnt001340; Type: FK CONSTRAINT; Schema: public; Owner: weberp_db_user
--

ALTER TABLE ONLY salesorders
    ADD CONSTRAINT cnt001340 FOREIGN KEY (branchcode, debtorno) REFERENCES custbranch(branchcode, debtorno);


--
-- TOC entry 641 (OID 45837)
-- Name: cnt001341; Type: FK CONSTRAINT; Schema: public; Owner: weberp_db_user
--

ALTER TABLE ONLY salesorders
    ADD CONSTRAINT cnt001341 FOREIGN KEY (shipvia) REFERENCES shippers(shipper_id);


--
-- TOC entry 642 (OID 45841)
-- Name: cnt001342; Type: FK CONSTRAINT; Schema: public; Owner: weberp_db_user
--

ALTER TABLE ONLY salesorders
    ADD CONSTRAINT cnt001342 FOREIGN KEY (fromstkloc) REFERENCES locations(loccode);


--
-- TOC entry 643 (OID 45845)
-- Name: cnt001313; Type: FK CONSTRAINT; Schema: public; Owner: weberp_db_user
--

ALTER TABLE ONLY orderdeliverydifferenceslog
    ADD CONSTRAINT cnt001313 FOREIGN KEY (stockid) REFERENCES stockmaster(stockid);


--
-- TOC entry 644 (OID 45849)
-- Name: cnt001314; Type: FK CONSTRAINT; Schema: public; Owner: weberp_db_user
--

ALTER TABLE ONLY orderdeliverydifferenceslog
    ADD CONSTRAINT cnt001314 FOREIGN KEY (debtorno, branch) REFERENCES custbranch(debtorno, branchcode);


--
-- TOC entry 645 (OID 45853)
-- Name: cnt001315; Type: FK CONSTRAINT; Schema: public; Owner: weberp_db_user
--

ALTER TABLE ONLY orderdeliverydifferenceslog
    ADD CONSTRAINT cnt001315 FOREIGN KEY (orderno) REFERENCES salesorders(orderno);


--
-- TOC entry 646 (OID 45857)
-- Name: cnt001337; Type: FK CONSTRAINT; Schema: public; Owner: weberp_db_user
--

ALTER TABLE ONLY salesorderdetails
    ADD CONSTRAINT cnt001337 FOREIGN KEY (orderno) REFERENCES salesorders(orderno);


--
-- TOC entry 647 (OID 45861)
-- Name: cnt001338; Type: FK CONSTRAINT; Schema: public; Owner: weberp_db_user
--

ALTER TABLE ONLY salesorderdetails
    ADD CONSTRAINT cnt001338 FOREIGN KEY (stkcode) REFERENCES stockmaster(stockid);


--
-- TOC entry 648 (OID 45865)
-- Name: cnt001278; Type: FK CONSTRAINT; Schema: public; Owner: weberp_db_user
--

ALTER TABLE ONLY debtortrans
    ADD CONSTRAINT cnt001278 FOREIGN KEY (debtorno) REFERENCES debtorsmaster(debtorno);


--
-- TOC entry 649 (OID 45869)
-- Name: cnt001279; Type: FK CONSTRAINT; Schema: public; Owner: weberp_db_user
--

ALTER TABLE ONLY debtortrans
    ADD CONSTRAINT cnt001279 FOREIGN KEY ("type") REFERENCES systypes(typeid);


--
-- TOC entry 650 (OID 45873)
-- Name: cnt001280; Type: FK CONSTRAINT; Schema: public; Owner: weberp_db_user
--

ALTER TABLE ONLY debtortrans
    ADD CONSTRAINT cnt001280 FOREIGN KEY (prd) REFERENCES periods(periodno);


--
-- TOC entry 651 (OID 45877)
-- Name: cnt001268; Type: FK CONSTRAINT; Schema: public; Owner: weberp_db_user
--

ALTER TABLE ONLY custallocns
    ADD CONSTRAINT cnt001268 FOREIGN KEY (transid_allocfrom) REFERENCES debtortrans(id);


--
-- TOC entry 652 (OID 45881)
-- Name: cnt001269; Type: FK CONSTRAINT; Schema: public; Owner: weberp_db_user
--

ALTER TABLE ONLY custallocns
    ADD CONSTRAINT cnt001269 FOREIGN KEY (transid_allocto) REFERENCES debtortrans(id);


--
-- TOC entry 635 (OID 45885)
-- Name: cnt001272; Type: FK CONSTRAINT; Schema: public; Owner: weberp_db_user
--

ALTER TABLE ONLY custbranch
    ADD CONSTRAINT cnt001272 FOREIGN KEY (area) REFERENCES areas(areacode);


--
-- TOC entry 653 (OID 45889)
-- Name: recurrorderno; Type: FK CONSTRAINT; Schema: public; Owner: weberp_db_user
--

ALTER TABLE ONLY recurrsalesorderdetails
    ADD CONSTRAINT recurrorderno FOREIGN KEY (recurrorderno) REFERENCES recurringsalesorders(recurrorderno);


--
-- TOC entry 654 (OID 45893)
-- Name: recurrorderstkcode; Type: FK CONSTRAINT; Schema: public; Owner: weberp_db_user
--

ALTER TABLE ONLY recurrsalesorderdetails
    ADD CONSTRAINT recurrorderstkcode FOREIGN KEY (stkcode) REFERENCES stockmaster(stockid);


--
-- TOC entry 551 (OID 45897)
-- Name: $1; Type: FK CONSTRAINT; Schema: public; Owner: weberp_db_user
--

ALTER TABLE ONLY accountgroups
    ADD CONSTRAINT "$1" FOREIGN KEY (sectioninaccounts) REFERENCES accountsection(sectionid);


--
-- TOC entry 655 (OID 45901)
-- Name: securitygroups_secgroupid_fk; Type: FK CONSTRAINT; Schema: public; Owner: weberp_db_user
--

ALTER TABLE ONLY securitygroups
    ADD CONSTRAINT securitygroups_secgroupid_fk FOREIGN KEY (secroleid) REFERENCES securityroles(secroleid);


--
-- TOC entry 656 (OID 45905)
-- Name: securitygroups_tokenid_fk; Type: FK CONSTRAINT; Schema: public; Owner: weberp_db_user
--

ALTER TABLE ONLY securitygroups
    ADD CONSTRAINT securitygroups_tokenid_fk FOREIGN KEY (tokenid) REFERENCES securitytokens(tokenid);


--
-- TOC entry 86 (OID 35789)
-- Name: cogsglpostings_id_seq; Type: SEQUENCE SET; Schema: public; Owner: weberp_db_user
--

SELECT pg_catalog.setval('cogsglpostings_id_seq', 1, true);


--
-- TOC entry 87 (OID 35809)
-- Name: taxauthorities_taxid_seq; Type: SEQUENCE SET; Schema: public; Owner: weberp_db_user
--

SELECT pg_catalog.setval('taxauthorities_taxid_seq', 1, true);


--
-- TOC entry 88 (OID 35858)
-- Name: edimessageformat_id_seq; Type: SEQUENCE SET; Schema: public; Owner: weberp_db_user
--

SELECT pg_catalog.setval('edimessageformat_id_seq', 1, false);


--
-- TOC entry 89 (OID 35876)
-- Name: edi_orders_segs_id_seq; Type: SEQUENCE SET; Schema: public; Owner: weberp_db_user
--

SELECT pg_catalog.setval('edi_orders_segs_id_seq', 1, false);


--
-- TOC entry 90 (OID 35887)
-- Name: gltrans_counterindex_seq; Type: SEQUENCE SET; Schema: public; Owner: weberp_db_user
--

SELECT pg_catalog.setval('gltrans_counterindex_seq', 22, true);


--
-- TOC entry 91 (OID 35935)
-- Name: reportheaders_reportid_seq; Type: SEQUENCE SET; Schema: public; Owner: weberp_db_user
--

SELECT pg_catalog.setval('reportheaders_reportid_seq', 1, true);


--
-- TOC entry 92 (OID 35966)
-- Name: salesanalysis_id_seq; Type: SEQUENCE SET; Schema: public; Owner: weberp_db_user
--

SELECT pg_catalog.setval('salesanalysis_id_seq', 7, true);


--
-- TOC entry 93 (OID 35987)
-- Name: salesglpostings_id_seq; Type: SEQUENCE SET; Schema: public; Owner: weberp_db_user
--

SELECT pg_catalog.setval('salesglpostings_id_seq', 2, true);


--
-- TOC entry 94 (OID 36066)
-- Name: shipmentcharges_shiptchgid_seq; Type: SEQUENCE SET; Schema: public; Owner: weberp_db_user
--

SELECT pg_catalog.setval('shipmentcharges_shiptchgid_seq', 1, false);


--
-- TOC entry 95 (OID 36079)
-- Name: shippers_shipper_id_seq; Type: SEQUENCE SET; Schema: public; Owner: weberp_db_user
--

SELECT pg_catalog.setval('shippers_shipper_id_seq', 2, true);


--
-- TOC entry 96 (OID 36089)
-- Name: freightcosts_shipcostfromid_seq; Type: SEQUENCE SET; Schema: public; Owner: weberp_db_user
--

SELECT pg_catalog.setval('freightcosts_shipcostfromid_seq', 1, true);


--
-- TOC entry 97 (OID 36146)
-- Name: stockcounts_id_seq; Type: SEQUENCE SET; Schema: public; Owner: weberp_db_user
--

SELECT pg_catalog.setval('stockcounts_id_seq', 1, false);


--
-- TOC entry 98 (OID 36210)
-- Name: stockmoves_stkmoveno_seq; Type: SEQUENCE SET; Schema: public; Owner: weberp_db_user
--

SELECT pg_catalog.setval('stockmoves_stkmoveno_seq', 22, true);


--
-- TOC entry 99 (OID 36244)
-- Name: stockserialmoves_stkitmmoveno_seq; Type: SEQUENCE SET; Schema: public; Owner: weberp_db_user
--

SELECT pg_catalog.setval('stockserialmoves_stkitmmoveno_seq', 6, true);


--
-- TOC entry 100 (OID 36256)
-- Name: supptrans_id_seq; Type: SEQUENCE SET; Schema: public; Owner: weberp_db_user
--

SELECT pg_catalog.setval('supptrans_id_seq', 2, true);


--
-- TOC entry 101 (OID 36275)
-- Name: suppallocs_id_seq; Type: SEQUENCE SET; Schema: public; Owner: weberp_db_user
--

SELECT pg_catalog.setval('suppallocs_id_seq', 1, false);


--
-- TOC entry 102 (OID 36296)
-- Name: purchorders_orderno_seq; Type: SEQUENCE SET; Schema: public; Owner: weberp_db_user
--

SELECT pg_catalog.setval('purchorders_orderno_seq', 6, true);


--
-- TOC entry 103 (OID 36312)
-- Name: purchorderdetails_podetailitem_seq; Type: SEQUENCE SET; Schema: public; Owner: weberp_db_user
--

SELECT pg_catalog.setval('purchorderdetails_podetailitem_seq', 4, true);


--
-- TOC entry 104 (OID 36333)
-- Name: grns_grnno_seq; Type: SEQUENCE SET; Schema: public; Owner: weberp_db_user
--

SELECT pg_catalog.setval('grns_grnno_seq', 6, true);


--
-- TOC entry 105 (OID 36412)
-- Name: worequirements_id_seq; Type: SEQUENCE SET; Schema: public; Owner: weberp_db_user
--

SELECT pg_catalog.setval('worequirements_id_seq', 1, false);


--
-- TOC entry 106 (OID 36445)
-- Name: banktrans_banktransid_seq; Type: SEQUENCE SET; Schema: public; Owner: weberp_db_user
--

SELECT pg_catalog.setval('banktrans_banktransid_seq', 4, true);


--
-- TOC entry 107 (OID 36564)
-- Name: contractreqts_contractreqid_seq; Type: SEQUENCE SET; Schema: public; Owner: weberp_db_user
--

SELECT pg_catalog.setval('contractreqts_contractreqid_seq', 1, false);


--
-- TOC entry 108 (OID 36576)
-- Name: salesorders_orderno_seq; Type: SEQUENCE SET; Schema: public; Owner: weberp_db_user
--

SELECT pg_catalog.setval('salesorders_orderno_seq', 7, true);


--
-- TOC entry 109 (OID 36622)
-- Name: debtortrans_id_seq; Type: SEQUENCE SET; Schema: public; Owner: weberp_db_user
--

SELECT pg_catalog.setval('debtortrans_id_seq', 17, true);


--
-- TOC entry 110 (OID 36649)
-- Name: custallocns_id_seq; Type: SEQUENCE SET; Schema: public; Owner: weberp_db_user
--

SELECT pg_catalog.setval('custallocns_id_seq', 1, false);


--
-- TOC entry 111 (OID 36713)
-- Name: recurringsalesorders_recurrorderno_seq; Type: SEQUENCE SET; Schema: public; Owner: weberp_db_user
--

SELECT pg_catalog.setval('recurringsalesorders_recurrorderno_seq', 1, true);


--
-- TOC entry 7 (OID 36745)
-- Name: scripts_id_seq; Type: SEQUENCE SET; Schema: public; Owner: weberp_db_user
--

SELECT pg_catalog.setval('scripts_id_seq', 0, false);


--
-- TOC entry 112 (OID 36752)
-- Name: securityroles_secroleid_seq; Type: SEQUENCE SET; Schema: public; Owner: weberp_db_user
--

SELECT pg_catalog.setval('securityroles_secroleid_seq', 1, false);


--
-- TOC entry 113 (OID 36767)
-- Name: paymentmethods_paymentid_seq; Type: SEQUENCE SET; Schema: public; Owner: weberp_db_user
--

SELECT pg_catalog.setval('paymentmethods_paymentid_seq', 4, true);


--
-- TOC entry 114 (OID 36777)
-- Name: unitsofmeasure_unitid_seq; Type: SEQUENCE SET; Schema: public; Owner: weberp_db_user
--

SELECT pg_catalog.setval('unitsofmeasure_unitid_seq', 6, true);


SET SESSION AUTHORIZATION 'postgres';

--
-- TOC entry 3 (OID 2200)
-- Name: SCHEMA public; Type: COMMENT; Schema: -; Owner: postgres
--

COMMENT ON SCHEMA public IS 'Standard public schema';


