--
-- PostgreSQL database dump
--

SET client_encoding = 'UTF8';
SET check_function_bodies = false;
SET client_min_messages = warning;

--
-- Name: SCHEMA public; Type: COMMENT; Schema: -; Owner: postgres
--

COMMENT ON SCHEMA public IS 'Standard public schema';


--
-- Name: plpgsql; Type: PROCEDURAL LANGUAGE; Schema: -; Owner: 
--

CREATE PROCEDURAL LANGUAGE plpgsql;


SET search_path = public, pg_catalog;

--
-- Name: pgblob; Type: DOMAIN; Schema: public; Owner: weberp_db_user
--

CREATE DOMAIN pgblob AS text;


ALTER DOMAIN public.pgblob OWNER TO weberp_db_user;

--
-- Name: chkstockserialmoves(); Type: FUNCTION; Schema: public; Owner: postgres
--

CREATE FUNCTION chkstockserialmoves() RETURNS "trigger"
    AS $$
BEGIN
	NEW.LocCode := getStkMoveLoc( NEW.StockMoveNo );
	RETURN NEW;
END;
$$
    LANGUAGE plpgsql;


ALTER FUNCTION public.chkstockserialmoves() OWNER TO postgres;

--
-- Name: concat(text, text); Type: FUNCTION; Schema: public; Owner: postgres
--

CREATE FUNCTION concat(text, text) RETURNS text
    AS $_$
DECLARE
  pTxt1 ALIAS FOR $1;
  pTxt2 ALIAS FOR $2;
BEGIN
  RETURN (pTxt1 || pTxt2);
END;

$_$
    LANGUAGE plpgsql;


ALTER FUNCTION public.concat(text, text) OWNER TO postgres;

--
-- Name: concat(text, text, text); Type: FUNCTION; Schema: public; Owner: postgres
--

CREATE FUNCTION concat(text, text, text) RETURNS text
    AS $_$
DECLARE
  pTxt1 ALIAS FOR $1;
  pTxt2 ALIAS FOR $2;
  pTxt3 ALIAS FOR $3;
BEGIN
  RETURN (pTxt1 || pTxt2 || pTxt3);
END;
$_$
    LANGUAGE plpgsql;


ALTER FUNCTION public.concat(text, text, text) OWNER TO postgres;

--
-- Name: date_add(date, interval); Type: FUNCTION; Schema: public; Owner: postgres
--

CREATE FUNCTION date_add(date, interval) RETURNS date
    AS $_$
DECLARE
  pDate     ALIAS FOR $1;
  pInterval ALIAS FOR $2;
BEGIN
  RETURN (pDate + pInterval)::date;
END;
$_$
    LANGUAGE plpgsql;


ALTER FUNCTION public.date_add(date, interval) OWNER TO postgres;

--
-- Name: date_add(timestamp with time zone, interval); Type: FUNCTION; Schema: public; Owner: postgres
--

CREATE FUNCTION date_add(timestamp with time zone, interval) RETURNS timestamp without time zone
    AS $_$
DECLARE
  pDate     ALIAS FOR $1;
  pInterval ALIAS FOR $2;
BEGIN
  RETURN (pDate + pInterval)::timestamp with time zone;
END;
$_$
    LANGUAGE plpgsql;


ALTER FUNCTION public.date_add(timestamp with time zone, interval) OWNER TO postgres;

--
-- Name: date_add(timestamp without time zone, interval); Type: FUNCTION; Schema: public; Owner: postgres
--

CREATE FUNCTION date_add(timestamp without time zone, interval) RETURNS timestamp without time zone
    AS $_$
DECLARE
  pDate     ALIAS FOR $1;
  pInterval ALIAS FOR $2;
BEGIN
  RETURN (pDate + pInterval)::timestamp;
END;
$_$
    LANGUAGE plpgsql;


ALTER FUNCTION public.date_add(timestamp without time zone, interval) OWNER TO postgres;

--
-- Name: date_add_days(timestamp with time zone, integer); Type: FUNCTION; Schema: public; Owner: postgres
--

CREATE FUNCTION date_add_days(timestamp with time zone, integer) RETURNS timestamp without time zone
    AS $_$
DECLARE
  pDate ALIAS FOR $1;
  pDays ALIAS FOR $2;
BEGIN
  RETURN (pDate + (pDays || ' days')::interval)::timestamp;
END;
$_$
    LANGUAGE plpgsql;


ALTER FUNCTION public.date_add_days(timestamp with time zone, integer) OWNER TO postgres;

--
-- Name: date_add_days(timestamp without time zone, integer); Type: FUNCTION; Schema: public; Owner: postgres
--

CREATE FUNCTION date_add_days(timestamp without time zone, integer) RETURNS timestamp without time zone
    AS $_$
DECLARE
  pDate ALIAS FOR $1;
  pDays ALIAS FOR $2;
BEGIN
  RETURN date_add_days(pDate::timestamp with time zone, pDays)::timestamp;
END;
$_$
    LANGUAGE plpgsql;


ALTER FUNCTION public.date_add_days(timestamp without time zone, integer) OWNER TO postgres;

--
-- Name: date_add_days(date, integer); Type: FUNCTION; Schema: public; Owner: postgres
--

CREATE FUNCTION date_add_days(date, integer) RETURNS date
    AS $_$
DECLARE
  pDate ALIAS FOR $1;
  pDays ALIAS FOR $2;
BEGIN
  RETURN date_add_days(pDate::timestamp with time zone, pDays)::date;
END;
$_$
    LANGUAGE plpgsql;


ALTER FUNCTION public.date_add_days(date, integer) OWNER TO postgres;

--
-- Name: date_add_months(timestamp with time zone, integer); Type: FUNCTION; Schema: public; Owner: postgres
--

CREATE FUNCTION date_add_months(timestamp with time zone, integer) RETURNS timestamp without time zone
    AS $_$
DECLARE
  pDate   ALIAS FOR $1;
  pMonths ALIAS FOR $2;
BEGIN
  RETURN (pDate + (pMonths || ' months')::interval)::timestamp;
END;
$_$
    LANGUAGE plpgsql;


ALTER FUNCTION public.date_add_months(timestamp with time zone, integer) OWNER TO postgres;

--
-- Name: date_add_months(timestamp without time zone, integer); Type: FUNCTION; Schema: public; Owner: postgres
--

CREATE FUNCTION date_add_months(timestamp without time zone, integer) RETURNS timestamp without time zone
    AS $_$
DECLARE
  pDate   ALIAS FOR $1;
  pMonths ALIAS FOR $2;
BEGIN
  RETURN date_add_months(pDate::timestamp with time zone, pMonths);
END;
$_$
    LANGUAGE plpgsql;


ALTER FUNCTION public.date_add_months(timestamp without time zone, integer) OWNER TO postgres;

--
-- Name: date_add_months(date, integer); Type: FUNCTION; Schema: public; Owner: postgres
--

CREATE FUNCTION date_add_months(date, integer) RETURNS date
    AS $_$
DECLARE
  pDate   ALIAS FOR $1;
  pMonths ALIAS FOR $2;
BEGIN
  RETURN date_add_months(pDate::timestamp with time zone, pMonths)::date;
END;
$_$
    LANGUAGE plpgsql;


ALTER FUNCTION public.date_add_months(date, integer) OWNER TO postgres;

--
-- Name: date_add_years(timestamp with time zone, integer); Type: FUNCTION; Schema: public; Owner: postgres
--

CREATE FUNCTION date_add_years(timestamp with time zone, integer) RETURNS timestamp without time zone
    AS $_$
DECLARE
  pDate  ALIAS FOR $1;
  pYears ALIAS FOR $2;
BEGIN
  RETURN (pDate + (pYears || ' years')::interval)::timestamp;
END;
$_$
    LANGUAGE plpgsql;


ALTER FUNCTION public.date_add_years(timestamp with time zone, integer) OWNER TO postgres;

--
-- Name: date_add_years(timestamp without time zone, integer); Type: FUNCTION; Schema: public; Owner: postgres
--

CREATE FUNCTION date_add_years(timestamp without time zone, integer) RETURNS timestamp without time zone
    AS $_$
DECLARE
  pDate  ALIAS FOR $1;
  pYears ALIAS FOR $2;
BEGIN
  RETURN date_add_years(pDate::timestamp with time zone, pYears);
END;
$_$
    LANGUAGE plpgsql;


ALTER FUNCTION public.date_add_years(timestamp without time zone, integer) OWNER TO postgres;

--
-- Name: date_add_years(date, integer); Type: FUNCTION; Schema: public; Owner: postgres
--

CREATE FUNCTION date_add_years(date, integer) RETURNS date
    AS $_$
DECLARE
  pDate  ALIAS FOR $1;
  pYears ALIAS FOR $2;
BEGIN
  RETURN date_add_years(pDate::timestamp with time zone, pYears)::date;
END;
$_$
    LANGUAGE plpgsql;


ALTER FUNCTION public.date_add_years(date, integer) OWNER TO postgres;

--
-- Name: date_diff_days(timestamp with time zone, timestamp with time zone); Type: FUNCTION; Schema: public; Owner: postgres
--

CREATE FUNCTION date_diff_days(timestamp with time zone, timestamp with time zone) RETURNS integer
    AS $_$
DECLARE
  pStartDate ALIAS FOR $1;
  pEndDate   ALIAS FOR $2;
  vInterval  interval;
BEGIN
  vInterval := DATE_TRUNC('day', pEndDate) - DATE_TRUNC('day', pStartDate);
  RETURN EXTRACT('day' FROM vInterval);
END;
$_$
    LANGUAGE plpgsql;


ALTER FUNCTION public.date_diff_days(timestamp with time zone, timestamp with time zone) OWNER TO postgres;

--
-- Name: date_diff_days(timestamp without time zone, timestamp without time zone); Type: FUNCTION; Schema: public; Owner: postgres
--

CREATE FUNCTION date_diff_days(timestamp without time zone, timestamp without time zone) RETURNS integer
    AS $_$
DECLARE
  pStartDate ALIAS FOR $1;
  pEndDate   ALIAS FOR $2;
BEGIN
  RETURN  to_days(pEndDate) - to_days(pStartDate);
END;
$_$
    LANGUAGE plpgsql;


ALTER FUNCTION public.date_diff_days(timestamp without time zone, timestamp without time zone) OWNER TO postgres;

--
-- Name: date_diff_days(date, date); Type: FUNCTION; Schema: public; Owner: postgres
--

CREATE FUNCTION date_diff_days(date, date) RETURNS integer
    AS $_$
DECLARE
  pStartDate ALIAS FOR $1;
  pEndDate   ALIAS FOR $2;
BEGIN
  RETURN  to_days(pEndDate) - to_days(pStartDate);
END;
$_$
    LANGUAGE plpgsql;


ALTER FUNCTION public.date_diff_days(date, date) OWNER TO postgres;

--
-- Name: date_diff_months(timestamp with time zone, timestamp with time zone); Type: FUNCTION; Schema: public; Owner: postgres
--

CREATE FUNCTION date_diff_months(timestamp with time zone, timestamp with time zone) RETURNS integer
    AS $_$
DECLARE
  pStartDate ALIAS FOR $1;
  pEndDate   ALIAS FOR $2;
  vInterval  interval;
BEGIN
  vInterval := AGE(pEndDate, pStartDate);
  RETURN EXTRACT('month' FROM vInterval) + (12 * EXTRACT('year' FROM vInterval));
END;
$_$
    LANGUAGE plpgsql;


ALTER FUNCTION public.date_diff_months(timestamp with time zone, timestamp with time zone) OWNER TO postgres;

--
-- Name: date_diff_months(timestamp without time zone, timestamp without time zone); Type: FUNCTION; Schema: public; Owner: postgres
--

CREATE FUNCTION date_diff_months(timestamp without time zone, timestamp without time zone) RETURNS integer
    AS $_$
DECLARE
  pStartDate ALIAS FOR $1;
  pEndDate   ALIAS FOR $2;
BEGIN
  RETURN date_diff_months(pStartDate::timestamp with time zone, pEndDate::timestamp with time zone);
END;
$_$
    LANGUAGE plpgsql;


ALTER FUNCTION public.date_diff_months(timestamp without time zone, timestamp without time zone) OWNER TO postgres;

--
-- Name: date_diff_months(date, date); Type: FUNCTION; Schema: public; Owner: postgres
--

CREATE FUNCTION date_diff_months(date, date) RETURNS integer
    AS $_$
DECLARE
  pStartDate ALIAS FOR $1;
  pEndDate   ALIAS FOR $2;
BEGIN
  RETURN date_diff_months(pStartDate::timestamp with time zone, pEndDate::timestamp with time zone);
END;
$_$
    LANGUAGE plpgsql;


ALTER FUNCTION public.date_diff_months(date, date) OWNER TO postgres;

--
-- Name: date_diff_years(timestamp with time zone, timestamp with time zone); Type: FUNCTION; Schema: public; Owner: postgres
--

CREATE FUNCTION date_diff_years(timestamp with time zone, timestamp with time zone) RETURNS integer
    AS $_$
DECLARE
  pStartDate ALIAS FOR $1;
  pEndDate   ALIAS FOR $2;
BEGIN
  RETURN EXTRACT('year' FROM AGE(DATE_TRUNC('month', pEndDate), DATE_TRUNC('month', pStartDate)));
END;
$_$
    LANGUAGE plpgsql;


ALTER FUNCTION public.date_diff_years(timestamp with time zone, timestamp with time zone) OWNER TO postgres;

--
-- Name: date_diff_years(timestamp without time zone, timestamp without time zone); Type: FUNCTION; Schema: public; Owner: postgres
--

CREATE FUNCTION date_diff_years(timestamp without time zone, timestamp without time zone) RETURNS integer
    AS $_$
DECLARE
  pStartDate ALIAS FOR $1;
  pEndDate   ALIAS FOR $2;
BEGIN
  RETURN date_diff_years(pStartDate::timestamp with time zone, pEndDate::timestamp with time zone);
END;
$_$
    LANGUAGE plpgsql;


ALTER FUNCTION public.date_diff_years(timestamp without time zone, timestamp without time zone) OWNER TO postgres;

--
-- Name: date_diff_years(date, date); Type: FUNCTION; Schema: public; Owner: postgres
--

CREATE FUNCTION date_diff_years(date, date) RETURNS integer
    AS $_$
DECLARE
  pStartDate ALIAS FOR $1;
  pEndDate   ALIAS FOR $2;
BEGIN
  RETURN date_diff_years(pStartDate::timestamp with time zone, pEndDate::timestamp with time zone);
END;
$_$
    LANGUAGE plpgsql;


ALTER FUNCTION public.date_diff_years(date, date) OWNER TO postgres;

--
-- Name: dayofmonth(timestamp without time zone); Type: FUNCTION; Schema: public; Owner: postgres
--

CREATE FUNCTION dayofmonth(timestamp without time zone) RETURNS integer
    AS $_$
DECLARE
  pDate ALIAS FOR $1;
BEGIN
  RETURN EXTRACT('day' FROM pDate);
END;
$_$
    LANGUAGE plpgsql;


ALTER FUNCTION public.dayofmonth(timestamp without time zone) OWNER TO postgres;

--
-- Name: dayofmonth(timestamp with time zone); Type: FUNCTION; Schema: public; Owner: postgres
--

CREATE FUNCTION dayofmonth(timestamp with time zone) RETURNS integer
    AS $_$
DECLARE
  pDate ALIAS FOR $1;
BEGIN
  RETURN EXTRACT('day' FROM pDate);
END;
$_$
    LANGUAGE plpgsql;


ALTER FUNCTION public.dayofmonth(timestamp with time zone) OWNER TO postgres;

--
-- Name: dayofmonth(date); Type: FUNCTION; Schema: public; Owner: postgres
--

CREATE FUNCTION dayofmonth(date) RETURNS integer
    AS $_$
DECLARE
  pDate ALIAS FOR $1;
BEGIN
  RETURN EXTRACT('day' FROM pDate);
END;
$_$
    LANGUAGE plpgsql;


ALTER FUNCTION public.dayofmonth(date) OWNER TO postgres;

--
-- Name: getmonth(timestamp without time zone); Type: FUNCTION; Schema: public; Owner: postgres
--

CREATE FUNCTION getmonth(timestamp without time zone) RETURNS integer
    AS $_$
DECLARE
   pDate ALIAS FOR $1;
   vResult integer;
 BEGIN
   vResult := EXTRACT('month' FROM pDate);
   RETURN vResult;
 END;
$_$
    LANGUAGE plpgsql;


ALTER FUNCTION public.getmonth(timestamp without time zone) OWNER TO postgres;

--
-- Name: getmonth(timestamp with time zone); Type: FUNCTION; Schema: public; Owner: postgres
--

CREATE FUNCTION getmonth(timestamp with time zone) RETURNS integer
    AS $_$
DECLARE
    pDate ALIAS FOR $1;
    vResult integer;
  BEGIN
    vResult := EXTRACT('month' FROM pDate);
    RETURN vResult;
  END;
$_$
    LANGUAGE plpgsql;


ALTER FUNCTION public.getmonth(timestamp with time zone) OWNER TO postgres;

--
-- Name: getstkmoveloc(integer); Type: FUNCTION; Schema: public; Owner: postgres
--

CREATE FUNCTION getstkmoveloc(integer) RETURNS text
    AS $_$
DECLARE
  pStockMoveID ALIAS FOR $1;
  pLocCode INTEGER;
BEGIN
	SELECT INTO pLocCode LocCode FROM StockMoves WHERE StockMoveNo = pStockMoveID;
	IF pLocCode ISNULL THEN
		RAISE EXCEPTION "StockNoveNo does not spec a valid LocCode.";
	ELSE
		RETURN pLocCode;
	END IF;
END;$_$
    LANGUAGE plpgsql;


ALTER FUNCTION public.getstkmoveloc(integer) OWNER TO postgres;

--
-- Name: monthname(integer); Type: FUNCTION; Schema: public; Owner: postgres
--

CREATE FUNCTION monthname(integer) RETURNS text
    AS $_$
DECLARE
    pMonth ALIAS FOR $1;
    vResult text;
BEGIN
    vResult := CASE 
	WHEN pMonth = 1 THEN 'January'
	WHEN pMonth = 2 THEN 'February'
	WHEN pMonth = 3 THEN 'March'
	WHEN pMonth = 4 THEN 'April'
	WHEN pMonth = 5 THEN 'May'
	WHEN pMonth = 6 THEN 'June'
	WHEN pMonth = 7 THEN 'Jully'
	WHEN pMonth = 8 THEN 'August'
	WHEN pMonth = 9 THEN 'September'
	WHEN pMonth = 10 THEN 'October'
	WHEN pMonth = 11 THEN 'November'
	WHEN pMonth = 12 THEN 'December'
        WHEN (pMonth < 1) OR (pMonth > 12) THEN null
    END;
    RETURN vResult;
END;

$_$
    LANGUAGE plpgsql;


ALTER FUNCTION public.monthname(integer) OWNER TO postgres;

--
-- Name: monthname(date); Type: FUNCTION; Schema: public; Owner: postgres
--

CREATE FUNCTION monthname(date) RETURNS text
    AS $_$
DECLARE
  vDate ALIAS FOR $1;
  vResult text;
BEGIN
  vResult := monthname(getmonth(vdate::timestamp));
  RETURN vResult;
END;

$_$
    LANGUAGE plpgsql;


ALTER FUNCTION public.monthname(date) OWNER TO postgres;

--
-- Name: monthname(timestamp with time zone); Type: FUNCTION; Schema: public; Owner: postgres
--

CREATE FUNCTION monthname(timestamp with time zone) RETURNS text
    AS $_$
DECLARE
   vDate ALIAS FOR $1;
   vResult text;
 BEGIN
   vResult := monthname(getmonth(vdate));
   RETURN vResult;
 END;
 

$_$
    LANGUAGE plpgsql;


ALTER FUNCTION public.monthname(timestamp with time zone) OWNER TO postgres;

--
-- Name: plpgsql_call_handler(); Type: FUNCTION; Schema: public; Owner: postgres
--

CREATE FUNCTION plpgsql_call_handler() RETURNS language_handler
    AS 'plpgsql.so', 'plpgsql_call_handler'
    LANGUAGE c;


ALTER FUNCTION public.plpgsql_call_handler() OWNER TO postgres;

--
-- Name: time_add_hours(timestamp with time zone, integer); Type: FUNCTION; Schema: public; Owner: postgres
--

CREATE FUNCTION time_add_hours(timestamp with time zone, integer) RETURNS timestamp without time zone
    AS $_$
DECLARE
  pTime  ALIAS FOR $1;
  pHours ALIAS FOR $2;
BEGIN
  RETURN (pTime + (pHours || ' hours')::interval)::timestamp ;
END;
$_$
    LANGUAGE plpgsql;


ALTER FUNCTION public.time_add_hours(timestamp with time zone, integer) OWNER TO postgres;

--
-- Name: time_add_hours(timestamp without time zone, integer); Type: FUNCTION; Schema: public; Owner: postgres
--

CREATE FUNCTION time_add_hours(timestamp without time zone, integer) RETURNS timestamp without time zone
    AS $_$
DECLARE
  pTime  ALIAS FOR $1;
  pHours ALIAS FOR $2;
BEGIN
  RETURN time_add_hours(pTime::timestamp with time zone, pHours);
END;
$_$
    LANGUAGE plpgsql;


ALTER FUNCTION public.time_add_hours(timestamp without time zone, integer) OWNER TO postgres;

--
-- Name: time_add_hours(time without time zone, integer); Type: FUNCTION; Schema: public; Owner: postgres
--

CREATE FUNCTION time_add_hours(time without time zone, integer) RETURNS time without time zone
    AS $_$
DECLARE
  pTime  ALIAS FOR $1;
  pHours ALIAS FOR $2;
BEGIN
  RETURN (pTime + (pHours || ' hours')::interval)::time;
END;
$_$
    LANGUAGE plpgsql;


ALTER FUNCTION public.time_add_hours(time without time zone, integer) OWNER TO postgres;

--
-- Name: time_add_minutes(timestamp with time zone, integer); Type: FUNCTION; Schema: public; Owner: postgres
--

CREATE FUNCTION time_add_minutes(timestamp with time zone, integer) RETURNS timestamp without time zone
    AS $_$
DECLARE
  pTime    ALIAS FOR $1;
  pMinutes ALIAS FOR $2;
BEGIN
  RETURN (pTime + (pMinutes || ' minutes')::interval)::timestamp;
END;
$_$
    LANGUAGE plpgsql;


ALTER FUNCTION public.time_add_minutes(timestamp with time zone, integer) OWNER TO postgres;

--
-- Name: time_add_minutes(timestamp without time zone, integer); Type: FUNCTION; Schema: public; Owner: postgres
--

CREATE FUNCTION time_add_minutes(timestamp without time zone, integer) RETURNS timestamp without time zone
    AS $_$
DECLARE
  pTime    ALIAS FOR $1;
  pMinutes ALIAS FOR $2;
BEGIN
  RETURN time_add_minutes(pTime::timestamp with time zone, pMinutes)::timestamp;
END;
$_$
    LANGUAGE plpgsql;


ALTER FUNCTION public.time_add_minutes(timestamp without time zone, integer) OWNER TO postgres;

--
-- Name: time_add_minutes(time without time zone, integer); Type: FUNCTION; Schema: public; Owner: postgres
--

CREATE FUNCTION time_add_minutes(time without time zone, integer) RETURNS time without time zone
    AS $_$
DECLARE
  pTime    ALIAS FOR $1;
  pMinutes ALIAS FOR $2;
BEGIN
  RETURN (pTime + (pMinutes || ' minutes')::interval)::time;
END;
$_$
    LANGUAGE plpgsql;


ALTER FUNCTION public.time_add_minutes(time without time zone, integer) OWNER TO postgres;

--
-- Name: time_diff_hours(timestamp with time zone, timestamp with time zone); Type: FUNCTION; Schema: public; Owner: postgres
--

CREATE FUNCTION time_diff_hours(timestamp with time zone, timestamp with time zone) RETURNS integer
    AS $_$
DECLARE
  pStartTime ALIAS FOR $1;
  pEndTime   ALIAS FOR $2;
  vDays      integer;
  vHours     integer;
BEGIN
  vDays  := EXTRACT('day'  FROM (DATE_TRUNC('day', pEndTime) - DATE_TRUNC('day', pStartTime)));
  vHours := EXTRACT('hour' FROM (pEndTime - pStartTime));
  RETURN (vDays * 24) + vHours;
END;
$_$
    LANGUAGE plpgsql;


ALTER FUNCTION public.time_diff_hours(timestamp with time zone, timestamp with time zone) OWNER TO postgres;

--
-- Name: time_diff_hours(timestamp without time zone, timestamp without time zone); Type: FUNCTION; Schema: public; Owner: postgres
--

CREATE FUNCTION time_diff_hours(timestamp without time zone, timestamp without time zone) RETURNS integer
    AS $_$
DECLARE
  pStartTime ALIAS FOR $1;
  pEndTime   ALIAS FOR $2;
BEGIN
  RETURN time_diff_hours(pStartTime::timestamp with time zone, pEndTime::timestamp with time zone);
END;
$_$
    LANGUAGE plpgsql;


ALTER FUNCTION public.time_diff_hours(timestamp without time zone, timestamp without time zone) OWNER TO postgres;

--
-- Name: time_diff_hours(time without time zone, time without time zone); Type: FUNCTION; Schema: public; Owner: postgres
--

CREATE FUNCTION time_diff_hours(time without time zone, time without time zone) RETURNS integer
    AS $_$
DECLARE
  pStartTime ALIAS FOR $1;
  pEndTime   ALIAS FOR $2;
BEGIN
  RETURN EXTRACT('hour' FROM (pEndTime - pStartTime));
END;
$_$
    LANGUAGE plpgsql;


ALTER FUNCTION public.time_diff_hours(time without time zone, time without time zone) OWNER TO postgres;

--
-- Name: time_diff_minutes(timestamp with time zone, timestamp with time zone); Type: FUNCTION; Schema: public; Owner: postgres
--

CREATE FUNCTION time_diff_minutes(timestamp with time zone, timestamp with time zone) RETURNS integer
    AS $_$
DECLARE
  pStartTime ALIAS FOR $1;
  pEndTime   ALIAS FOR $2;
  vHours     integer;
  vMinutes   integer;
BEGIN
  vHours   := time_diff_hours(pStartTime, pEndTime);
  vMinutes := EXTRACT('minute' FROM AGE(pEndTime, pStartTime));
  RETURN (vHours * 60) + vMinutes;
END;
$_$
    LANGUAGE plpgsql;


ALTER FUNCTION public.time_diff_minutes(timestamp with time zone, timestamp with time zone) OWNER TO postgres;

--
-- Name: time_diff_minutes(timestamp without time zone, timestamp without time zone); Type: FUNCTION; Schema: public; Owner: postgres
--

CREATE FUNCTION time_diff_minutes(timestamp without time zone, timestamp without time zone) RETURNS integer
    AS $_$
DECLARE
  pStartTime ALIAS FOR $1;
  pEndTime   ALIAS FOR $2;
BEGIN
  RETURN time_diff_minutes(pStartTime::timestamp with time zone, pEndTime::timestamp with time zone);
END;
$_$
    LANGUAGE plpgsql;


ALTER FUNCTION public.time_diff_minutes(timestamp without time zone, timestamp without time zone) OWNER TO postgres;

--
-- Name: time_diff_minutes(time without time zone, time without time zone); Type: FUNCTION; Schema: public; Owner: postgres
--

CREATE FUNCTION time_diff_minutes(time without time zone, time without time zone) RETURNS integer
    AS $_$
DECLARE
  pStartTime ALIAS FOR $1;
  pEndTime   ALIAS FOR $2;
  vHours     integer;
  vMinutes   integer;
BEGIN
  vHours   := EXTRACT('hour' FROM (pEndTime - pStartTime));
  vMinutes := EXTRACT('minute' FROM (pEndTime - pStartTime));
  RETURN (vHours * 60) + vMinutes;
END;
$_$
    LANGUAGE plpgsql;


ALTER FUNCTION public.time_diff_minutes(time without time zone, time without time zone) OWNER TO postgres;

--
-- Name: to_days(timestamp without time zone); Type: FUNCTION; Schema: public; Owner: postgres
--

CREATE FUNCTION to_days(timestamp without time zone) RETURNS integer
    AS $_$
DECLARE
  pDate ALIAS FOR $1;
BEGIN
  RETURN to_days(pDate::timestamp with time zone);
END;
$_$
    LANGUAGE plpgsql;


ALTER FUNCTION public.to_days(timestamp without time zone) OWNER TO postgres;

--
-- Name: to_days(timestamp with time zone); Type: FUNCTION; Schema: public; Owner: postgres
--

CREATE FUNCTION to_days(timestamp with time zone) RETURNS integer
    AS $_$
DECLARE
  pDate ALIAS FOR $1;
  vDays interval;
  vResult integer;
BEGIN
  vDays := (DATE_TRUNC('day', pDate) - DATE_TRUNC('day', '0000-01-01'::timestamp));
  vResult := EXTRACT('day' FROM vDays);
  RETURN vResult;
END;
$_$
    LANGUAGE plpgsql;


ALTER FUNCTION public.to_days(timestamp with time zone) OWNER TO postgres;

--
-- Name: to_days(date); Type: FUNCTION; Schema: public; Owner: postgres
--

CREATE FUNCTION to_days(date) RETURNS integer
    AS $_$
DECLARE
  pDate ALIAS FOR $1;
BEGIN
  RETURN to_days(pDate::timestamp);
END;
$_$
    LANGUAGE plpgsql;


ALTER FUNCTION public.to_days(date) OWNER TO postgres;

--
-- Name: year(date); Type: FUNCTION; Schema: public; Owner: postgres
--

CREATE FUNCTION "year"(date) RETURNS integer
    AS $_$
DECLARE
    pDate ALIAS FOR $1;
    vResult integer;
  BEGIN
    vResult := EXTRACT('year' FROM pDate);
    RETURN vResult;
  END;
$_$
    LANGUAGE plpgsql;


ALTER FUNCTION public."year"(date) OWNER TO postgres;

SET default_tablespace = '';

SET default_with_oids = false;

--
-- Name: accountgroups; Type: TABLE; Schema: public; Owner: weberp_db_user; Tablespace: 
--

CREATE TABLE accountgroups (
    groupname text DEFAULT ''::text NOT NULL,
    sectioninaccounts integer DEFAULT 0 NOT NULL,
    pandl integer DEFAULT 1 NOT NULL,
    sequenceintb integer DEFAULT 0 NOT NULL
);


ALTER TABLE public.accountgroups OWNER TO weberp_db_user;

--
-- Name: accountsection; Type: TABLE; Schema: public; Owner: weberp_db_user; Tablespace: 
--

CREATE TABLE accountsection (
    sectionid integer NOT NULL,
    sectionname text NOT NULL
);


ALTER TABLE public.accountsection OWNER TO weberp_db_user;

--
-- Name: areas; Type: TABLE; Schema: public; Owner: weberp_db_user; Tablespace: 
--

CREATE TABLE areas (
    areacode text DEFAULT ''::text NOT NULL,
    areadescription text DEFAULT ''::text NOT NULL
);


ALTER TABLE public.areas OWNER TO weberp_db_user;

--
-- Name: bankaccounts; Type: TABLE; Schema: public; Owner: weberp_db_user; Tablespace: 
--

CREATE TABLE bankaccounts (
    accountcode integer DEFAULT 0 NOT NULL,
    bankaccountname text DEFAULT ''::text NOT NULL,
    bankaccountnumber text DEFAULT ''::text NOT NULL,
    bankaddress text
);


ALTER TABLE public.bankaccounts OWNER TO weberp_db_user;

--
-- Name: banktrans; Type: TABLE; Schema: public; Owner: weberp_db_user; Tablespace: 
--

CREATE TABLE banktrans (
    banktransid serial NOT NULL,
    "type" integer DEFAULT 0 NOT NULL,
    transno bigint DEFAULT (0)::bigint NOT NULL,
    bankact integer DEFAULT 0 NOT NULL,
    ref text DEFAULT ''::text NOT NULL,
    amountcleared double precision DEFAULT (0)::double precision NOT NULL,
    exrate double precision DEFAULT (1)::double precision NOT NULL,
    transdate date,
    banktranstype text DEFAULT ''::text NOT NULL,
    amount double precision DEFAULT (0)::double precision NOT NULL,
    currcode text DEFAULT ''::text NOT NULL
);


ALTER TABLE public.banktrans OWNER TO weberp_db_user;

--
-- Name: banktrans_banktransid_seq; Type: SEQUENCE SET; Schema: public; Owner: weberp_db_user
--

SELECT pg_catalog.setval(pg_catalog.pg_get_serial_sequence('banktrans', 'banktransid'), 5, true);


--
-- Name: bom; Type: TABLE; Schema: public; Owner: weberp_db_user; Tablespace: 
--

CREATE TABLE bom (
    parent text DEFAULT ''::text NOT NULL,
    component text DEFAULT ''::text NOT NULL,
    workcentreadded text DEFAULT ''::text NOT NULL,
    loccode text DEFAULT ''::text NOT NULL,
    effectiveafter date,
    effectiveto date DEFAULT '9999-12-31'::date NOT NULL,
    quantity numeric(16,4) DEFAULT 1.0000 NOT NULL
);


ALTER TABLE public.bom OWNER TO weberp_db_user;

--
-- Name: chartdetails; Type: TABLE; Schema: public; Owner: weberp_db_user; Tablespace: 
--

CREATE TABLE chartdetails (
    accountcode integer DEFAULT 0 NOT NULL,
    period integer DEFAULT 0 NOT NULL,
    budget double precision DEFAULT (0)::double precision NOT NULL,
    actual double precision DEFAULT (0)::double precision NOT NULL,
    bfwd double precision DEFAULT (0)::double precision NOT NULL,
    bfwdbudget double precision DEFAULT (0)::double precision NOT NULL
);


ALTER TABLE public.chartdetails OWNER TO weberp_db_user;

--
-- Name: chartmaster; Type: TABLE; Schema: public; Owner: weberp_db_user; Tablespace: 
--

CREATE TABLE chartmaster (
    accountcode integer DEFAULT 0 NOT NULL,
    accountname text DEFAULT ''::text NOT NULL,
    group_ text DEFAULT ''::text NOT NULL
);


ALTER TABLE public.chartmaster OWNER TO weberp_db_user;

--
-- Name: cogsglpostings; Type: TABLE; Schema: public; Owner: weberp_db_user; Tablespace: 
--

CREATE TABLE cogsglpostings (
    id serial NOT NULL,
    area text DEFAULT ''::text NOT NULL,
    stkcat text DEFAULT ''::text NOT NULL,
    glcode integer DEFAULT 0 NOT NULL,
    salestype text DEFAULT 'AN'::text NOT NULL
);


ALTER TABLE public.cogsglpostings OWNER TO weberp_db_user;

--
-- Name: cogsglpostings_id_seq; Type: SEQUENCE SET; Schema: public; Owner: weberp_db_user
--

SELECT pg_catalog.setval(pg_catalog.pg_get_serial_sequence('cogsglpostings', 'id'), 4, true);


--
-- Name: companies; Type: TABLE; Schema: public; Owner: weberp_db_user; Tablespace: 
--

CREATE TABLE companies (
    coycode integer DEFAULT 1 NOT NULL,
    coyname text DEFAULT ''::text NOT NULL,
    gstno text DEFAULT ''::text NOT NULL,
    companynumber text DEFAULT '0'::text NOT NULL,
    regoffice1 text DEFAULT ''::text NOT NULL,
    regoffice2 text DEFAULT ''::text NOT NULL,
    regoffice3 text DEFAULT ''::text NOT NULL,
    regoffice4 text DEFAULT ''::text NOT NULL,
    telephone text DEFAULT ''::text NOT NULL,
    fax text DEFAULT ''::text NOT NULL,
    email text DEFAULT ''::text NOT NULL,
    currencydefault text DEFAULT ''::text NOT NULL,
    debtorsact integer DEFAULT 70000 NOT NULL,
    pytdiscountact integer DEFAULT 55000 NOT NULL,
    creditorsact integer DEFAULT 80000 NOT NULL,
    payrollact integer DEFAULT 84000 NOT NULL,
    grnact integer DEFAULT 72000 NOT NULL,
    exchangediffact integer DEFAULT 65000 NOT NULL,
    purchasesexchangediffact integer DEFAULT 0 NOT NULL,
    retainedearnings integer DEFAULT 90000 NOT NULL,
    gllink_debtors integer DEFAULT 1,
    gllink_creditors integer DEFAULT 1,
    gllink_stock integer DEFAULT 1,
    freightact integer DEFAULT 0 NOT NULL,
    regoffice5 character varying(20) DEFAULT ''::text,
    regoffice6 character varying(15) DEFAULT ''::text
);


ALTER TABLE public.companies OWNER TO weberp_db_user;

--
-- Name: config; Type: TABLE; Schema: public; Owner: weberp_db_user; Tablespace: 
--

CREATE TABLE config (
    confname text NOT NULL,
    confvalue text NOT NULL
);


ALTER TABLE public.config OWNER TO weberp_db_user;

--
-- Name: contractbom; Type: TABLE; Schema: public; Owner: weberp_db_user; Tablespace: 
--

CREATE TABLE contractbom (
    contractref text DEFAULT ''::text NOT NULL,
    component text DEFAULT ''::text NOT NULL,
    workcentreadded text DEFAULT ''::text NOT NULL,
    loccode text DEFAULT ''::text NOT NULL,
    quantity numeric(16,4) DEFAULT 1.0000 NOT NULL
);


ALTER TABLE public.contractbom OWNER TO weberp_db_user;

--
-- Name: contractreqts; Type: TABLE; Schema: public; Owner: weberp_db_user; Tablespace: 
--

CREATE TABLE contractreqts (
    contractreqid serial NOT NULL,
    contract text DEFAULT ''::text NOT NULL,
    component text DEFAULT ''::text NOT NULL,
    quantity numeric(16,4) DEFAULT 1.0000 NOT NULL,
    priceperunit numeric(20,4) DEFAULT 0.0000 NOT NULL
);


ALTER TABLE public.contractreqts OWNER TO weberp_db_user;

--
-- Name: contractreqts_contractreqid_seq; Type: SEQUENCE SET; Schema: public; Owner: weberp_db_user
--

SELECT pg_catalog.setval(pg_catalog.pg_get_serial_sequence('contractreqts', 'contractreqid'), 1, false);


--
-- Name: contracts; Type: TABLE; Schema: public; Owner: weberp_db_user; Tablespace: 
--

CREATE TABLE contracts (
    contractref text DEFAULT ''::text NOT NULL,
    contractdescription text DEFAULT ''::text NOT NULL,
    debtorno text DEFAULT ''::text NOT NULL,
    branchcode text DEFAULT ''::text NOT NULL,
    status text DEFAULT 'Quotation'::text NOT NULL,
    categoryid text DEFAULT ''::text NOT NULL,
    typeabbrev text DEFAULT ''::text NOT NULL,
    orderno integer DEFAULT 0 NOT NULL,
    quotedpricefx numeric(20,4) DEFAULT 0.0000 NOT NULL,
    margin numeric(16,4) DEFAULT 1.0000 NOT NULL,
    woref text DEFAULT ''::text NOT NULL,
    requireddate timestamp without time zone,
    canceldate timestamp without time zone,
    quantityreqd numeric(16,4) DEFAULT 1.0000 NOT NULL,
    specifications pgblob NOT NULL,
    datequoted timestamp without time zone,
    units text DEFAULT 'Each'::text NOT NULL,
    drawing pgblob NOT NULL,
    rate numeric(16,4) DEFAULT 1.0000 NOT NULL
);


ALTER TABLE public.contracts OWNER TO weberp_db_user;

--
-- Name: currencies; Type: TABLE; Schema: public; Owner: weberp_db_user; Tablespace: 
--

CREATE TABLE currencies (
    currency text DEFAULT ''::text NOT NULL,
    currabrev text DEFAULT ''::text NOT NULL,
    country text DEFAULT ''::text NOT NULL,
    hundredsname text DEFAULT 'Cents'::text NOT NULL,
    rate numeric(16,4) DEFAULT 1.0000 NOT NULL
);


ALTER TABLE public.currencies OWNER TO weberp_db_user;

--
-- Name: custallocns; Type: TABLE; Schema: public; Owner: weberp_db_user; Tablespace: 
--

CREATE TABLE custallocns (
    id serial NOT NULL,
    amt numeric(20,4) DEFAULT 0.0000 NOT NULL,
    datealloc date,
    transid_allocfrom integer DEFAULT 0 NOT NULL,
    transid_allocto integer DEFAULT 0 NOT NULL
);


ALTER TABLE public.custallocns OWNER TO weberp_db_user;

--
-- Name: custallocns_id_seq; Type: SEQUENCE SET; Schema: public; Owner: weberp_db_user
--

SELECT pg_catalog.setval(pg_catalog.pg_get_serial_sequence('custallocns', 'id'), 1, false);


--
-- Name: custbranch; Type: TABLE; Schema: public; Owner: weberp_db_user; Tablespace: 
--

CREATE TABLE custbranch (
    branchcode text DEFAULT ''::text NOT NULL,
    debtorno text DEFAULT ''::text NOT NULL,
    brname text DEFAULT ''::text NOT NULL,
    braddress1 text DEFAULT ''::text NOT NULL,
    braddress2 text DEFAULT ''::text NOT NULL,
    braddress3 text DEFAULT ''::text NOT NULL,
    braddress4 text DEFAULT ''::text NOT NULL,
    estdeliverydays integer DEFAULT 1 NOT NULL,
    area text DEFAULT ''::text NOT NULL,
    salesman text DEFAULT ''::text NOT NULL,
    fwddate integer DEFAULT 0 NOT NULL,
    phoneno text DEFAULT ''::text NOT NULL,
    faxno text DEFAULT ''::text NOT NULL,
    contactname text DEFAULT ''::text NOT NULL,
    email text DEFAULT ''::text NOT NULL,
    defaultlocation text DEFAULT ''::text NOT NULL,
    taxgroupid integer DEFAULT 1 NOT NULL,
    defaultshipvia integer DEFAULT 1 NOT NULL,
    disabletrans integer DEFAULT 0 NOT NULL,
    brpostaddr1 text DEFAULT ''::text NOT NULL,
    brpostaddr2 text DEFAULT ''::text NOT NULL,
    brpostaddr3 text DEFAULT ''::text NOT NULL,
    brpostaddr4 text DEFAULT ''::text NOT NULL,
    custbranchcode text DEFAULT ''::text NOT NULL,
    deliverblind integer DEFAULT 1,
    braddress5 character varying(20) DEFAULT ''::text NOT NULL,
    braddress6 character varying(15) DEFAULT ''::text NOT NULL,
    brpostaddr5 character varying(20) DEFAULT ''::text NOT NULL,
    brpostaddr6 character varying(15) DEFAULT ''::text NOT NULL
);


ALTER TABLE public.custbranch OWNER TO weberp_db_user;

--
-- Name: debtorsmaster; Type: TABLE; Schema: public; Owner: weberp_db_user; Tablespace: 
--

CREATE TABLE debtorsmaster (
    debtorno text DEFAULT ''::text NOT NULL,
    name text DEFAULT ''::text NOT NULL,
    address1 text DEFAULT ''::text NOT NULL,
    address2 text DEFAULT ''::text NOT NULL,
    address3 text DEFAULT ''::text NOT NULL,
    address4 text DEFAULT ''::text NOT NULL,
    currcode text DEFAULT ''::text NOT NULL,
    salestype text DEFAULT ''::text NOT NULL,
    clientsince timestamp without time zone,
    holdreason integer DEFAULT 0 NOT NULL,
    paymentterms text DEFAULT 'f'::text NOT NULL,
    discount numeric(16,4) DEFAULT 0.0000 NOT NULL,
    pymtdiscount numeric(16,4) DEFAULT 0.0000 NOT NULL,
    lastpaid numeric(16,4) DEFAULT 0.0000 NOT NULL,
    lastpaiddate timestamp without time zone,
    creditlimit double precision DEFAULT (1000)::double precision NOT NULL,
    invaddrbranch integer DEFAULT 0 NOT NULL,
    discountcode text DEFAULT ''::text NOT NULL,
    ediinvoices integer DEFAULT 0 NOT NULL,
    ediorders integer DEFAULT 0 NOT NULL,
    edireference text DEFAULT ''::text NOT NULL,
    editransport text DEFAULT 'email'::text NOT NULL,
    ediaddress text DEFAULT ''::text NOT NULL,
    ediserveruser text DEFAULT ''::text NOT NULL,
    ediserverpwd text DEFAULT ''::text NOT NULL,
    taxref text DEFAULT ''::text,
    address5 character varying(20) DEFAULT ''::text NOT NULL,
    address6 character varying(15) DEFAULT ''::text NOT NULL
);


ALTER TABLE public.debtorsmaster OWNER TO weberp_db_user;

--
-- Name: debtortrans; Type: TABLE; Schema: public; Owner: weberp_db_user; Tablespace: 
--

CREATE TABLE debtortrans (
    id serial NOT NULL,
    transno integer DEFAULT 0 NOT NULL,
    "type" integer DEFAULT 0 NOT NULL,
    debtorno text DEFAULT ''::text NOT NULL,
    branchcode text DEFAULT ''::text NOT NULL,
    trandate timestamp without time zone,
    prd integer DEFAULT 0 NOT NULL,
    settled integer DEFAULT 0 NOT NULL,
    reference text DEFAULT ''::text NOT NULL,
    tpe text DEFAULT ''::text NOT NULL,
    order_ integer DEFAULT 0 NOT NULL,
    rate numeric(16,6) DEFAULT 0.000000 NOT NULL,
    ovamount double precision DEFAULT (0)::double precision NOT NULL,
    ovgst double precision DEFAULT (0)::double precision NOT NULL,
    ovfreight double precision DEFAULT (0)::double precision NOT NULL,
    ovdiscount double precision DEFAULT (0)::double precision NOT NULL,
    diffonexch double precision DEFAULT (0)::double precision NOT NULL,
    alloc double precision DEFAULT (0)::double precision NOT NULL,
    invtext text,
    shipvia text DEFAULT ''::text NOT NULL,
    edisent integer DEFAULT 0 NOT NULL,
    consignment text DEFAULT ''::text NOT NULL
);


ALTER TABLE public.debtortrans OWNER TO weberp_db_user;

--
-- Name: debtortrans_id_seq; Type: SEQUENCE SET; Schema: public; Owner: weberp_db_user
--

SELECT pg_catalog.setval(pg_catalog.pg_get_serial_sequence('debtortrans', 'id'), 41, true);


--
-- Name: debtortranstaxes; Type: TABLE; Schema: public; Owner: weberp_db_user; Tablespace: 
--

CREATE TABLE debtortranstaxes (
    debtortransid integer NOT NULL,
    taxauthid integer NOT NULL,
    taxamount double precision NOT NULL
);


ALTER TABLE public.debtortranstaxes OWNER TO weberp_db_user;

--
-- Name: discountmatrix; Type: TABLE; Schema: public; Owner: weberp_db_user; Tablespace: 
--

CREATE TABLE discountmatrix (
    salestype text DEFAULT ''::text NOT NULL,
    discountcategory text DEFAULT ''::text NOT NULL,
    quantitybreak integer DEFAULT 1 NOT NULL,
    discountrate numeric(16,4) DEFAULT 0.0000 NOT NULL
);


ALTER TABLE public.discountmatrix OWNER TO weberp_db_user;

--
-- Name: edi_orders_seg_groups; Type: TABLE; Schema: public; Owner: weberp_db_user; Tablespace: 
--

CREATE TABLE edi_orders_seg_groups (
    seggroupno integer DEFAULT 0 NOT NULL,
    maxoccur integer DEFAULT 0 NOT NULL,
    parentseggroup integer DEFAULT 0 NOT NULL
);


ALTER TABLE public.edi_orders_seg_groups OWNER TO weberp_db_user;

--
-- Name: edi_orders_segs; Type: TABLE; Schema: public; Owner: weberp_db_user; Tablespace: 
--

CREATE TABLE edi_orders_segs (
    id serial NOT NULL,
    segtag text DEFAULT ''::text NOT NULL,
    seggroup integer DEFAULT 0 NOT NULL,
    maxoccur integer DEFAULT 0 NOT NULL
);


ALTER TABLE public.edi_orders_segs OWNER TO weberp_db_user;

--
-- Name: edi_orders_segs_id_seq; Type: SEQUENCE SET; Schema: public; Owner: weberp_db_user
--

SELECT pg_catalog.setval(pg_catalog.pg_get_serial_sequence('edi_orders_segs', 'id'), 1, false);


--
-- Name: ediitemmapping; Type: TABLE; Schema: public; Owner: weberp_db_user; Tablespace: 
--

CREATE TABLE ediitemmapping (
    supporcust text DEFAULT ''::text NOT NULL,
    partnercode text DEFAULT ''::text NOT NULL,
    stockid text DEFAULT ''::text NOT NULL,
    partnerstockid text DEFAULT ''::text NOT NULL
);


ALTER TABLE public.ediitemmapping OWNER TO weberp_db_user;

--
-- Name: edimessageformat; Type: TABLE; Schema: public; Owner: weberp_db_user; Tablespace: 
--

CREATE TABLE edimessageformat (
    id serial NOT NULL,
    partnercode text DEFAULT ''::text NOT NULL,
    messagetype text DEFAULT ''::text NOT NULL,
    section text DEFAULT ''::text NOT NULL,
    sequenceno integer DEFAULT 0 NOT NULL,
    linetext text DEFAULT ''::text NOT NULL
);


ALTER TABLE public.edimessageformat OWNER TO weberp_db_user;

--
-- Name: edimessageformat_id_seq; Type: SEQUENCE SET; Schema: public; Owner: weberp_db_user
--

SELECT pg_catalog.setval(pg_catalog.pg_get_serial_sequence('edimessageformat', 'id'), 1, false);


--
-- Name: freightcosts; Type: TABLE; Schema: public; Owner: weberp_db_user; Tablespace: 
--

CREATE TABLE freightcosts (
    shipcostfromid serial NOT NULL,
    locationfrom text DEFAULT ''::text NOT NULL,
    destination text DEFAULT ''::text NOT NULL,
    shipperid integer DEFAULT 0 NOT NULL,
    cubrate numeric(16,2) DEFAULT 0.00 NOT NULL,
    kgrate numeric(16,2) DEFAULT 0.00 NOT NULL,
    maxkgs numeric(16,2) DEFAULT 999999.00 NOT NULL,
    maxcub numeric(16,2) DEFAULT 999999.00 NOT NULL,
    fixedprice numeric(16,2) DEFAULT 0.00 NOT NULL,
    minimumchg numeric(16,2) DEFAULT 0.00 NOT NULL
);


ALTER TABLE public.freightcosts OWNER TO weberp_db_user;

--
-- Name: freightcosts_shipcostfromid_seq; Type: SEQUENCE SET; Schema: public; Owner: weberp_db_user
--

SELECT pg_catalog.setval(pg_catalog.pg_get_serial_sequence('freightcosts', 'shipcostfromid'), 1, true);


--
-- Name: gltrans; Type: TABLE; Schema: public; Owner: weberp_db_user; Tablespace: 
--

CREATE TABLE gltrans (
    counterindex serial NOT NULL,
    "type" integer DEFAULT 0 NOT NULL,
    typeno bigint DEFAULT (1)::bigint NOT NULL,
    chequeno integer DEFAULT 0 NOT NULL,
    trandate date,
    periodno integer DEFAULT 0 NOT NULL,
    account integer DEFAULT 0 NOT NULL,
    narrative text DEFAULT ''::text NOT NULL,
    amount double precision DEFAULT (0)::double precision NOT NULL,
    posted integer DEFAULT 0 NOT NULL,
    jobref text DEFAULT ''::text NOT NULL
);


ALTER TABLE public.gltrans OWNER TO weberp_db_user;

--
-- Name: gltrans_counterindex_seq; Type: SEQUENCE SET; Schema: public; Owner: weberp_db_user
--

SELECT pg_catalog.setval(pg_catalog.pg_get_serial_sequence('gltrans', 'counterindex'), 132, true);


--
-- Name: grns; Type: TABLE; Schema: public; Owner: weberp_db_user; Tablespace: 
--

CREATE TABLE grns (
    grnbatch integer DEFAULT 0 NOT NULL,
    grnno serial NOT NULL,
    podetailitem integer DEFAULT 0 NOT NULL,
    itemcode text DEFAULT ''::text NOT NULL,
    deliverydate date,
    itemdescription text DEFAULT ''::text NOT NULL,
    qtyrecd numeric(16,4) DEFAULT 0.0000 NOT NULL,
    quantityinv numeric(16,4) DEFAULT 0.0000 NOT NULL,
    supplierid text DEFAULT ''::text NOT NULL
);


ALTER TABLE public.grns OWNER TO weberp_db_user;

--
-- Name: grns_grnno_seq; Type: SEQUENCE SET; Schema: public; Owner: weberp_db_user
--

SELECT pg_catalog.setval(pg_catalog.pg_get_serial_sequence('grns', 'grnno'), 13, true);


--
-- Name: holdreasons; Type: TABLE; Schema: public; Owner: weberp_db_user; Tablespace: 
--

CREATE TABLE holdreasons (
    reasoncode integer DEFAULT 1 NOT NULL,
    reasondescription text DEFAULT ''::text NOT NULL,
    dissallowinvoices integer DEFAULT -1 NOT NULL
);


ALTER TABLE public.holdreasons OWNER TO weberp_db_user;

--
-- Name: locations; Type: TABLE; Schema: public; Owner: weberp_db_user; Tablespace: 
--

CREATE TABLE locations (
    loccode text DEFAULT ''::text NOT NULL,
    locationname text DEFAULT ''::text NOT NULL,
    deladd1 text DEFAULT ''::text NOT NULL,
    deladd2 text DEFAULT ''::text NOT NULL,
    deladd3 text DEFAULT ''::text NOT NULL,
    tel text DEFAULT ''::text NOT NULL,
    fax text DEFAULT ''::text NOT NULL,
    email text DEFAULT ''::text NOT NULL,
    contact text DEFAULT ''::text NOT NULL,
    taxprovinceid integer DEFAULT 1 NOT NULL,
    managed integer DEFAULT 0,
    deladd4 character varying(40) DEFAULT ''::text,
    deladd5 character varying(20) DEFAULT ''::text,
    deladd6 character varying(15) DEFAULT ''::text
);


ALTER TABLE public.locations OWNER TO weberp_db_user;

--
-- Name: locstock; Type: TABLE; Schema: public; Owner: weberp_db_user; Tablespace: 
--

CREATE TABLE locstock (
    loccode text DEFAULT ''::text NOT NULL,
    stockid text DEFAULT ''::text NOT NULL,
    quantity numeric(16,1) DEFAULT 0.0 NOT NULL,
    reorderlevel bigint DEFAULT (0)::bigint NOT NULL
);


ALTER TABLE public.locstock OWNER TO weberp_db_user;

--
-- Name: loctransfers; Type: TABLE; Schema: public; Owner: weberp_db_user; Tablespace: 
--

CREATE TABLE loctransfers (
    reference integer DEFAULT 0 NOT NULL,
    stockid text DEFAULT ''::text NOT NULL,
    shipqty integer DEFAULT 0 NOT NULL,
    recqty integer DEFAULT 0 NOT NULL,
    shipdate date,
    recdate date,
    shiploc text DEFAULT ''::text NOT NULL,
    recloc text DEFAULT ''::text NOT NULL
);


ALTER TABLE public.loctransfers OWNER TO weberp_db_user;

--
-- Name: orderdeliverydifferenceslog; Type: TABLE; Schema: public; Owner: weberp_db_user; Tablespace: 
--

CREATE TABLE orderdeliverydifferenceslog (
    orderno integer DEFAULT 0 NOT NULL,
    invoiceno integer DEFAULT 0 NOT NULL,
    stockid text DEFAULT ''::text NOT NULL,
    quantitydiff numeric(16,4) DEFAULT 0.0000 NOT NULL,
    debtorno text DEFAULT ''::text NOT NULL,
    branch text DEFAULT ''::text NOT NULL,
    can_or_bo text DEFAULT 'CAN'::text NOT NULL
);


ALTER TABLE public.orderdeliverydifferenceslog OWNER TO weberp_db_user;

--
-- Name: paymentmethods; Type: TABLE; Schema: public; Owner: weberp_db_user; Tablespace: 
--

CREATE TABLE paymentmethods (
    paymentid serial NOT NULL,
    paymentname text NOT NULL,
    paymenttype integer DEFAULT 1 NOT NULL,
    receipttype integer DEFAULT 1 NOT NULL
);


ALTER TABLE public.paymentmethods OWNER TO weberp_db_user;

--
-- Name: paymentmethods_paymentid_seq; Type: SEQUENCE SET; Schema: public; Owner: weberp_db_user
--

SELECT pg_catalog.setval(pg_catalog.pg_get_serial_sequence('paymentmethods', 'paymentid'), 4, true);


--
-- Name: paymentterms; Type: TABLE; Schema: public; Owner: weberp_db_user; Tablespace: 
--

CREATE TABLE paymentterms (
    termsindicator text DEFAULT ''::text NOT NULL,
    terms text DEFAULT ''::text NOT NULL,
    daysbeforedue integer DEFAULT 0 NOT NULL,
    dayinfollowingmonth integer DEFAULT 0 NOT NULL
);


ALTER TABLE public.paymentterms OWNER TO weberp_db_user;

--
-- Name: periods; Type: TABLE; Schema: public; Owner: weberp_db_user; Tablespace: 
--

CREATE TABLE periods (
    periodno integer DEFAULT 0 NOT NULL,
    lastdate_in_period date
);


ALTER TABLE public.periods OWNER TO weberp_db_user;

--
-- Name: prices; Type: TABLE; Schema: public; Owner: weberp_db_user; Tablespace: 
--

CREATE TABLE prices (
    stockid text DEFAULT ''::text NOT NULL,
    typeabbrev text DEFAULT ''::text NOT NULL,
    currabrev text DEFAULT ''::text NOT NULL,
    debtorno text DEFAULT ''::text NOT NULL,
    price numeric(20,4) DEFAULT 0.0000 NOT NULL,
    branchcode text DEFAULT ''::text NOT NULL
);


ALTER TABLE public.prices OWNER TO weberp_db_user;

--
-- Name: purchdata; Type: TABLE; Schema: public; Owner: weberp_db_user; Tablespace: 
--

CREATE TABLE purchdata (
    supplierno text DEFAULT ''::text NOT NULL,
    stockid text DEFAULT ''::text NOT NULL,
    price numeric(20,4) DEFAULT 0.0000 NOT NULL,
    suppliersuom text DEFAULT ''::text NOT NULL,
    conversionfactor numeric(16,4) DEFAULT 1.0000 NOT NULL,
    supplierdescription text DEFAULT ''::text NOT NULL,
    leadtime integer DEFAULT 1 NOT NULL,
    preferred integer DEFAULT 0 NOT NULL
);


ALTER TABLE public.purchdata OWNER TO weberp_db_user;

--
-- Name: purchorderdetails; Type: TABLE; Schema: public; Owner: weberp_db_user; Tablespace: 
--

CREATE TABLE purchorderdetails (
    podetailitem serial NOT NULL,
    orderno integer DEFAULT 0 NOT NULL,
    itemcode text DEFAULT ''::text NOT NULL,
    deliverydate date,
    itemdescription text DEFAULT ''::text NOT NULL,
    glcode integer DEFAULT 0 NOT NULL,
    qtyinvoiced numeric(16,4) DEFAULT 0.0000 NOT NULL,
    unitprice numeric(16,4) DEFAULT 0.0000 NOT NULL,
    actprice numeric(16,4) DEFAULT 0.0000 NOT NULL,
    stdcostunit numeric(16,4) DEFAULT 0.0000 NOT NULL,
    quantityord numeric(16,4) DEFAULT 0.0000 NOT NULL,
    quantityrecd numeric(16,4) DEFAULT 0.0000 NOT NULL,
    shiptref integer DEFAULT 0 NOT NULL,
    jobref text DEFAULT ''::text,
    completed integer DEFAULT 0 NOT NULL
);


ALTER TABLE public.purchorderdetails OWNER TO weberp_db_user;

--
-- Name: purchorderdetails_podetailitem_seq; Type: SEQUENCE SET; Schema: public; Owner: weberp_db_user
--

SELECT pg_catalog.setval(pg_catalog.pg_get_serial_sequence('purchorderdetails', 'podetailitem'), 5, true);


--
-- Name: purchorders; Type: TABLE; Schema: public; Owner: weberp_db_user; Tablespace: 
--

CREATE TABLE purchorders (
    orderno serial NOT NULL,
    supplierno text DEFAULT ''::text NOT NULL,
    comments pgblob,
    orddate timestamp without time zone,
    rate numeric(16,4) DEFAULT 1.0000 NOT NULL,
    dateprinted timestamp without time zone,
    allowprint integer DEFAULT 1 NOT NULL,
    initiator text,
    requisitionno text,
    intostocklocation text DEFAULT ''::text NOT NULL,
    deladd1 text DEFAULT ''::text NOT NULL,
    deladd2 text DEFAULT ''::text NOT NULL,
    deladd3 text DEFAULT ''::text NOT NULL,
    deladd4 text DEFAULT ''::text NOT NULL,
    deladd5 character varying(20) DEFAULT ''::text,
    deladd6 character varying(15) DEFAULT ''::text,
    contact character varying(30) DEFAULT ''::text
);


ALTER TABLE public.purchorders OWNER TO weberp_db_user;

--
-- Name: purchorders_orderno_seq; Type: SEQUENCE SET; Schema: public; Owner: weberp_db_user
--

SELECT pg_catalog.setval(pg_catalog.pg_get_serial_sequence('purchorders', 'orderno'), 7, true);


--
-- Name: recurringsalesorders; Type: TABLE; Schema: public; Owner: weberp_db_user; Tablespace: 
--

CREATE TABLE recurringsalesorders (
    recurrorderno serial NOT NULL,
    debtorno text DEFAULT ''::text NOT NULL,
    branchcode text DEFAULT ''::text NOT NULL,
    customerref text DEFAULT ''::text NOT NULL,
    buyername text,
    comments pgblob,
    orddate date,
    ordertype text DEFAULT ''::text NOT NULL,
    shipvia integer DEFAULT 0 NOT NULL,
    deladd1 text DEFAULT ''::text NOT NULL,
    deladd2 text DEFAULT ''::text NOT NULL,
    deladd3 text DEFAULT ''::text NOT NULL,
    deladd4 text,
    contactphone text,
    contactemail text,
    deliverto text DEFAULT ''::text NOT NULL,
    freightcost numeric(10,2) DEFAULT 0.00 NOT NULL,
    fromstkloc text DEFAULT ''::text NOT NULL,
    deliverydate date,
    lastrecurrence date DEFAULT now(),
    frequency integer DEFAULT 1 NOT NULL,
    stopdate date,
    autoinvoice integer DEFAULT 0 NOT NULL,
    deladd5 character varying(20) DEFAULT ''::text,
    deladd6 character varying(15) DEFAULT ''::text
);


ALTER TABLE public.recurringsalesorders OWNER TO weberp_db_user;

--
-- Name: recurringsalesorders_recurrorderno_seq; Type: SEQUENCE SET; Schema: public; Owner: weberp_db_user
--

SELECT pg_catalog.setval(pg_catalog.pg_get_serial_sequence('recurringsalesorders', 'recurrorderno'), 5, true);


--
-- Name: recurrsalesorderdetails; Type: TABLE; Schema: public; Owner: weberp_db_user; Tablespace: 
--

CREATE TABLE recurrsalesorderdetails (
    recurrorderno integer DEFAULT 0 NOT NULL,
    stkcode text DEFAULT ''::text NOT NULL,
    unitprice numeric(16,4) DEFAULT 0.0000 NOT NULL,
    quantity numeric(16,4) DEFAULT 0.0000 NOT NULL,
    discountpercent numeric(16,4) DEFAULT 0.0000 NOT NULL,
    narrative text NOT NULL
);


ALTER TABLE public.recurrsalesorderdetails OWNER TO weberp_db_user;

--
-- Name: reportcolumns; Type: TABLE; Schema: public; Owner: weberp_db_user; Tablespace: 
--

CREATE TABLE reportcolumns (
    reportid integer DEFAULT 0 NOT NULL,
    colno integer DEFAULT 0 NOT NULL,
    heading1 text DEFAULT ''::text NOT NULL,
    heading2 text,
    calculation integer DEFAULT 0 NOT NULL,
    periodfrom integer,
    periodto integer,
    datatype text,
    colnumerator integer,
    coldenominator integer,
    calcoperator text,
    budgetoractual integer DEFAULT 0 NOT NULL,
    valformat text DEFAULT 'N'::text NOT NULL,
    constant double precision DEFAULT (0)::double precision NOT NULL
);


ALTER TABLE public.reportcolumns OWNER TO weberp_db_user;

--
-- Name: reportfields; Type: TABLE; Schema: public; Owner: weberp_db_user; Tablespace: 
--

CREATE TABLE reportfields (
    id serial NOT NULL,
    reportid integer DEFAULT 0 NOT NULL,
    entrytype character varying(15) DEFAULT ''::character varying NOT NULL,
    seqnum integer DEFAULT 0 NOT NULL,
    fieldname character varying(35) DEFAULT ''::character varying NOT NULL,
    displaydesc character varying(25) DEFAULT ''::character varying NOT NULL,
    visible character(1) DEFAULT '1'::bpchar NOT NULL,
    columnbreak character(1) DEFAULT '1'::bpchar NOT NULL,
    params text
);


ALTER TABLE public.reportfields OWNER TO weberp_db_user;

--
-- Name: reportfields_id_seq; Type: SEQUENCE SET; Schema: public; Owner: weberp_db_user
--

SELECT pg_catalog.setval(pg_catalog.pg_get_serial_sequence('reportfields', 'id'), 12, true);


--
-- Name: reportheaders; Type: TABLE; Schema: public; Owner: weberp_db_user; Tablespace: 
--

CREATE TABLE reportheaders (
    reportid serial NOT NULL,
    reportheading text DEFAULT ''::text NOT NULL,
    groupbydata1 text DEFAULT ''::text NOT NULL,
    newpageafter1 integer DEFAULT 0 NOT NULL,
    lower1 text DEFAULT ''::text NOT NULL,
    upper1 text DEFAULT ''::text NOT NULL,
    groupbydata2 text,
    newpageafter2 integer DEFAULT 0 NOT NULL,
    lower2 text,
    upper2 text,
    groupbydata3 text,
    newpageafter3 integer DEFAULT 0 NOT NULL,
    lower3 text,
    upper3 text,
    groupbydata4 text DEFAULT ''::text NOT NULL,
    newpageafter4 integer DEFAULT 0 NOT NULL,
    upper4 text DEFAULT ''::text NOT NULL,
    lower4 text DEFAULT ''::text NOT NULL
);


ALTER TABLE public.reportheaders OWNER TO weberp_db_user;

--
-- Name: reportheaders_reportid_seq; Type: SEQUENCE SET; Schema: public; Owner: weberp_db_user
--

SELECT pg_catalog.setval(pg_catalog.pg_get_serial_sequence('reportheaders', 'reportid'), 1, true);


--
-- Name: reportlinks; Type: TABLE; Schema: public; Owner: weberp_db_user; Tablespace: 
--

CREATE TABLE reportlinks (
    table1 character varying(25) DEFAULT ''::character varying NOT NULL,
    table2 character varying(25) DEFAULT ''::character varying NOT NULL,
    equation character varying(75) DEFAULT ''::character varying NOT NULL
);


ALTER TABLE public.reportlinks OWNER TO weberp_db_user;

--
-- Name: reports; Type: TABLE; Schema: public; Owner: weberp_db_user; Tablespace: 
--

CREATE TABLE reports (
    id serial NOT NULL,
    reportname text DEFAULT ''::text NOT NULL,
    reporttype text DEFAULT 'rpt'::text NOT NULL,
    groupname text DEFAULT 'misc'::text NOT NULL,
    defaultreport character(1) DEFAULT '0'::bpchar NOT NULL,
    papersize text DEFAULT 'A4,210,297'::text NOT NULL,
    paperorientation character(1) DEFAULT 'P'::bpchar NOT NULL,
    margintop integer DEFAULT 10 NOT NULL,
    marginbottom integer DEFAULT 10 NOT NULL,
    marginleft integer DEFAULT 10 NOT NULL,
    marginright integer DEFAULT 10 NOT NULL,
    coynamefont text DEFAULT 'Helvetica'::text NOT NULL,
    coynamefontsize integer DEFAULT 12 NOT NULL,
    coynamefontcolor text DEFAULT '0,0,0'::text NOT NULL,
    coynamealign character(1) DEFAULT 'C'::bpchar NOT NULL,
    coynameshow character(1) DEFAULT '1'::bpchar NOT NULL,
    title1desc text DEFAULT '%reportname%'::text NOT NULL,
    title1font text DEFAULT 'Helvetica'::text NOT NULL,
    title1fontsize integer DEFAULT 10 NOT NULL,
    title1fontcolor text DEFAULT '0,0,0'::text NOT NULL,
    title1fontalign character(1) DEFAULT 'C'::bpchar NOT NULL,
    title1show character(1) DEFAULT '1'::bpchar NOT NULL,
    title2desc text DEFAULT 'Report Generated %date%'::text NOT NULL,
    title2font text DEFAULT 'Helvetica'::text NOT NULL,
    title2fontsize integer DEFAULT 10 NOT NULL,
    title2fontcolor text DEFAULT '0,0,0'::text NOT NULL,
    title2fontalign character(1) DEFAULT 'C'::bpchar NOT NULL,
    title2show character(1) DEFAULT '1'::bpchar NOT NULL,
    filterfont text DEFAULT 'Helvetica'::text NOT NULL,
    filterfontsize integer DEFAULT 8 NOT NULL,
    filterfontcolor text DEFAULT '0,0,0'::text NOT NULL,
    filterfontalign character(1) DEFAULT 'L'::bpchar NOT NULL,
    datafont text DEFAULT 'Helvetica'::text NOT NULL,
    datafontsize integer DEFAULT 10 NOT NULL,
    datafontcolor text DEFAULT 'black'::text NOT NULL,
    datafontalign character(1) DEFAULT 'L'::bpchar NOT NULL,
    totalsfont text DEFAULT 'Helvetica'::text NOT NULL,
    totalsfontsize integer DEFAULT 10 NOT NULL,
    totalsfontcolor text DEFAULT '0,0,0'::text NOT NULL,
    totalsfontalign character(1) DEFAULT 'L'::bpchar NOT NULL,
    col1width integer DEFAULT 25 NOT NULL,
    col2width integer DEFAULT 25 NOT NULL,
    col3width integer DEFAULT 25 NOT NULL,
    col4width integer DEFAULT 25 NOT NULL,
    col5width integer DEFAULT 25 NOT NULL,
    col6width integer DEFAULT 25 NOT NULL,
    col7width integer DEFAULT 25 NOT NULL,
    col8width integer DEFAULT 25 NOT NULL,
    table1 text DEFAULT ''::text NOT NULL,
    table2 text,
    table2criteria text,
    table3 text,
    table3criteria text,
    table4 text,
    table4criteria text,
    table5 text,
    table5criteria text,
    table6 text,
    table6criteria text
);


ALTER TABLE public.reports OWNER TO weberp_db_user;

--
-- Name: reports_id_seq; Type: SEQUENCE SET; Schema: public; Owner: weberp_db_user
--

SELECT pg_catalog.setval(pg_catalog.pg_get_serial_sequence('reports', 'id'), 2, true);


--
-- Name: salesanalysis; Type: TABLE; Schema: public; Owner: weberp_db_user; Tablespace: 
--

CREATE TABLE salesanalysis (
    typeabbrev text DEFAULT ''::text NOT NULL,
    periodno integer DEFAULT 0 NOT NULL,
    amt numeric(16,4) DEFAULT 0.0000 NOT NULL,
    cost numeric(16,4) DEFAULT 0.0000 NOT NULL,
    cust text DEFAULT ''::text NOT NULL,
    custbranch text DEFAULT ''::text NOT NULL,
    qty numeric(16,4) DEFAULT 0.0000 NOT NULL,
    disc numeric(16,4) DEFAULT 0.0000 NOT NULL,
    stockid text DEFAULT ''::text NOT NULL,
    area text DEFAULT ''::text NOT NULL,
    budgetoractual integer DEFAULT 0 NOT NULL,
    salesperson text DEFAULT ''::text NOT NULL,
    stkcategory text DEFAULT ''::text NOT NULL,
    id serial NOT NULL
);


ALTER TABLE public.salesanalysis OWNER TO weberp_db_user;

--
-- Name: salesanalysis_id_seq; Type: SEQUENCE SET; Schema: public; Owner: weberp_db_user
--

SELECT pg_catalog.setval(pg_catalog.pg_get_serial_sequence('salesanalysis', 'id'), 26, true);


--
-- Name: salescat; Type: TABLE; Schema: public; Owner: weberp_db_user; Tablespace: 
--

CREATE TABLE salescat (
    salescatid serial NOT NULL,
    parentcatid integer,
    salescatname text
);


ALTER TABLE public.salescat OWNER TO weberp_db_user;

--
-- Name: salescat_salescatid_seq; Type: SEQUENCE SET; Schema: public; Owner: weberp_db_user
--

SELECT pg_catalog.setval(pg_catalog.pg_get_serial_sequence('salescat', 'salescatid'), 2, true);


--
-- Name: salescatprod; Type: TABLE; Schema: public; Owner: weberp_db_user; Tablespace: 
--

CREATE TABLE salescatprod (
    salescatid integer,
    stockid text NOT NULL
);


ALTER TABLE public.salescatprod OWNER TO weberp_db_user;

--
-- Name: salesglpostings; Type: TABLE; Schema: public; Owner: weberp_db_user; Tablespace: 
--

CREATE TABLE salesglpostings (
    id serial NOT NULL,
    area text DEFAULT ''::text NOT NULL,
    stkcat text DEFAULT ''::text NOT NULL,
    discountglcode integer DEFAULT 0 NOT NULL,
    salesglcode integer DEFAULT 0 NOT NULL,
    salestype text DEFAULT 'AN'::text NOT NULL
);


ALTER TABLE public.salesglpostings OWNER TO weberp_db_user;

--
-- Name: salesglpostings_id_seq; Type: SEQUENCE SET; Schema: public; Owner: weberp_db_user
--

SELECT pg_catalog.setval(pg_catalog.pg_get_serial_sequence('salesglpostings', 'id'), 6, true);


--
-- Name: salesman; Type: TABLE; Schema: public; Owner: weberp_db_user; Tablespace: 
--

CREATE TABLE salesman (
    salesmancode text DEFAULT ''::text NOT NULL,
    salesmanname text DEFAULT ''::text NOT NULL,
    smantel text DEFAULT ''::text NOT NULL,
    smanfax text DEFAULT ''::text NOT NULL,
    commissionrate1 numeric(16,4) DEFAULT 0.0000 NOT NULL,
    breakpoint numeric(20,4) DEFAULT 0.0000 NOT NULL,
    commissionrate2 numeric(16,4) DEFAULT 0.0000 NOT NULL
);


ALTER TABLE public.salesman OWNER TO weberp_db_user;

--
-- Name: salesorderdetails; Type: TABLE; Schema: public; Owner: weberp_db_user; Tablespace: 
--

CREATE TABLE salesorderdetails (
    orderno integer DEFAULT 0 NOT NULL,
    stkcode text DEFAULT ''::text NOT NULL,
    qtyinvoiced numeric(16,4) DEFAULT 0.0000 NOT NULL,
    unitprice numeric(16,4) DEFAULT 0.0000 NOT NULL,
    quantity numeric(16,4) DEFAULT 0.0000 NOT NULL,
    estimate integer DEFAULT 0 NOT NULL,
    discountpercent numeric(16,4) DEFAULT 0.0000 NOT NULL,
    actualdispatchdate timestamp without time zone,
    completed integer DEFAULT 0 NOT NULL,
    narrative text NOT NULL,
    orderlineno integer
);


ALTER TABLE public.salesorderdetails OWNER TO weberp_db_user;

--
-- Name: salesorders; Type: TABLE; Schema: public; Owner: weberp_db_user; Tablespace: 
--

CREATE TABLE salesorders (
    orderno serial NOT NULL,
    debtorno text DEFAULT ''::text NOT NULL,
    branchcode text DEFAULT ''::text NOT NULL,
    customerref text DEFAULT ''::text NOT NULL,
    buyername text,
    comments pgblob,
    orddate date,
    ordertype text DEFAULT ''::text NOT NULL,
    shipvia integer DEFAULT 0 NOT NULL,
    deladd1 text DEFAULT ''::text NOT NULL,
    deladd2 text DEFAULT ''::text NOT NULL,
    deladd3 text DEFAULT ''::text NOT NULL,
    deladd4 text,
    contactphone text,
    contactemail text,
    deliverto text DEFAULT ''::text NOT NULL,
    freightcost numeric(10,2) DEFAULT 0.00 NOT NULL,
    fromstkloc text DEFAULT ''::text NOT NULL,
    deliverydate date,
    printedpackingslip integer DEFAULT 0 NOT NULL,
    datepackingslipprinted date,
    quotation integer DEFAULT 0,
    deliverblind integer DEFAULT 1,
    deladd5 character varying(20) DEFAULT ''::text,
    deladd6 character varying(20) DEFAULT ''::text
);


ALTER TABLE public.salesorders OWNER TO weberp_db_user;

--
-- Name: salesorders_orderno_seq; Type: SEQUENCE SET; Schema: public; Owner: weberp_db_user
--

SELECT pg_catalog.setval(pg_catalog.pg_get_serial_sequence('salesorders', 'orderno'), 60, true);


--
-- Name: salestypes; Type: TABLE; Schema: public; Owner: weberp_db_user; Tablespace: 
--

CREATE TABLE salestypes (
    typeabbrev text DEFAULT ''::text NOT NULL,
    sales_type text DEFAULT ''::text NOT NULL
);


ALTER TABLE public.salestypes OWNER TO weberp_db_user;

--
-- Name: scripts_id_seq; Type: SEQUENCE; Schema: public; Owner: weberp_db_user
--

CREATE SEQUENCE scripts_id_seq
    START WITH 0
    INCREMENT BY 1
    MAXVALUE 999999
    MINVALUE 0
    CACHE 1;


ALTER TABLE public.scripts_id_seq OWNER TO weberp_db_user;

--
-- Name: scripts_id_seq; Type: SEQUENCE SET; Schema: public; Owner: weberp_db_user
--

SELECT pg_catalog.setval('scripts_id_seq', 0, false);


--
-- Name: securitygroups; Type: TABLE; Schema: public; Owner: weberp_db_user; Tablespace: 
--

CREATE TABLE securitygroups (
    secroleid integer NOT NULL,
    tokenid integer NOT NULL
);


ALTER TABLE public.securitygroups OWNER TO weberp_db_user;

--
-- Name: securityroles; Type: TABLE; Schema: public; Owner: weberp_db_user; Tablespace: 
--

CREATE TABLE securityroles (
    secroleid serial NOT NULL,
    secrolename text NOT NULL
);


ALTER TABLE public.securityroles OWNER TO weberp_db_user;

--
-- Name: securityroles_secroleid_seq; Type: SEQUENCE SET; Schema: public; Owner: weberp_db_user
--

SELECT pg_catalog.setval(pg_catalog.pg_get_serial_sequence('securityroles', 'secroleid'), 1, false);


--
-- Name: securitytokens; Type: TABLE; Schema: public; Owner: weberp_db_user; Tablespace: 
--

CREATE TABLE securitytokens (
    tokenid integer NOT NULL,
    tokenname text NOT NULL
);


ALTER TABLE public.securitytokens OWNER TO weberp_db_user;

--
-- Name: shipmentcharges; Type: TABLE; Schema: public; Owner: weberp_db_user; Tablespace: 
--

CREATE TABLE shipmentcharges (
    shiptchgid serial NOT NULL,
    shiptref integer DEFAULT 0 NOT NULL,
    transtype integer DEFAULT 0 NOT NULL,
    transno integer DEFAULT 0 NOT NULL,
    stockid text DEFAULT ''::text NOT NULL,
    value double precision DEFAULT (0)::double precision NOT NULL
);


ALTER TABLE public.shipmentcharges OWNER TO weberp_db_user;

--
-- Name: shipmentcharges_shiptchgid_seq; Type: SEQUENCE SET; Schema: public; Owner: weberp_db_user
--

SELECT pg_catalog.setval(pg_catalog.pg_get_serial_sequence('shipmentcharges', 'shiptchgid'), 1, false);


--
-- Name: shipments; Type: TABLE; Schema: public; Owner: weberp_db_user; Tablespace: 
--

CREATE TABLE shipments (
    shiptref integer DEFAULT 0 NOT NULL,
    voyageref text DEFAULT '0'::text NOT NULL,
    vessel text DEFAULT ''::text NOT NULL,
    eta timestamp without time zone,
    accumvalue numeric(16,4) DEFAULT 0.0000 NOT NULL,
    supplierid text DEFAULT ''::text NOT NULL,
    closed integer DEFAULT 0 NOT NULL
);


ALTER TABLE public.shipments OWNER TO weberp_db_user;

--
-- Name: shippers; Type: TABLE; Schema: public; Owner: weberp_db_user; Tablespace: 
--

CREATE TABLE shippers (
    shipper_id serial NOT NULL,
    shippername text DEFAULT ''::text NOT NULL,
    mincharge numeric(16,4) DEFAULT 0.0000 NOT NULL
);


ALTER TABLE public.shippers OWNER TO weberp_db_user;

--
-- Name: shippers_shipper_id_seq; Type: SEQUENCE SET; Schema: public; Owner: weberp_db_user
--

SELECT pg_catalog.setval(pg_catalog.pg_get_serial_sequence('shippers', 'shipper_id'), 2, true);


--
-- Name: stockcategory; Type: TABLE; Schema: public; Owner: weberp_db_user; Tablespace: 
--

CREATE TABLE stockcategory (
    categoryid text DEFAULT ''::text NOT NULL,
    categorydescription text DEFAULT ''::text NOT NULL,
    stocktype text DEFAULT 'F'::text NOT NULL,
    stockact integer DEFAULT 0 NOT NULL,
    adjglact integer DEFAULT 0 NOT NULL,
    purchpricevaract integer DEFAULT 80000 NOT NULL,
    materialuseagevarac integer DEFAULT 80000 NOT NULL,
    wipact integer DEFAULT 0 NOT NULL
);


ALTER TABLE public.stockcategory OWNER TO weberp_db_user;

--
-- Name: stockcheckfreeze; Type: TABLE; Schema: public; Owner: weberp_db_user; Tablespace: 
--

CREATE TABLE stockcheckfreeze (
    stockid text DEFAULT ''::text NOT NULL,
    loccode text DEFAULT ''::text NOT NULL,
    qoh double precision DEFAULT (0)::double precision NOT NULL
);


ALTER TABLE public.stockcheckfreeze OWNER TO weberp_db_user;

--
-- Name: stockcounts; Type: TABLE; Schema: public; Owner: weberp_db_user; Tablespace: 
--

CREATE TABLE stockcounts (
    id serial NOT NULL,
    stockid text DEFAULT ''::text NOT NULL,
    loccode text DEFAULT ''::text NOT NULL,
    qtycounted double precision DEFAULT (0)::double precision NOT NULL,
    reference text DEFAULT ''::text NOT NULL
);


ALTER TABLE public.stockcounts OWNER TO weberp_db_user;

--
-- Name: stockcounts_id_seq; Type: SEQUENCE SET; Schema: public; Owner: weberp_db_user
--

SELECT pg_catalog.setval(pg_catalog.pg_get_serial_sequence('stockcounts', 'id'), 1, false);


--
-- Name: stockmaster; Type: TABLE; Schema: public; Owner: weberp_db_user; Tablespace: 
--

CREATE TABLE stockmaster (
    stockid text DEFAULT ''::text NOT NULL,
    categoryid text DEFAULT ''::text NOT NULL,
    description text DEFAULT ''::text NOT NULL,
    longdescription text NOT NULL,
    units text DEFAULT 'each'::text NOT NULL,
    mbflag text DEFAULT 'B'::text NOT NULL,
    lastcurcostdate date DEFAULT '1800-01-01'::date NOT NULL,
    actualcost numeric(20,4) DEFAULT 0.0000 NOT NULL,
    lastcost numeric(20,4) DEFAULT 0.0000 NOT NULL,
    materialcost numeric(20,4) DEFAULT 0.0000 NOT NULL,
    labourcost numeric(20,4) DEFAULT 0.0000 NOT NULL,
    overheadcost numeric(20,4) DEFAULT 0.0000 NOT NULL,
    lowestlevel integer DEFAULT 0 NOT NULL,
    discontinued integer DEFAULT 0 NOT NULL,
    controlled integer DEFAULT 0 NOT NULL,
    eoq numeric(10,2) DEFAULT 0.00 NOT NULL,
    volume numeric(20,4) DEFAULT 0.0000 NOT NULL,
    kgs numeric(20,4) DEFAULT 0.0000 NOT NULL,
    barcode text DEFAULT ''::text NOT NULL,
    discountcategory text DEFAULT ''::text NOT NULL,
    taxcatid integer DEFAULT 1 NOT NULL,
    serialised integer DEFAULT 0 NOT NULL,
    decimalplaces integer DEFAULT 0 NOT NULL
);


ALTER TABLE public.stockmaster OWNER TO weberp_db_user;

--
-- Name: stockmoves; Type: TABLE; Schema: public; Owner: weberp_db_user; Tablespace: 
--

CREATE TABLE stockmoves (
    stkmoveno serial NOT NULL,
    stockid text DEFAULT ''::text NOT NULL,
    "type" integer DEFAULT 0 NOT NULL,
    transno integer DEFAULT 0 NOT NULL,
    loccode text DEFAULT ''::text NOT NULL,
    trandate date,
    debtorno text DEFAULT ''::text NOT NULL,
    branchcode text DEFAULT ''::text NOT NULL,
    price numeric(20,4) DEFAULT 0.0000 NOT NULL,
    prd integer DEFAULT 0 NOT NULL,
    reference text DEFAULT ''::text NOT NULL,
    qty numeric(16,4) DEFAULT 1.0000 NOT NULL,
    discountpercent numeric(16,4) DEFAULT 0.0000 NOT NULL,
    standardcost numeric(16,4) DEFAULT 0.0000 NOT NULL,
    show_on_inv_crds integer DEFAULT 1 NOT NULL,
    newqoh double precision DEFAULT (0)::double precision NOT NULL,
    hidemovt integer DEFAULT 0 NOT NULL,
    narrative text DEFAULT ''::text NOT NULL
);


ALTER TABLE public.stockmoves OWNER TO weberp_db_user;

--
-- Name: stockmoves_stkmoveno_seq; Type: SEQUENCE SET; Schema: public; Owner: weberp_db_user
--

SELECT pg_catalog.setval(pg_catalog.pg_get_serial_sequence('stockmoves', 'stkmoveno'), 64, true);


--
-- Name: stockmovestaxes; Type: TABLE; Schema: public; Owner: weberp_db_user; Tablespace: 
--

CREATE TABLE stockmovestaxes (
    stkmoveno integer NOT NULL,
    taxauthid integer NOT NULL,
    taxontax integer DEFAULT 0 NOT NULL,
    taxcalculationorder integer DEFAULT 0 NOT NULL,
    taxrate double precision DEFAULT 0 NOT NULL
);


ALTER TABLE public.stockmovestaxes OWNER TO weberp_db_user;

--
-- Name: stockserialitems; Type: TABLE; Schema: public; Owner: weberp_db_user; Tablespace: 
--

CREATE TABLE stockserialitems (
    stockid text DEFAULT ''::text NOT NULL,
    loccode text DEFAULT ''::text NOT NULL,
    serialno text DEFAULT ''::text NOT NULL,
    quantity double precision DEFAULT (0)::double precision NOT NULL
);


ALTER TABLE public.stockserialitems OWNER TO weberp_db_user;

--
-- Name: stockserialmoves; Type: TABLE; Schema: public; Owner: weberp_db_user; Tablespace: 
--

CREATE TABLE stockserialmoves (
    stkitmmoveno serial NOT NULL,
    stockmoveno integer DEFAULT 0 NOT NULL,
    stockid text DEFAULT ''::text NOT NULL,
    serialno text DEFAULT ''::text NOT NULL,
    moveqty double precision DEFAULT (0)::double precision NOT NULL
);


ALTER TABLE public.stockserialmoves OWNER TO weberp_db_user;

--
-- Name: stockserialmoves_stkitmmoveno_seq; Type: SEQUENCE SET; Schema: public; Owner: weberp_db_user
--

SELECT pg_catalog.setval(pg_catalog.pg_get_serial_sequence('stockserialmoves', 'stkitmmoveno'), 85, true);


--
-- Name: suppallocs; Type: TABLE; Schema: public; Owner: weberp_db_user; Tablespace: 
--

CREATE TABLE suppallocs (
    id serial NOT NULL,
    amt numeric(20,2) DEFAULT 0.00 NOT NULL,
    datealloc date,
    transid_allocfrom integer DEFAULT 0 NOT NULL,
    transid_allocto integer DEFAULT 0 NOT NULL
);


ALTER TABLE public.suppallocs OWNER TO weberp_db_user;

--
-- Name: suppallocs_id_seq; Type: SEQUENCE SET; Schema: public; Owner: weberp_db_user
--

SELECT pg_catalog.setval(pg_catalog.pg_get_serial_sequence('suppallocs', 'id'), 1, true);


--
-- Name: suppliercontacts; Type: TABLE; Schema: public; Owner: weberp_db_user; Tablespace: 
--

CREATE TABLE suppliercontacts (
    supplierid text DEFAULT ''::text NOT NULL,
    contact text DEFAULT ''::text NOT NULL,
    "position" text DEFAULT ''::text NOT NULL,
    tel text DEFAULT ''::text NOT NULL,
    fax text DEFAULT ''::text NOT NULL,
    mobile text DEFAULT ''::text NOT NULL,
    email text DEFAULT ''::text NOT NULL,
    ordercontact integer DEFAULT 0 NOT NULL
);


ALTER TABLE public.suppliercontacts OWNER TO weberp_db_user;

--
-- Name: suppliers; Type: TABLE; Schema: public; Owner: weberp_db_user; Tablespace: 
--

CREATE TABLE suppliers (
    supplierid text DEFAULT ''::text NOT NULL,
    suppname text DEFAULT ''::text NOT NULL,
    address1 text DEFAULT ''::text NOT NULL,
    address2 text DEFAULT ''::text NOT NULL,
    address3 text DEFAULT ''::text NOT NULL,
    address4 text DEFAULT ''::text NOT NULL,
    currcode text DEFAULT ''::text NOT NULL,
    suppliersince date,
    paymentterms text DEFAULT ''::text NOT NULL,
    lastpaid numeric(16,4) DEFAULT 0.0000 NOT NULL,
    lastpaiddate timestamp without time zone,
    bankact text DEFAULT ''::text NOT NULL,
    bankref text DEFAULT ''::text NOT NULL,
    bankpartics text DEFAULT ''::text NOT NULL,
    remittance integer DEFAULT 1 NOT NULL,
    taxgroupid integer DEFAULT 1 NOT NULL,
    address5 character varying(20) DEFAULT ''::text,
    address6 character varying(20) DEFAULT ''::text
);


ALTER TABLE public.suppliers OWNER TO weberp_db_user;

--
-- Name: supptrans; Type: TABLE; Schema: public; Owner: weberp_db_user; Tablespace: 
--

CREATE TABLE supptrans (
    transno integer DEFAULT 0 NOT NULL,
    "type" integer DEFAULT 0 NOT NULL,
    supplierno text DEFAULT ''::text NOT NULL,
    suppreference text DEFAULT ''::text NOT NULL,
    trandate date,
    duedate date,
    settled integer DEFAULT 0 NOT NULL,
    rate numeric(16,6) DEFAULT 1.000000 NOT NULL,
    ovamount numeric(16,4) DEFAULT 0.0000 NOT NULL,
    ovgst numeric(16,4) DEFAULT 0.0000 NOT NULL,
    diffonexch numeric(16,4) DEFAULT 0.0000 NOT NULL,
    alloc numeric(16,4) DEFAULT 0.0000 NOT NULL,
    transtext pgblob,
    "hold" integer DEFAULT 0 NOT NULL,
    id serial NOT NULL
);


ALTER TABLE public.supptrans OWNER TO weberp_db_user;

--
-- Name: supptrans_id_seq; Type: SEQUENCE SET; Schema: public; Owner: weberp_db_user
--

SELECT pg_catalog.setval(pg_catalog.pg_get_serial_sequence('supptrans', 'id'), 4, true);


--
-- Name: supptranstaxes; Type: TABLE; Schema: public; Owner: weberp_db_user; Tablespace: 
--

CREATE TABLE supptranstaxes (
    supptransid integer NOT NULL,
    taxauthid integer NOT NULL,
    taxamount double precision NOT NULL
);


ALTER TABLE public.supptranstaxes OWNER TO weberp_db_user;

--
-- Name: systypes; Type: TABLE; Schema: public; Owner: weberp_db_user; Tablespace: 
--

CREATE TABLE systypes (
    typeid integer DEFAULT 0 NOT NULL,
    typename text DEFAULT ''::text NOT NULL,
    typeno integer DEFAULT 1 NOT NULL
);


ALTER TABLE public.systypes OWNER TO weberp_db_user;

--
-- Name: taxauthorities; Type: TABLE; Schema: public; Owner: weberp_db_user; Tablespace: 
--

CREATE TABLE taxauthorities (
    taxid serial NOT NULL,
    description text DEFAULT ''::text NOT NULL,
    taxglcode integer DEFAULT 0 NOT NULL,
    purchtaxglaccount integer DEFAULT 0 NOT NULL,
    bank text,
    bankacctype text,
    bankacc text,
    bankswift text
);


ALTER TABLE public.taxauthorities OWNER TO weberp_db_user;

--
-- Name: taxauthorities_taxid_seq; Type: SEQUENCE SET; Schema: public; Owner: weberp_db_user
--

SELECT pg_catalog.setval(pg_catalog.pg_get_serial_sequence('taxauthorities', 'taxid'), 5, true);


--
-- Name: taxauthrates; Type: TABLE; Schema: public; Owner: weberp_db_user; Tablespace: 
--

CREATE TABLE taxauthrates (
    taxauthority integer DEFAULT 1 NOT NULL,
    dispatchtaxprovince integer DEFAULT 1 NOT NULL,
    taxcatid integer DEFAULT 0 NOT NULL,
    taxrate double precision DEFAULT (0)::double precision NOT NULL
);


ALTER TABLE public.taxauthrates OWNER TO weberp_db_user;

--
-- Name: taxcategories; Type: TABLE; Schema: public; Owner: weberp_db_user; Tablespace: 
--

CREATE TABLE taxcategories (
    taxcatid serial NOT NULL,
    taxcatname character varying(30) NOT NULL
);


ALTER TABLE public.taxcategories OWNER TO weberp_db_user;

--
-- Name: taxcategories_taxcatid_seq; Type: SEQUENCE SET; Schema: public; Owner: weberp_db_user
--

SELECT pg_catalog.setval(pg_catalog.pg_get_serial_sequence('taxcategories', 'taxcatid'), 1, true);


--
-- Name: taxgroups; Type: TABLE; Schema: public; Owner: weberp_db_user; Tablespace: 
--

CREATE TABLE taxgroups (
    taxgroupid serial NOT NULL,
    taxgroupdescription character varying(30) NOT NULL
);


ALTER TABLE public.taxgroups OWNER TO weberp_db_user;

--
-- Name: taxgroups_taxgroupid_seq; Type: SEQUENCE SET; Schema: public; Owner: weberp_db_user
--

SELECT pg_catalog.setval(pg_catalog.pg_get_serial_sequence('taxgroups', 'taxgroupid'), 3, true);


--
-- Name: taxgrouptaxes; Type: TABLE; Schema: public; Owner: weberp_db_user; Tablespace: 
--

CREATE TABLE taxgrouptaxes (
    taxgroupid integer NOT NULL,
    taxauthid integer NOT NULL,
    calculationorder integer NOT NULL,
    taxontax integer DEFAULT 0 NOT NULL
);


ALTER TABLE public.taxgrouptaxes OWNER TO weberp_db_user;

--
-- Name: taxprovinces; Type: TABLE; Schema: public; Owner: weberp_db_user; Tablespace: 
--

CREATE TABLE taxprovinces (
    taxprovinceid serial NOT NULL,
    taxprovincename character varying(30) NOT NULL
);


ALTER TABLE public.taxprovinces OWNER TO weberp_db_user;

--
-- Name: taxprovinces_taxprovinceid_seq; Type: SEQUENCE SET; Schema: public; Owner: weberp_db_user
--

SELECT pg_catalog.setval(pg_catalog.pg_get_serial_sequence('taxprovinces', 'taxprovinceid'), 6, true);


--
-- Name: unitsofmeasure; Type: TABLE; Schema: public; Owner: weberp_db_user; Tablespace: 
--

CREATE TABLE unitsofmeasure (
    unitid serial NOT NULL,
    unitname text NOT NULL
);


ALTER TABLE public.unitsofmeasure OWNER TO weberp_db_user;

--
-- Name: unitsofmeasure_unitid_seq; Type: SEQUENCE SET; Schema: public; Owner: weberp_db_user
--

SELECT pg_catalog.setval(pg_catalog.pg_get_serial_sequence('unitsofmeasure', 'unitid'), 6, true);


--
-- Name: workcentres; Type: TABLE; Schema: public; Owner: weberp_db_user; Tablespace: 
--

CREATE TABLE workcentres (
    code text DEFAULT ''::text NOT NULL,
    "location" text DEFAULT ''::text NOT NULL,
    description text DEFAULT ''::text NOT NULL,
    capacity numeric(16,4) DEFAULT 1.0000 NOT NULL,
    overheadperhour numeric(20,4) DEFAULT 0.0000 NOT NULL,
    overheadrecoveryact integer DEFAULT 0 NOT NULL,
    setuphrs numeric(20,4) DEFAULT 0.0000 NOT NULL
);


ALTER TABLE public.workcentres OWNER TO weberp_db_user;

--
-- Name: www_users; Type: TABLE; Schema: public; Owner: weberp_db_user; Tablespace: 
--

CREATE TABLE www_users (
    userid text DEFAULT ''::text NOT NULL,
    "password" text DEFAULT ''::text NOT NULL,
    realname text DEFAULT ''::text NOT NULL,
    customerid text DEFAULT ''::text NOT NULL,
    phone text DEFAULT ''::text NOT NULL,
    email text,
    defaultlocation text DEFAULT ''::text,
    fullaccess integer DEFAULT 1 NOT NULL,
    lastvisitdate timestamp without time zone,
    branchcode text DEFAULT ''::text NOT NULL,
    pagesize text DEFAULT 'A4'::text NOT NULL,
    modulesallowed text DEFAULT ''::text NOT NULL,
    blocked integer DEFAULT 0 NOT NULL,
    displayrecordsmax integer DEFAULT 0 NOT NULL,
    theme text DEFAULT 'fresh'::text NOT NULL,
    "language" text DEFAULT 'en_GB'::text NOT NULL
);


ALTER TABLE public.www_users OWNER TO weberp_db_user;

--
-- Data for Name: accountgroups; Type: TABLE DATA; Schema: public; Owner: weberp_db_user
--

COPY accountgroups (groupname, sectioninaccounts, pandl, sequenceintb) FROM stdin;
Sales	1	1	10
Revenue	1	1	4000
Liabilities	30	0	2000
Equity	50	0	3000
COG Sold	2	1	5000
Marketing Expenses	5	1	6000
Operating Expenses	5	1	7000
Other Revenue and Expenses	5	1	8000
Income Tax	5	1	9000
Fixed Assets	10	0	1000
Current Assets	20	0	1500
\.


--
-- Data for Name: accountsection; Type: TABLE DATA; Schema: public; Owner: weberp_db_user
--

COPY accountsection (sectionid, sectionname) FROM stdin;
2	Cost of Sales
10	Fixed Assets
30	Amounts Payable
5	Overheads
50	Financed By
1	Revenue
20	Amounts Receivable
\.


--
-- Data for Name: areas; Type: TABLE DATA; Schema: public; Owner: weberp_db_user
--

COPY areas (areacode, areadescription) FROM stdin;
ZA	South Africa
EU	Europe
\.


--
-- Data for Name: bankaccounts; Type: TABLE DATA; Schema: public; Owner: weberp_db_user
--

COPY bankaccounts (accountcode, bankaccountname, bankaccountnumber, bankaddress) FROM stdin;
1030	Cheque Account	1234567899 	
1010	Petty Cash		
1040	Savings Account		
\.


--
-- Data for Name: banktrans; Type: TABLE DATA; Schema: public; Owner: weberp_db_user
--

COPY banktrans (banktransid, "type", transno, bankact, ref, amountcleared, exrate, transdate, banktranstype, amount, currcode) FROM stdin;
\.


--
-- Data for Name: bom; Type: TABLE DATA; Schema: public; Owner: weberp_db_user
--

COPY bom (parent, component, workcentreadded, loccode, effectiveafter, effectiveto, quantity) FROM stdin;
ASSEM1	PHIS01	ASS	CPT	2005-08-17	2035-08-18	2.0000
ASSEM1	PHIS02	ASS	CPT	2005-08-17	2035-08-18	1.0000
PHIS01	BOLT13MMX10	ASS	CPT	2005-11-13	2035-11-14	5.0000
\.


--
-- Data for Name: chartdetails; Type: TABLE DATA; Schema: public; Owner: weberp_db_user
--

COPY chartdetails (accountcode, period, budget, actual, bfwd, bfwdbudget) FROM stdin;
1010	1	0	0	0	0
1030	1	0	0	0	0
1040	1	0	0	0	0
1050	1	0	0	0	0
1060	1	0	0	0	0
1070	1	0	0	0	0
1080	1	0	0	0	0
1090	1	0	0	0	0
1150	1	0	0	0	0
1200	1	0	0	0	0
1250	1	0	0	0	0
1300	1	0	0	0	0
1350	1	0	0	0	0
1420	1	0	0	0	0
1440	1	0	0	0	0
1460	1	0	0	0	0
1500	1	0	0	0	0
1550	1	0	0	0	0
1600	1	0	0	0	0
1620	1	0	0	0	0
1650	1	0	0	0	0
1670	1	0	0	0	0
1700	1	0	0	0	0
1710	1	0	0	0	0
1720	1	0	0	0	0
1730	1	0	0	0	0
1740	1	0	0	0	0
1750	1	0	0	0	0
1760	1	0	0	0	0
1770	1	0	0	0	0
1780	1	0	0	0	0
1790	1	0	0	0	0
1800	1	0	0	0	0
1850	1	0	0	0	0
1900	1	0	0	0	0
2010	1	0	0	0	0
2020	1	0	0	0	0
2050	1	0	0	0	0
2100	1	0	0	0	0
2200	1	0	0	0	0
2230	1	0	0	0	0
2250	1	0	0	0	0
2310	1	0	0	0	0
2330	1	0	0	0	0
2340	1	0	0	0	0
2350	1	0	0	0	0
2360	1	0	0	0	0
2400	1	0	0	0	0
2410	1	0	0	0	0
2420	1	0	0	0	0
2450	1	0	0	0	0
2460	1	0	0	0	0
2470	1	0	0	0	0
2480	1	0	0	0	0
2500	1	0	0	0	0
2550	1	0	0	0	0
2560	1	0	0	0	0
2600	1	0	0	0	0
2700	1	0	0	0	0
2720	1	0	0	0	0
2740	1	0	0	0	0
2760	1	0	0	0	0
2800	1	0	0	0	0
2900	1	0	0	0	0
3100	1	0	0	0	0
3200	1	0	0	0	0
3300	1	0	0	0	0
3400	1	0	0	0	0
3500	1	0	0	0	0
4500	1	0	0	0	0
4600	1	0	0	0	0
4700	1	0	0	0	0
4800	1	0	0	0	0
4900	1	0	0	0	0
5100	1	0	0	0	0
5500	1	0	0	0	0
5600	1	0	0	0	0
5700	1	0	0	0	0
5800	1	0	0	0	0
5900	1	0	0	0	0
6100	1	0	0	0	0
6150	1	0	0	0	0
6200	1	0	0	0	0
6250	1	0	0	0	0
6300	1	0	0	0	0
6400	1	0	0	0	0
6500	1	0	0	0	0
6550	1	0	0	0	0
6590	1	0	0	0	0
6600	1	0	0	0	0
6700	1	0	0	0	0
6800	1	0	0	0	0
6900	1	0	0	0	0
7020	1	0	0	0	0
7030	1	0	0	0	0
7040	1	0	0	0	0
7050	1	0	0	0	0
7060	1	0	0	0	0
7070	1	0	0	0	0
7080	1	0	0	0	0
7090	1	0	0	0	0
7100	1	0	0	0	0
7150	1	0	0	0	0
7200	1	0	0	0	0
7210	1	0	0	0	0
7220	1	0	0	0	0
7230	1	0	0	0	0
7240	1	0	0	0	0
7260	1	0	0	0	0
7280	1	0	0	0	0
7300	1	0	0	0	0
7350	1	0	0	0	0
7390	1	0	0	0	0
7400	1	0	0	0	0
7450	1	0	0	0	0
7500	1	0	0	0	0
7550	1	0	0	0	0
7600	1	0	0	0	0
7610	1	0	0	0	0
7620	1	0	0	0	0
7630	1	0	0	0	0
7640	1	0	0	0	0
7650	1	0	0	0	0
7660	1	0	0	0	0
7700	1	0	0	0	0
7750	1	0	0	0	0
7800	1	0	0	0	0
7900	1	0	0	0	0
8100	1	0	0	0	0
8200	1	0	0	0	0
8300	1	0	0	0	0
8400	1	0	0	0	0
8500	1	0	0	0	0
8600	1	0	0	0	0
8900	1	0	0	0	0
9100	1	0	0	0	0
1020	1	0	0	0	0
5250	1	0	0	0	0
4850	1	0	0	0	0
2150	1	0	-650.37	0	0
1	1	0	-205	0	0
5200	1	0	389.51400000000001	0	0
1400	1	0	260.85599999999999	0	0
4100	1	0	-366.97500000000002	0	0
1100	1	0	654.62333333300001	0	0
2320	1	0	-51.47775	0	0
2300	1	0	-31.1726375	0	0
1010	0	0	0	0	0
1030	0	0	0	0	0
1040	0	0	0	0	0
1050	0	0	0	0	0
1060	0	0	0	0	0
1070	0	0	0	0	0
1080	0	0	0	0	0
1090	0	0	0	0	0
1100	0	0	0	0	0
1150	0	0	0	0	0
1200	0	0	0	0	0
1250	0	0	0	0	0
1300	0	0	0	0	0
1350	0	0	0	0	0
1400	0	0	0	0	0
1420	0	0	0	0	0
1440	0	0	0	0	0
1460	0	0	0	0	0
1500	0	0	0	0	0
1550	0	0	0	0	0
1600	0	0	0	0	0
1620	0	0	0	0	0
1650	0	0	0	0	0
1670	0	0	0	0	0
1700	0	0	0	0	0
1710	0	0	0	0	0
1720	0	0	0	0	0
1730	0	0	0	0	0
1740	0	0	0	0	0
1750	0	0	0	0	0
1760	0	0	0	0	0
1770	0	0	0	0	0
1780	0	0	0	0	0
1790	0	0	0	0	0
1800	0	0	0	0	0
1850	0	0	0	0	0
1900	0	0	0	0	0
2010	0	0	0	0	0
2020	0	0	0	0	0
2050	0	0	0	0	0
2100	0	0	0	0	0
2200	0	0	0	0	0
2230	0	0	0	0	0
2250	0	0	0	0	0
2300	0	0	0	0	0
2310	0	0	0	0	0
2320	0	0	0	0	0
2330	0	0	0	0	0
2340	0	0	0	0	0
2350	0	0	0	0	0
2360	0	0	0	0	0
2400	0	0	0	0	0
2410	0	0	0	0	0
2420	0	0	0	0	0
2450	0	0	0	0	0
2460	0	0	0	0	0
2470	0	0	0	0	0
2480	0	0	0	0	0
2500	0	0	0	0	0
2550	0	0	0	0	0
2560	0	0	0	0	0
2600	0	0	0	0	0
2700	0	0	0	0	0
2720	0	0	0	0	0
2740	0	0	0	0	0
2760	0	0	0	0	0
2800	0	0	0	0	0
2900	0	0	0	0	0
3100	0	0	0	0	0
3200	0	0	0	0	0
3300	0	0	0	0	0
3400	0	0	0	0	0
3500	0	0	0	0	0
4100	0	0	0	0	0
4500	0	0	0	0	0
4600	0	0	0	0	0
4700	0	0	0	0	0
4800	0	0	0	0	0
4900	0	0	0	0	0
5100	0	0	0	0	0
5500	0	0	0	0	0
5600	0	0	0	0	0
5700	0	0	0	0	0
5800	0	0	0	0	0
5900	0	0	0	0	0
6100	0	0	0	0	0
6150	0	0	0	0	0
6200	0	0	0	0	0
6250	0	0	0	0	0
6300	0	0	0	0	0
6400	0	0	0	0	0
6500	0	0	0	0	0
6550	0	0	0	0	0
6590	0	0	0	0	0
6600	0	0	0	0	0
6700	0	0	0	0	0
6800	0	0	0	0	0
6900	0	0	0	0	0
7020	0	0	0	0	0
7030	0	0	0	0	0
7040	0	0	0	0	0
7050	0	0	0	0	0
7060	0	0	0	0	0
7070	0	0	0	0	0
7080	0	0	0	0	0
7090	0	0	0	0	0
7100	0	0	0	0	0
7150	0	0	0	0	0
7200	0	0	0	0	0
7210	0	0	0	0	0
7220	0	0	0	0	0
7230	0	0	0	0	0
7240	0	0	0	0	0
7260	0	0	0	0	0
7280	0	0	0	0	0
7300	0	0	0	0	0
7350	0	0	0	0	0
7390	0	0	0	0	0
7400	0	0	0	0	0
7450	0	0	0	0	0
7500	0	0	0	0	0
7550	0	0	0	0	0
7600	0	0	0	0	0
7610	0	0	0	0	0
7620	0	0	0	0	0
7630	0	0	0	0	0
7640	0	0	0	0	0
7650	0	0	0	0	0
7660	0	0	0	0	0
7700	0	0	0	0	0
7750	0	0	0	0	0
7800	0	0	0	0	0
7900	0	0	0	0	0
8100	0	0	0	0	0
8200	0	0	0	0	0
8300	0	0	0	0	0
8400	0	0	0	0	0
8500	0	0	0	0	0
8600	0	0	0	0	0
8900	0	0	0	0	0
9100	0	0	0	0	0
1020	0	0	0	0	0
1	0	0	0	0	0
5200	0	0	0	0	0
2150	0	0	0	0	0
5250	0	0	0	0	0
4850	0	0	0	0	0
1010	-1	0	0	0	0
1030	-1	0	0	0	0
1040	-1	0	0	0	0
1050	-1	0	0	0	0
1060	-1	0	0	0	0
1070	-1	0	0	0	0
1080	-1	0	0	0	0
1090	-1	0	0	0	0
1100	-1	0	0	0	0
1150	-1	0	0	0	0
1200	-1	0	0	0	0
1250	-1	0	0	0	0
1300	-1	0	0	0	0
1350	-1	0	0	0	0
1400	-1	0	0	0	0
1420	-1	0	0	0	0
1440	-1	0	0	0	0
1460	-1	0	0	0	0
1500	-1	0	0	0	0
1550	-1	0	0	0	0
1600	-1	0	0	0	0
1620	-1	0	0	0	0
1650	-1	0	0	0	0
1670	-1	0	0	0	0
1700	-1	0	0	0	0
1710	-1	0	0	0	0
1720	-1	0	0	0	0
1730	-1	0	0	0	0
1740	-1	0	0	0	0
1750	-1	0	0	0	0
1760	-1	0	0	0	0
1770	-1	0	0	0	0
1780	-1	0	0	0	0
1790	-1	0	0	0	0
1800	-1	0	0	0	0
1850	-1	0	0	0	0
1900	-1	0	0	0	0
2010	-1	0	0	0	0
2020	-1	0	0	0	0
2050	-1	0	0	0	0
2100	-1	0	0	0	0
2200	-1	0	0	0	0
2230	-1	0	0	0	0
2250	-1	0	0	0	0
2300	-1	0	0	0	0
2310	-1	0	0	0	0
2320	-1	0	0	0	0
2330	-1	0	0	0	0
2340	-1	0	0	0	0
2350	-1	0	0	0	0
2360	-1	0	0	0	0
2400	-1	0	0	0	0
2410	-1	0	0	0	0
2420	-1	0	0	0	0
2450	-1	0	0	0	0
2460	-1	0	0	0	0
2470	-1	0	0	0	0
2480	-1	0	0	0	0
2500	-1	0	0	0	0
2550	-1	0	0	0	0
2560	-1	0	0	0	0
2600	-1	0	0	0	0
2700	-1	0	0	0	0
2720	-1	0	0	0	0
2740	-1	0	0	0	0
2760	-1	0	0	0	0
2800	-1	0	0	0	0
2900	-1	0	0	0	0
3100	-1	0	0	0	0
3200	-1	0	0	0	0
3300	-1	0	0	0	0
3400	-1	0	0	0	0
3500	-1	0	0	0	0
4100	-1	0	0	0	0
4500	-1	0	0	0	0
4600	-1	0	0	0	0
4700	-1	0	0	0	0
4800	-1	0	0	0	0
4900	-1	0	0	0	0
5100	-1	0	0	0	0
5500	-1	0	0	0	0
5600	-1	0	0	0	0
5700	-1	0	0	0	0
5800	-1	0	0	0	0
5900	-1	0	0	0	0
6100	-1	0	0	0	0
6150	-1	0	0	0	0
6200	-1	0	0	0	0
6250	-1	0	0	0	0
6300	-1	0	0	0	0
6400	-1	0	0	0	0
6500	-1	0	0	0	0
6550	-1	0	0	0	0
6590	-1	0	0	0	0
6600	-1	0	0	0	0
6700	-1	0	0	0	0
6800	-1	0	0	0	0
6900	-1	0	0	0	0
7020	-1	0	0	0	0
7030	-1	0	0	0	0
7040	-1	0	0	0	0
7050	-1	0	0	0	0
7060	-1	0	0	0	0
7070	-1	0	0	0	0
7080	-1	0	0	0	0
7090	-1	0	0	0	0
7100	-1	0	0	0	0
7150	-1	0	0	0	0
7200	-1	0	0	0	0
7210	-1	0	0	0	0
7220	-1	0	0	0	0
7230	-1	0	0	0	0
7240	-1	0	0	0	0
7260	-1	0	0	0	0
7280	-1	0	0	0	0
7300	-1	0	0	0	0
7350	-1	0	0	0	0
7390	-1	0	0	0	0
7400	-1	0	0	0	0
7450	-1	0	0	0	0
7500	-1	0	0	0	0
7550	-1	0	0	0	0
7600	-1	0	0	0	0
7610	-1	0	0	0	0
7620	-1	0	0	0	0
7630	-1	0	0	0	0
7640	-1	0	0	0	0
7650	-1	0	0	0	0
7660	-1	0	0	0	0
7700	-1	0	0	0	0
7750	-1	0	0	0	0
7800	-1	0	0	0	0
7900	-1	0	0	0	0
8100	-1	0	0	0	0
8200	-1	0	0	0	0
8300	-1	0	0	0	0
8400	-1	0	0	0	0
8500	-1	0	0	0	0
8600	-1	0	0	0	0
8900	-1	0	0	0	0
9100	-1	0	0	0	0
1020	-1	0	0	0	0
1	-1	0	0	0	0
5200	-1	0	0	0	0
2150	-1	0	0	0	0
5250	-1	0	0	0	0
4850	-1	0	0	0	0
1010	-2	0	0	0	0
1030	-2	0	0	0	0
1040	-2	0	0	0	0
1050	-2	0	0	0	0
1060	-2	0	0	0	0
1070	-2	0	0	0	0
1080	-2	0	0	0	0
1090	-2	0	0	0	0
1100	-2	0	0	0	0
1150	-2	0	0	0	0
1200	-2	0	0	0	0
1250	-2	0	0	0	0
1300	-2	0	0	0	0
1350	-2	0	0	0	0
1400	-2	0	0	0	0
1420	-2	0	0	0	0
1440	-2	0	0	0	0
1460	-2	0	0	0	0
1500	-2	0	0	0	0
1550	-2	0	0	0	0
1600	-2	0	0	0	0
1620	-2	0	0	0	0
1650	-2	0	0	0	0
1670	-2	0	0	0	0
1700	-2	0	0	0	0
1710	-2	0	0	0	0
1720	-2	0	0	0	0
1730	-2	0	0	0	0
1740	-2	0	0	0	0
1750	-2	0	0	0	0
1760	-2	0	0	0	0
1770	-2	0	0	0	0
1780	-2	0	0	0	0
1790	-2	0	0	0	0
1800	-2	0	0	0	0
1850	-2	0	0	0	0
1900	-2	0	0	0	0
2010	-2	0	0	0	0
2020	-2	0	0	0	0
2050	-2	0	0	0	0
2100	-2	0	0	0	0
2200	-2	0	0	0	0
2230	-2	0	0	0	0
2250	-2	0	0	0	0
2300	-2	0	0	0	0
2310	-2	0	0	0	0
2320	-2	0	0	0	0
2330	-2	0	0	0	0
2340	-2	0	0	0	0
2350	-2	0	0	0	0
2360	-2	0	0	0	0
2400	-2	0	0	0	0
2410	-2	0	0	0	0
2420	-2	0	0	0	0
2450	-2	0	0	0	0
2460	-2	0	0	0	0
2470	-2	0	0	0	0
2480	-2	0	0	0	0
2500	-2	0	0	0	0
2550	-2	0	0	0	0
2560	-2	0	0	0	0
2600	-2	0	0	0	0
2700	-2	0	0	0	0
2720	-2	0	0	0	0
2740	-2	0	0	0	0
2760	-2	0	0	0	0
2800	-2	0	0	0	0
2900	-2	0	0	0	0
3100	-2	0	0	0	0
3200	-2	0	0	0	0
3300	-2	0	0	0	0
3400	-2	0	0	0	0
3500	-2	0	0	0	0
4100	-2	0	0	0	0
4500	-2	0	0	0	0
4600	-2	0	0	0	0
4700	-2	0	0	0	0
4800	-2	0	0	0	0
4900	-2	0	0	0	0
5100	-2	0	0	0	0
5500	-2	0	0	0	0
5600	-2	0	0	0	0
5700	-2	0	0	0	0
5800	-2	0	0	0	0
5900	-2	0	0	0	0
6100	-2	0	0	0	0
6150	-2	0	0	0	0
6200	-2	0	0	0	0
6250	-2	0	0	0	0
6300	-2	0	0	0	0
6400	-2	0	0	0	0
6500	-2	0	0	0	0
6550	-2	0	0	0	0
6590	-2	0	0	0	0
6600	-2	0	0	0	0
6700	-2	0	0	0	0
6800	-2	0	0	0	0
6900	-2	0	0	0	0
7020	-2	0	0	0	0
7030	-2	0	0	0	0
7040	-2	0	0	0	0
7050	-2	0	0	0	0
7060	-2	0	0	0	0
7070	-2	0	0	0	0
7080	-2	0	0	0	0
7090	-2	0	0	0	0
7100	-2	0	0	0	0
7150	-2	0	0	0	0
7200	-2	0	0	0	0
7210	-2	0	0	0	0
7220	-2	0	0	0	0
7230	-2	0	0	0	0
7240	-2	0	0	0	0
7260	-2	0	0	0	0
7280	-2	0	0	0	0
7300	-2	0	0	0	0
7350	-2	0	0	0	0
7390	-2	0	0	0	0
7400	-2	0	0	0	0
7450	-2	0	0	0	0
7500	-2	0	0	0	0
7550	-2	0	0	0	0
7600	-2	0	0	0	0
7610	-2	0	0	0	0
7620	-2	0	0	0	0
7630	-2	0	0	0	0
7640	-2	0	0	0	0
7650	-2	0	0	0	0
7660	-2	0	0	0	0
7700	-2	0	0	0	0
7750	-2	0	0	0	0
7800	-2	0	0	0	0
7900	-2	0	0	0	0
8100	-2	0	0	0	0
8200	-2	0	0	0	0
8300	-2	0	0	0	0
8400	-2	0	0	0	0
8500	-2	0	0	0	0
8600	-2	0	0	0	0
8900	-2	0	0	0	0
9100	-2	0	0	0	0
1020	-2	0	0	0	0
1	-2	0	0	0	0
5200	-2	0	0	0	0
2150	-2	0	0	0	0
5250	-2	0	0	0	0
4850	-2	0	0	0	0
1010	-3	0	0	0	0
1030	-3	0	0	0	0
1040	-3	0	0	0	0
1050	-3	0	0	0	0
1060	-3	0	0	0	0
1070	-3	0	0	0	0
1080	-3	0	0	0	0
1090	-3	0	0	0	0
1100	-3	0	0	0	0
1150	-3	0	0	0	0
1200	-3	0	0	0	0
1250	-3	0	0	0	0
1300	-3	0	0	0	0
1350	-3	0	0	0	0
1400	-3	0	0	0	0
1420	-3	0	0	0	0
1440	-3	0	0	0	0
1460	-3	0	0	0	0
1500	-3	0	0	0	0
1550	-3	0	0	0	0
1600	-3	0	0	0	0
1620	-3	0	0	0	0
1650	-3	0	0	0	0
1670	-3	0	0	0	0
1700	-3	0	0	0	0
1710	-3	0	0	0	0
1720	-3	0	0	0	0
1730	-3	0	0	0	0
1740	-3	0	0	0	0
1750	-3	0	0	0	0
1760	-3	0	0	0	0
1770	-3	0	0	0	0
1780	-3	0	0	0	0
1790	-3	0	0	0	0
1800	-3	0	0	0	0
1850	-3	0	0	0	0
1900	-3	0	0	0	0
2010	-3	0	0	0	0
2020	-3	0	0	0	0
2050	-3	0	0	0	0
2100	-3	0	0	0	0
2200	-3	0	0	0	0
2230	-3	0	0	0	0
2250	-3	0	0	0	0
2300	-3	0	0	0	0
2310	-3	0	0	0	0
2320	-3	0	0	0	0
2330	-3	0	0	0	0
2340	-3	0	0	0	0
2350	-3	0	0	0	0
2360	-3	0	0	0	0
2400	-3	0	0	0	0
2410	-3	0	0	0	0
2420	-3	0	0	0	0
2450	-3	0	0	0	0
2460	-3	0	0	0	0
2470	-3	0	0	0	0
2480	-3	0	0	0	0
2500	-3	0	0	0	0
2550	-3	0	0	0	0
2560	-3	0	0	0	0
2600	-3	0	0	0	0
2700	-3	0	0	0	0
2720	-3	0	0	0	0
2740	-3	0	0	0	0
2760	-3	0	0	0	0
2800	-3	0	0	0	0
2900	-3	0	0	0	0
3100	-3	0	0	0	0
3200	-3	0	0	0	0
3300	-3	0	0	0	0
3400	-3	0	0	0	0
3500	-3	0	0	0	0
4100	-3	0	0	0	0
4500	-3	0	0	0	0
4600	-3	0	0	0	0
4700	-3	0	0	0	0
4800	-3	0	0	0	0
4900	-3	0	0	0	0
5100	-3	0	0	0	0
5500	-3	0	0	0	0
5600	-3	0	0	0	0
5700	-3	0	0	0	0
5800	-3	0	0	0	0
5900	-3	0	0	0	0
6100	-3	0	0	0	0
6150	-3	0	0	0	0
6200	-3	0	0	0	0
6250	-3	0	0	0	0
6300	-3	0	0	0	0
6400	-3	0	0	0	0
6500	-3	0	0	0	0
6550	-3	0	0	0	0
6590	-3	0	0	0	0
6600	-3	0	0	0	0
6700	-3	0	0	0	0
6800	-3	0	0	0	0
6900	-3	0	0	0	0
7020	-3	0	0	0	0
7030	-3	0	0	0	0
7040	-3	0	0	0	0
7050	-3	0	0	0	0
7060	-3	0	0	0	0
7070	-3	0	0	0	0
7080	-3	0	0	0	0
7090	-3	0	0	0	0
7100	-3	0	0	0	0
7150	-3	0	0	0	0
7200	-3	0	0	0	0
7210	-3	0	0	0	0
7220	-3	0	0	0	0
7230	-3	0	0	0	0
7240	-3	0	0	0	0
7260	-3	0	0	0	0
7280	-3	0	0	0	0
7300	-3	0	0	0	0
7350	-3	0	0	0	0
7390	-3	0	0	0	0
7400	-3	0	0	0	0
7450	-3	0	0	0	0
7500	-3	0	0	0	0
7550	-3	0	0	0	0
7600	-3	0	0	0	0
7610	-3	0	0	0	0
7620	-3	0	0	0	0
7630	-3	0	0	0	0
7640	-3	0	0	0	0
7650	-3	0	0	0	0
7660	-3	0	0	0	0
7700	-3	0	0	0	0
7750	-3	0	0	0	0
7800	-3	0	0	0	0
7900	-3	0	0	0	0
8100	-3	0	0	0	0
8200	-3	0	0	0	0
8300	-3	0	0	0	0
8400	-3	0	0	0	0
8500	-3	0	0	0	0
8600	-3	0	0	0	0
8900	-3	0	0	0	0
9100	-3	0	0	0	0
1020	-3	0	0	0	0
1	-3	0	0	0	0
5200	-3	0	0	0	0
2150	-3	0	0	0	0
5250	-3	0	0	0	0
4850	-3	0	0	0	0
1010	-4	0	0	0	0
1030	-4	0	0	0	0
1040	-4	0	0	0	0
1050	-4	0	0	0	0
1060	-4	0	0	0	0
1070	-4	0	0	0	0
1080	-4	0	0	0	0
1090	-4	0	0	0	0
1100	-4	0	0	0	0
1150	-4	0	0	0	0
1200	-4	0	0	0	0
1250	-4	0	0	0	0
1300	-4	0	0	0	0
1350	-4	0	0	0	0
1400	-4	0	0	0	0
1420	-4	0	0	0	0
1440	-4	0	0	0	0
1460	-4	0	0	0	0
1500	-4	0	0	0	0
1550	-4	0	0	0	0
1600	-4	0	0	0	0
1620	-4	0	0	0	0
1650	-4	0	0	0	0
1670	-4	0	0	0	0
1700	-4	0	0	0	0
1710	-4	0	0	0	0
1720	-4	0	0	0	0
1730	-4	0	0	0	0
1740	-4	0	0	0	0
1750	-4	0	0	0	0
1760	-4	0	0	0	0
1770	-4	0	0	0	0
1780	-4	0	0	0	0
1790	-4	0	0	0	0
1800	-4	0	0	0	0
1850	-4	0	0	0	0
1900	-4	0	0	0	0
2010	-4	0	0	0	0
2020	-4	0	0	0	0
2050	-4	0	0	0	0
2100	-4	0	0	0	0
2200	-4	0	0	0	0
2230	-4	0	0	0	0
2250	-4	0	0	0	0
2300	-4	0	0	0	0
2310	-4	0	0	0	0
2320	-4	0	0	0	0
2330	-4	0	0	0	0
2340	-4	0	0	0	0
2350	-4	0	0	0	0
2360	-4	0	0	0	0
2400	-4	0	0	0	0
2410	-4	0	0	0	0
2420	-4	0	0	0	0
2450	-4	0	0	0	0
2460	-4	0	0	0	0
2470	-4	0	0	0	0
2480	-4	0	0	0	0
2500	-4	0	0	0	0
2550	-4	0	0	0	0
2560	-4	0	0	0	0
2600	-4	0	0	0	0
2700	-4	0	0	0	0
2720	-4	0	0	0	0
2740	-4	0	0	0	0
2760	-4	0	0	0	0
2800	-4	0	0	0	0
2900	-4	0	0	0	0
3100	-4	0	0	0	0
3200	-4	0	0	0	0
3300	-4	0	0	0	0
3400	-4	0	0	0	0
3500	-4	0	0	0	0
4100	-4	0	0	0	0
4500	-4	0	0	0	0
4600	-4	0	0	0	0
4700	-4	0	0	0	0
4800	-4	0	0	0	0
4900	-4	0	0	0	0
5100	-4	0	0	0	0
5500	-4	0	0	0	0
5600	-4	0	0	0	0
5700	-4	0	0	0	0
5800	-4	0	0	0	0
5900	-4	0	0	0	0
6100	-4	0	0	0	0
6150	-4	0	0	0	0
6200	-4	0	0	0	0
6250	-4	0	0	0	0
6300	-4	0	0	0	0
6400	-4	0	0	0	0
6500	-4	0	0	0	0
6550	-4	0	0	0	0
6590	-4	0	0	0	0
6600	-4	0	0	0	0
6700	-4	0	0	0	0
6800	-4	0	0	0	0
6900	-4	0	0	0	0
7020	-4	0	0	0	0
7030	-4	0	0	0	0
7040	-4	0	0	0	0
7050	-4	0	0	0	0
7060	-4	0	0	0	0
7070	-4	0	0	0	0
7080	-4	0	0	0	0
7090	-4	0	0	0	0
7100	-4	0	0	0	0
7150	-4	0	0	0	0
7200	-4	0	0	0	0
7210	-4	0	0	0	0
7220	-4	0	0	0	0
7230	-4	0	0	0	0
7240	-4	0	0	0	0
7260	-4	0	0	0	0
7280	-4	0	0	0	0
7300	-4	0	0	0	0
7350	-4	0	0	0	0
7390	-4	0	0	0	0
7400	-4	0	0	0	0
7450	-4	0	0	0	0
7500	-4	0	0	0	0
7550	-4	0	0	0	0
7600	-4	0	0	0	0
7610	-4	0	0	0	0
7620	-4	0	0	0	0
7630	-4	0	0	0	0
7640	-4	0	0	0	0
7650	-4	0	0	0	0
7660	-4	0	0	0	0
7700	-4	0	0	0	0
7750	-4	0	0	0	0
7800	-4	0	0	0	0
7900	-4	0	0	0	0
8100	-4	0	0	0	0
8200	-4	0	0	0	0
8300	-4	0	0	0	0
8400	-4	0	0	0	0
8500	-4	0	0	0	0
8600	-4	0	0	0	0
8900	-4	0	0	0	0
9100	-4	0	0	0	0
1020	-4	0	0	0	0
1	-4	0	0	0	0
5200	-4	0	0	0	0
2150	-4	0	0	0	0
5250	-4	0	0	0	0
4850	-4	0	0	0	0
1010	-5	0	0	0	0
1030	-5	0	0	0	0
1040	-5	0	0	0	0
1050	-5	0	0	0	0
1060	-5	0	0	0	0
1070	-5	0	0	0	0
1080	-5	0	0	0	0
1090	-5	0	0	0	0
1100	-5	0	0	0	0
1150	-5	0	0	0	0
1200	-5	0	0	0	0
1250	-5	0	0	0	0
1300	-5	0	0	0	0
1350	-5	0	0	0	0
1400	-5	0	0	0	0
1420	-5	0	0	0	0
1440	-5	0	0	0	0
1460	-5	0	0	0	0
1500	-5	0	0	0	0
1550	-5	0	0	0	0
1600	-5	0	0	0	0
1620	-5	0	0	0	0
1650	-5	0	0	0	0
1670	-5	0	0	0	0
1700	-5	0	0	0	0
1710	-5	0	0	0	0
1720	-5	0	0	0	0
1730	-5	0	0	0	0
1740	-5	0	0	0	0
1750	-5	0	0	0	0
1760	-5	0	0	0	0
1770	-5	0	0	0	0
1780	-5	0	0	0	0
1790	-5	0	0	0	0
1800	-5	0	0	0	0
1850	-5	0	0	0	0
1900	-5	0	0	0	0
2010	-5	0	0	0	0
2020	-5	0	0	0	0
2050	-5	0	0	0	0
2100	-5	0	0	0	0
2200	-5	0	0	0	0
2230	-5	0	0	0	0
2250	-5	0	0	0	0
2300	-5	0	0	0	0
2310	-5	0	0	0	0
2320	-5	0	0	0	0
2330	-5	0	0	0	0
2340	-5	0	0	0	0
2350	-5	0	0	0	0
2360	-5	0	0	0	0
2400	-5	0	0	0	0
2410	-5	0	0	0	0
2420	-5	0	0	0	0
2450	-5	0	0	0	0
2460	-5	0	0	0	0
2470	-5	0	0	0	0
2480	-5	0	0	0	0
2500	-5	0	0	0	0
2550	-5	0	0	0	0
2560	-5	0	0	0	0
2600	-5	0	0	0	0
2700	-5	0	0	0	0
2720	-5	0	0	0	0
2740	-5	0	0	0	0
2760	-5	0	0	0	0
2800	-5	0	0	0	0
2900	-5	0	0	0	0
3100	-5	0	0	0	0
3200	-5	0	0	0	0
3300	-5	0	0	0	0
3400	-5	0	0	0	0
3500	-5	0	0	0	0
4100	-5	0	0	0	0
4500	-5	0	0	0	0
4600	-5	0	0	0	0
4700	-5	0	0	0	0
4800	-5	0	0	0	0
4900	-5	0	0	0	0
5100	-5	0	0	0	0
5500	-5	0	0	0	0
5600	-5	0	0	0	0
5700	-5	0	0	0	0
5800	-5	0	0	0	0
5900	-5	0	0	0	0
6100	-5	0	0	0	0
6150	-5	0	0	0	0
6200	-5	0	0	0	0
6250	-5	0	0	0	0
6300	-5	0	0	0	0
6400	-5	0	0	0	0
6500	-5	0	0	0	0
6550	-5	0	0	0	0
6590	-5	0	0	0	0
6600	-5	0	0	0	0
6700	-5	0	0	0	0
6800	-5	0	0	0	0
6900	-5	0	0	0	0
7020	-5	0	0	0	0
7030	-5	0	0	0	0
7040	-5	0	0	0	0
7050	-5	0	0	0	0
7060	-5	0	0	0	0
7070	-5	0	0	0	0
7080	-5	0	0	0	0
7090	-5	0	0	0	0
7100	-5	0	0	0	0
7150	-5	0	0	0	0
7200	-5	0	0	0	0
7210	-5	0	0	0	0
7220	-5	0	0	0	0
7230	-5	0	0	0	0
7240	-5	0	0	0	0
7260	-5	0	0	0	0
7280	-5	0	0	0	0
7300	-5	0	0	0	0
7350	-5	0	0	0	0
7390	-5	0	0	0	0
7400	-5	0	0	0	0
7450	-5	0	0	0	0
7500	-5	0	0	0	0
7550	-5	0	0	0	0
7600	-5	0	0	0	0
7610	-5	0	0	0	0
7620	-5	0	0	0	0
7630	-5	0	0	0	0
7640	-5	0	0	0	0
7650	-5	0	0	0	0
7660	-5	0	0	0	0
7700	-5	0	0	0	0
7750	-5	0	0	0	0
7800	-5	0	0	0	0
7900	-5	0	0	0	0
8100	-5	0	0	0	0
8200	-5	0	0	0	0
8300	-5	0	0	0	0
8400	-5	0	0	0	0
8500	-5	0	0	0	0
8600	-5	0	0	0	0
8900	-5	0	0	0	0
9100	-5	0	0	0	0
1020	-5	0	0	0	0
1	-5	0	0	0	0
5200	-5	0	0	0	0
2150	-5	0	0	0	0
5250	-5	0	0	0	0
4850	-5	0	0	0	0
1010	-6	0	0	0	0
1030	-6	0	0	0	0
1040	-6	0	0	0	0
1050	-6	0	0	0	0
1060	-6	0	0	0	0
1070	-6	0	0	0	0
1080	-6	0	0	0	0
1090	-6	0	0	0	0
1100	-6	0	0	0	0
1150	-6	0	0	0	0
1200	-6	0	0	0	0
1250	-6	0	0	0	0
1300	-6	0	0	0	0
1350	-6	0	0	0	0
1400	-6	0	0	0	0
1420	-6	0	0	0	0
1440	-6	0	0	0	0
1460	-6	0	0	0	0
1500	-6	0	0	0	0
1550	-6	0	0	0	0
1600	-6	0	0	0	0
1620	-6	0	0	0	0
1650	-6	0	0	0	0
1670	-6	0	0	0	0
1700	-6	0	0	0	0
1710	-6	0	0	0	0
1720	-6	0	0	0	0
1730	-6	0	0	0	0
1740	-6	0	0	0	0
1750	-6	0	0	0	0
1760	-6	0	0	0	0
1770	-6	0	0	0	0
1780	-6	0	0	0	0
1790	-6	0	0	0	0
1800	-6	0	0	0	0
1850	-6	0	0	0	0
1900	-6	0	0	0	0
2010	-6	0	0	0	0
2020	-6	0	0	0	0
2050	-6	0	0	0	0
2100	-6	0	0	0	0
2200	-6	0	0	0	0
2230	-6	0	0	0	0
2250	-6	0	0	0	0
2300	-6	0	0	0	0
2310	-6	0	0	0	0
2320	-6	0	0	0	0
2330	-6	0	0	0	0
2340	-6	0	0	0	0
2350	-6	0	0	0	0
2360	-6	0	0	0	0
2400	-6	0	0	0	0
2410	-6	0	0	0	0
2420	-6	0	0	0	0
2450	-6	0	0	0	0
2460	-6	0	0	0	0
2470	-6	0	0	0	0
2480	-6	0	0	0	0
2500	-6	0	0	0	0
2550	-6	0	0	0	0
2560	-6	0	0	0	0
2600	-6	0	0	0	0
2700	-6	0	0	0	0
2720	-6	0	0	0	0
2740	-6	0	0	0	0
2760	-6	0	0	0	0
2800	-6	0	0	0	0
2900	-6	0	0	0	0
3100	-6	0	0	0	0
3200	-6	0	0	0	0
3300	-6	0	0	0	0
3400	-6	0	0	0	0
3500	-6	0	0	0	0
4100	-6	0	0	0	0
4500	-6	0	0	0	0
4600	-6	0	0	0	0
4700	-6	0	0	0	0
4800	-6	0	0	0	0
4900	-6	0	0	0	0
5100	-6	0	0	0	0
5500	-6	0	0	0	0
5600	-6	0	0	0	0
5700	-6	0	0	0	0
5800	-6	0	0	0	0
5900	-6	0	0	0	0
6100	-6	0	0	0	0
6150	-6	0	0	0	0
6200	-6	0	0	0	0
6250	-6	0	0	0	0
6300	-6	0	0	0	0
6400	-6	0	0	0	0
6500	-6	0	0	0	0
6550	-6	0	0	0	0
6590	-6	0	0	0	0
6600	-6	0	0	0	0
6700	-6	0	0	0	0
6800	-6	0	0	0	0
6900	-6	0	0	0	0
7020	-6	0	0	0	0
7030	-6	0	0	0	0
7040	-6	0	0	0	0
7050	-6	0	0	0	0
7060	-6	0	0	0	0
7070	-6	0	0	0	0
7080	-6	0	0	0	0
7090	-6	0	0	0	0
7100	-6	0	0	0	0
7150	-6	0	0	0	0
7200	-6	0	0	0	0
7210	-6	0	0	0	0
7220	-6	0	0	0	0
7230	-6	0	0	0	0
7240	-6	0	0	0	0
7260	-6	0	0	0	0
7280	-6	0	0	0	0
7300	-6	0	0	0	0
7350	-6	0	0	0	0
7390	-6	0	0	0	0
7400	-6	0	0	0	0
7450	-6	0	0	0	0
7500	-6	0	0	0	0
7550	-6	0	0	0	0
7600	-6	0	0	0	0
7610	-6	0	0	0	0
7620	-6	0	0	0	0
7630	-6	0	0	0	0
7640	-6	0	0	0	0
7650	-6	0	0	0	0
7660	-6	0	0	0	0
7700	-6	0	0	0	0
7750	-6	0	0	0	0
7800	-6	0	0	0	0
7900	-6	0	0	0	0
8100	-6	0	0	0	0
8200	-6	0	0	0	0
8300	-6	0	0	0	0
8400	-6	0	0	0	0
8500	-6	0	0	0	0
8600	-6	0	0	0	0
8900	-6	0	0	0	0
9100	-6	0	0	0	0
1020	-6	0	0	0	0
1	-6	0	0	0	0
5200	-6	0	0	0	0
2150	-6	0	0	0	0
5250	-6	0	0	0	0
4850	-6	0	0	0	0
1010	-7	0	0	0	0
1030	-7	0	0	0	0
1040	-7	0	0	0	0
1050	-7	0	0	0	0
1060	-7	0	0	0	0
1070	-7	0	0	0	0
1080	-7	0	0	0	0
1090	-7	0	0	0	0
1100	-7	0	0	0	0
1150	-7	0	0	0	0
1200	-7	0	0	0	0
1250	-7	0	0	0	0
1300	-7	0	0	0	0
1350	-7	0	0	0	0
1400	-7	0	0	0	0
1420	-7	0	0	0	0
1440	-7	0	0	0	0
1460	-7	0	0	0	0
1500	-7	0	0	0	0
1550	-7	0	0	0	0
1600	-7	0	0	0	0
1620	-7	0	0	0	0
1650	-7	0	0	0	0
1670	-7	0	0	0	0
1700	-7	0	0	0	0
1710	-7	0	0	0	0
1720	-7	0	0	0	0
1730	-7	0	0	0	0
1740	-7	0	0	0	0
1750	-7	0	0	0	0
1760	-7	0	0	0	0
1770	-7	0	0	0	0
1780	-7	0	0	0	0
1790	-7	0	0	0	0
1800	-7	0	0	0	0
1850	-7	0	0	0	0
1900	-7	0	0	0	0
2010	-7	0	0	0	0
2020	-7	0	0	0	0
2050	-7	0	0	0	0
2100	-7	0	0	0	0
2200	-7	0	0	0	0
2230	-7	0	0	0	0
2250	-7	0	0	0	0
2300	-7	0	0	0	0
2310	-7	0	0	0	0
2320	-7	0	0	0	0
2330	-7	0	0	0	0
2340	-7	0	0	0	0
2350	-7	0	0	0	0
2360	-7	0	0	0	0
2400	-7	0	0	0	0
2410	-7	0	0	0	0
2420	-7	0	0	0	0
2450	-7	0	0	0	0
2460	-7	0	0	0	0
2470	-7	0	0	0	0
2480	-7	0	0	0	0
2500	-7	0	0	0	0
2550	-7	0	0	0	0
2560	-7	0	0	0	0
2600	-7	0	0	0	0
2700	-7	0	0	0	0
2720	-7	0	0	0	0
2740	-7	0	0	0	0
2760	-7	0	0	0	0
2800	-7	0	0	0	0
2900	-7	0	0	0	0
3100	-7	0	0	0	0
3200	-7	0	0	0	0
3300	-7	0	0	0	0
3400	-7	0	0	0	0
3500	-7	0	0	0	0
4100	-7	0	0	0	0
4500	-7	0	0	0	0
4600	-7	0	0	0	0
4700	-7	0	0	0	0
4800	-7	0	0	0	0
4900	-7	0	0	0	0
5100	-7	0	0	0	0
5500	-7	0	0	0	0
5600	-7	0	0	0	0
5700	-7	0	0	0	0
5800	-7	0	0	0	0
5900	-7	0	0	0	0
6100	-7	0	0	0	0
6150	-7	0	0	0	0
6200	-7	0	0	0	0
6250	-7	0	0	0	0
6300	-7	0	0	0	0
6400	-7	0	0	0	0
6500	-7	0	0	0	0
6550	-7	0	0	0	0
6590	-7	0	0	0	0
6600	-7	0	0	0	0
6700	-7	0	0	0	0
6800	-7	0	0	0	0
6900	-7	0	0	0	0
7020	-7	0	0	0	0
7030	-7	0	0	0	0
7040	-7	0	0	0	0
7050	-7	0	0	0	0
7060	-7	0	0	0	0
7070	-7	0	0	0	0
7080	-7	0	0	0	0
7090	-7	0	0	0	0
7100	-7	0	0	0	0
7150	-7	0	0	0	0
7200	-7	0	0	0	0
7210	-7	0	0	0	0
7220	-7	0	0	0	0
7230	-7	0	0	0	0
7240	-7	0	0	0	0
7260	-7	0	0	0	0
7280	-7	0	0	0	0
7300	-7	0	0	0	0
7350	-7	0	0	0	0
7390	-7	0	0	0	0
7400	-7	0	0	0	0
7450	-7	0	0	0	0
7500	-7	0	0	0	0
7550	-7	0	0	0	0
7600	-7	0	0	0	0
7610	-7	0	0	0	0
7620	-7	0	0	0	0
7630	-7	0	0	0	0
7640	-7	0	0	0	0
7650	-7	0	0	0	0
7660	-7	0	0	0	0
7700	-7	0	0	0	0
7750	-7	0	0	0	0
7800	-7	0	0	0	0
7900	-7	0	0	0	0
8100	-7	0	0	0	0
8200	-7	0	0	0	0
8300	-7	0	0	0	0
8400	-7	0	0	0	0
8500	-7	0	0	0	0
8600	-7	0	0	0	0
8900	-7	0	0	0	0
9100	-7	0	0	0	0
1020	-7	0	0	0	0
1	-7	0	0	0	0
5200	-7	0	0	0	0
2150	-7	0	0	0	0
5250	-7	0	0	0	0
4850	-7	0	0	0	0
\.


--
-- Data for Name: chartmaster; Type: TABLE DATA; Schema: public; Owner: weberp_db_user
--

COPY chartmaster (accountcode, accountname, group_) FROM stdin;
1010	Petty Cash	Current Assets
1030	Cheque Accounts	Current Assets
1040	Savings Accounts	Current Assets
1050	Payroll Accounts	Current Assets
1060	Special Accounts	Current Assets
1070	Money Market Investments	Current Assets
1080	Short-Term Investments (< 90 days)	Current Assets
1090	Interest Receivable	Current Assets
1100	Accounts Receivable	Current Assets
1150	Allowance for Doubtful Accounts	Current Assets
1200	Notes Receivable	Current Assets
1250	Income Tax Receivable	Current Assets
1300	Prepaid Expenses	Current Assets
1350	Advances	Current Assets
1400	Supplies Inventory	Current Assets
1420	Raw Material Inventory	Current Assets
1440	Work in Progress Inventory	Current Assets
1460	Finished Goods Inventory	Current Assets
1500	Land	Fixed Assets
1550	Bonds	Fixed Assets
1600	Buildings	Fixed Assets
1620	Accumulated Depreciation of Buildings	Fixed Assets
1650	Equipment	Fixed Assets
1670	Accumulated Depreciation of Equipment	Fixed Assets
1700	Furniture & Fixtures	Fixed Assets
1710	Accumulated Depreciation of Furniture & Fixtures	Fixed Assets
1720	Office Equipment	Fixed Assets
1730	Accumulated Depreciation of Office Equipment	Fixed Assets
1740	Software	Fixed Assets
1750	Accumulated Depreciation of Software	Fixed Assets
1760	Vehicles	Fixed Assets
1770	Accumulated Depreciation Vehicles	Fixed Assets
1780	Other Depreciable Property	Fixed Assets
1790	Accumulated Depreciation of Other Depreciable Property	Fixed Assets
1800	Patents	Fixed Assets
1850	Goodwill	Fixed Assets
1900	Future Income Tax Receivable	Current Assets
2010	Bank Indedebtedness (overdraft)	Liabilities
2020	Retainers or Advances on Work	Liabilities
2050	Interest Payable	Liabilities
2100	Accounts Payable	Liabilities
2200	Short-Term Loan Payable	Liabilities
2230	Current Portion of Long-Term Debt Payable	Liabilities
2250	Income Tax Payable	Liabilities
2300	GST Payable	Liabilities
2310	GST Recoverable	Liabilities
2320	PST Payable	Liabilities
2330	PST Recoverable (commission)	Liabilities
2340	Payroll Tax Payable	Liabilities
2350	Withholding Income Tax Payable	Liabilities
2360	Other Taxes Payable	Liabilities
2400	Employee Salaries Payable	Liabilities
2410	Management Salaries Payable	Liabilities
2420	Director / Partner Fees Payable	Liabilities
2450	Health Benefits Payable	Liabilities
2460	Pension Benefits Payable	Liabilities
2470	Canada Pension Plan Payable	Liabilities
2480	Employment Insurance Premiums Payable	Liabilities
2500	Land Payable	Liabilities
2550	Long-Term Bank Loan	Liabilities
2560	Notes Payable	Liabilities
2600	Building & Equipment Payable	Liabilities
2700	Furnishing & Fixture Payable	Liabilities
2720	Office Equipment Payable	Liabilities
2740	Vehicle Payable	Liabilities
2760	Other Property Payable	Liabilities
2800	Shareholder Loans	Liabilities
2900	Suspense	Liabilities
3100	Capital Stock	Equity
3200	Capital Surplus / Dividends	Equity
3300	Dividend Taxes Payable	Equity
3400	Dividend Taxes Refundable	Equity
3500	Retained Earnings	Equity
4100	Product / Service Sales	Revenue
4500	Consulting Services	Revenue
4600	Rentals	Revenue
4700	Finance Charge Income	Revenue
4800	Sales Returns & Allowances	Revenue
4900	Sales Discounts	Revenue
5100	Production Expenses	COG Sold
5500	Direct Labour Costs	COG Sold
5600	Freight Charges	COG Sold
5700	Inventory Adjustment	COG Sold
5800	Purchase Returns & Allowances	COG Sold
5900	Purchase Discounts	COG Sold
6100	Advertising	Marketing Expenses
6150	Promotion	Marketing Expenses
6200	Communications	Marketing Expenses
6250	Meeting Expenses	Marketing Expenses
6300	Travelling Expenses	Marketing Expenses
6400	Delivery Expenses	Marketing Expenses
6500	Sales Salaries & Commission	Marketing Expenses
6550	Sales Salaries & Commission Deductions	Marketing Expenses
6590	Benefits	Marketing Expenses
6600	Other Selling Expenses	Marketing Expenses
6700	Permits, Licenses & License Fees	Marketing Expenses
6800	Research & Development	Marketing Expenses
6900	Professional Services	Marketing Expenses
7020	Support Salaries & Wages	Operating Expenses
7030	Support Salary & Wage Deductions	Operating Expenses
7040	Management Salaries	Operating Expenses
7050	Management Salary deductions	Operating Expenses
7060	Director / Partner Fees	Operating Expenses
7070	Director / Partner Deductions	Operating Expenses
7080	Payroll Tax	Operating Expenses
7090	Benefits	Operating Expenses
7100	Training & Education Expenses	Operating Expenses
7150	Dues & Subscriptions	Operating Expenses
7200	Accounting Fees	Operating Expenses
7210	Audit Fees	Operating Expenses
7220	Banking Fees	Operating Expenses
7230	Credit Card Fees	Operating Expenses
7240	Consulting Fees	Operating Expenses
7260	Legal Fees	Operating Expenses
7280	Other Professional Fees	Operating Expenses
7300	Business Tax	Operating Expenses
7350	Property Tax	Operating Expenses
7390	Corporation Capital Tax	Operating Expenses
7400	Office Rent	Operating Expenses
7450	Equipment Rental	Operating Expenses
7500	Office Supplies	Operating Expenses
7550	Office Repair & Maintenance	Operating Expenses
7600	Automotive Expenses	Operating Expenses
7610	Communication Expenses	Operating Expenses
7620	Insurance Expenses	Operating Expenses
7630	Postage & Courier Expenses	Operating Expenses
7640	Miscellaneous Expenses	Operating Expenses
7650	Travel Expenses	Operating Expenses
7660	Utilities	Operating Expenses
7700	Ammortization Expenses	Operating Expenses
7750	Depreciation Expenses	Operating Expenses
7800	Interest Expense	Operating Expenses
7900	Bad Debt Expense	Operating Expenses
8100	Gain on Sale of Assets	Other Revenue and Expenses
8200	Interest Income	Other Revenue and Expenses
8300	Recovery on Bad Debt	Other Revenue and Expenses
8400	Other Revenue	Other Revenue and Expenses
8500	Loss on Sale of Assets	Other Revenue and Expenses
8600	Charitable Contributions	Other Revenue and Expenses
8900	Other Expenses	Other Revenue and Expenses
9100	Income Tax Provision	Income Tax
1020	Cash on Hand	Current Assets
1	Default Sales/Discounts	Sales
5200	Cost of Sales	COG Sold
2150	Goods Received Suspense	Liabilities
5250	Purchases Exchange Gains/Losses	COG Sold
4850	Sales Exchange Gains/Losses	Sales
\.


--
-- Data for Name: cogsglpostings; Type: TABLE DATA; Schema: public; Owner: weberp_db_user
--

COPY cogsglpostings (id, area, stkcat, glcode, salestype) FROM stdin;
3	AN	ANY	5200	AN
\.


--
-- Data for Name: companies; Type: TABLE DATA; Schema: public; Owner: weberp_db_user
--

COPY companies (coycode, coyname, gstno, companynumber, regoffice1, regoffice2, regoffice3, regoffice4, telephone, fax, email, currencydefault, debtorsact, pytdiscountact, creditorsact, payrollact, grnact, exchangediffact, purchasesexchangediffact, retainedearnings, gllink_debtors, gllink_creditors, gllink_stock, freightact, regoffice5, regoffice6) FROM stdin;
1	webERP Demo		0	123 Post Office Box	The White House	Washnington DC	USA	03 45444 5442 	03 54444 45454		USD	1100	4900	2100	2400	2150	4850	5250	3500	1	1	1	5600	\N	\N
\.


--
-- Data for Name: config; Type: TABLE DATA; Schema: public; Owner: weberp_db_user
--

COPY config (confname, confvalue) FROM stdin;
DefaultDateFormat	d/m/Y
PastDueDays1	30
PastDueDays2	60
DefaultCreditLimit	1000
Show_Settled_LastMonth	1
RomalpaClause	Ownership will not pass to the buyer until the goods have been paid for in full.
QuickEntries	10
DispatchCutOffTime	14
AllowSalesOfZeroCostItems	0
CreditingControlledItems_MustExist	0
DefaultPriceList	WS
Default_Shipper	1
DoFreightCalc	0
FreightChargeAppliesIfLessThan	1000
TaxAuthorityReferenceName	Tax Ref
NumberOfPeriodsOfStockUsage	12
Check_Qty_Charged_vs_Del_Qty	1
Check_Price_Charged_vs_Order_Price	1
OverChargeProportion	30
OverReceiveProportion	20
PO_AllowSameItemMultipleTimes	1
YearEnd	3
PageLength	48
MaxImageSize	300
EDIHeaderMsgId	D:01B:UN:EAN010
EDIReference	WEBERP
EDI_MsgSent	EDI_Sent
DefaultDisplayRecordsMax	50
RadioBeaconStockLocation	BL
RadioBeaconHomeDir	/home/RadioBeacon
RadioBeaconFileCounter	/home/RadioBeacon/FileCounter
RadioBreaconFilePrefix	ORDXX
RadioBraconFTP_server	192.168.2.2
RadioBeaconFTP_user_name	RadioBeacon ftp server user name
RadionBeaconFTP_user_pass	Radio Beacon remote ftp server password
CountryOfOperation	EUR
DefaultTheme	professional
DefaultTaxCategory	1
EDI_Incoming_Orders	companies/weberp/EDI_Incoming_Orders
HTTPS_Only	0
EDI_MsgPending	companies/weberp/EDI_MsgPending
AutoDebtorNo	0
PackNoteFormat	1
DefaultBlindPackNote	1
CheckCreditLimits	0
FreightTaxCategory	1
DB_Maintenance_LastRun	2006-12-14
part_pics_dir	companies/weberp/part_pics
reports_dir	companies/weberp/reports
DB_Maintenance	0
WeightedAverageCosting	1
ProhibitPostingsBefore	2005-08-31
\.


--
-- Data for Name: contractbom; Type: TABLE DATA; Schema: public; Owner: weberp_db_user
--

COPY contractbom (contractref, component, workcentreadded, loccode, quantity) FROM stdin;
\.


--
-- Data for Name: contractreqts; Type: TABLE DATA; Schema: public; Owner: weberp_db_user
--

COPY contractreqts (contractreqid, contract, component, quantity, priceperunit) FROM stdin;
\.


--
-- Data for Name: contracts; Type: TABLE DATA; Schema: public; Owner: weberp_db_user
--

COPY contracts (contractref, contractdescription, debtorno, branchcode, status, categoryid, typeabbrev, orderno, quotedpricefx, margin, woref, requireddate, canceldate, quantityreqd, specifications, datequoted, units, drawing, rate) FROM stdin;
\.


--
-- Data for Name: currencies; Type: TABLE DATA; Schema: public; Owner: weberp_db_user
--

COPY currencies (currency, currabrev, country, hundredsname, rate) FROM stdin;
US Dollars	USD	USA	cents	1.0000
Euros Europe	EUR	European Union	cents	0.8000
Rand	ZAR	South Africa	cents	3.0000
\.


--
-- Data for Name: custallocns; Type: TABLE DATA; Schema: public; Owner: weberp_db_user
--

COPY custallocns (id, amt, datealloc, transid_allocfrom, transid_allocto) FROM stdin;
\.


--
-- Data for Name: custbranch; Type: TABLE DATA; Schema: public; Owner: weberp_db_user
--

COPY custbranch (branchcode, debtorno, brname, braddress1, braddress2, braddress3, braddress4, estdeliverydays, area, salesman, fwddate, phoneno, faxno, contactname, email, defaultlocation, taxgroupid, defaultshipvia, disabletrans, brpostaddr1, brpostaddr2, brpostaddr3, brpostaddr4, custbranchcode, deliverblind, braddress5, braddress6, brpostaddr5, brpostaddr6) FROM stdin;
ERCC	FREDBLOGG	Ersteem Raichle unt Cloggs	333 444				1	EU	GEN	0			123		CPT	1	2	0						2				
CUST01	CUST01	Customer	Na	Na	Na	Na	5	ZA	GEN	0	NA	NA	Testy	NA	CPT	1	1	0	NA	Na	Na	Na	NA	\N				
100001	100001	Eric Van Halen	453A Globus Contrabandus St	Aardvarkston			1	ZA	GEN	0					CPT	1	2	0						\N				
FREDBLOGG	FREDBLOGG	Fred Bloggs and partners	23 Bald Hill Terraces	Guinnesston 	Ireland		12	EU	REF	0			Walter Bloggs		CPT	1	1	0						1				
\.


--
-- Data for Name: debtorsmaster; Type: TABLE DATA; Schema: public; Owner: weberp_db_user
--

COPY debtorsmaster (debtorno, name, address1, address2, address3, address4, currcode, salestype, clientsince, holdreason, paymentterms, discount, pymtdiscount, lastpaid, lastpaiddate, creditlimit, invaddrbranch, discountcode, ediinvoices, ediorders, edireference, editransport, ediaddress, ediserveruser, ediserverpwd, taxref, address5, address6) FROM stdin;
TEST	test	dssd	sd sd 	 dsad asd asd 	asd asd 	ZAR	WS	2004-12-31 00:00:00	20	7	0.0000	0.0000	3.5000	2005-01-03 00:00:00	1000	0		0	0		email				\N		
CUST01	Customer One	Na	Na	Na	Na	ZAR	WS	2004-12-03 00:00:00	20	7	0.0000	0.0000	60.0000	2004-12-05 00:00:00	1000	0		0	0		email				12345678901234567890		
FREDBLOGG	Fred Bloggs and partners	23 Bald Hill Terraces	Guinnesston 	Ireland		EUR	WS	2005-01-15 00:00:00	20	30	0.0000	0.0000	0.0000	\N	10000	0		0	0		email				dsf-212321		
100001	Eric Van Halen	453A Globus Contrabandus St	Aardvarkston			ZAR	WS	2005-03-12 00:00:00	1	7	0.0000	0.0000	0.0000	\N	1000	0		0	0		email						
\.


--
-- Data for Name: debtortrans; Type: TABLE DATA; Schema: public; Owner: weberp_db_user
--

COPY debtortrans (id, transno, "type", debtorno, branchcode, trandate, prd, settled, reference, tpe, order_, rate, ovamount, ovgst, ovfreight, ovdiscount, diffonexch, alloc, invtext, shipvia, edisent, consignment) FROM stdin;
41	8	10	FREDBLOGG	FREDBLOGG	2005-01-01 00:00:00	-6	0		WS	59	0.800000	12	1.6799999999999999	0	0	0	0		1	0	
39	6	10	CUST01	CUST01	2005-08-31 00:00:00	1	0		WS	6	3.000000	615	88.870000000000005	0	0	0	0		1	0	
40	7	10	FREDBLOGG	FREDBLOGG	2005-08-31 00:00:00	1	0		WS	8	0.800000	293.57999999999998	42.420000000000002	0	0	0	0		1	0	
\.


--
-- Data for Name: debtortranstaxes; Type: TABLE DATA; Schema: public; Owner: weberp_db_user
--

COPY debtortranstaxes (debtortransid, taxauthid, taxamount) FROM stdin;
41	4	0.75
41	5	1.3500000000000001
39	5	18.449999999999999
39	4	11.172499999999999
40	5	33.027749999999997
40	4	20.000137500000001
\.


--
-- Data for Name: discountmatrix; Type: TABLE DATA; Schema: public; Owner: weberp_db_user
--

COPY discountmatrix (salestype, discountcategory, quantitybreak, discountrate) FROM stdin;
\.


--
-- Data for Name: edi_orders_seg_groups; Type: TABLE DATA; Schema: public; Owner: weberp_db_user
--

COPY edi_orders_seg_groups (seggroupno, maxoccur, parentseggroup) FROM stdin;
\.


--
-- Data for Name: edi_orders_segs; Type: TABLE DATA; Schema: public; Owner: weberp_db_user
--

COPY edi_orders_segs (id, segtag, seggroup, maxoccur) FROM stdin;
\.


--
-- Data for Name: ediitemmapping; Type: TABLE DATA; Schema: public; Owner: weberp_db_user
--

COPY ediitemmapping (supporcust, partnercode, stockid, partnerstockid) FROM stdin;
\.


--
-- Data for Name: edimessageformat; Type: TABLE DATA; Schema: public; Owner: weberp_db_user
--

COPY edimessageformat (id, partnercode, messagetype, section, sequenceno, linetext) FROM stdin;
\.


--
-- Data for Name: freightcosts; Type: TABLE DATA; Schema: public; Owner: weberp_db_user
--

COPY freightcosts (shipcostfromid, locationfrom, destination, shipperid, cubrate, kgrate, maxkgs, maxcub, fixedprice, minimumchg) FROM stdin;
1	CPT	South Africa	2	0.00	2000.00	2.00	9999.00	0.00	200.00
\.


--
-- Data for Name: gltrans; Type: TABLE DATA; Schema: public; Owner: weberp_db_user
--

COPY gltrans (counterindex, "type", typeno, chequeno, trandate, periodno, account, narrative, amount, posted, jobref) FROM stdin;
111	25	5	0	2005-08-28	1	1400	PO: 7 TEST - BOLT13MMX10 - 13mm hex head bolt 10mm thread x 489 @ 1.33	650.37	1	
112	25	5	0	2005-08-28	1	2150	PO: 7 TEST - BOLT13MMX10 - 13mm hex head bolt 10mm thread x 489 @ 1.33	-650.37	1	
113	10	6	0	2005-08-31	1	1	CUST01 - DEVDB x 6.5 @ 40.0000	-86.666666666699996	1	
114	10	6	0	2005-08-31	1	1	CUST01 - DEVDB @ 25%	21.666666666699999	1	
115	10	6	0	2005-08-31	1	5200	CUST01 - PHIS02 x 6 @ 36.9890	221.934	1	
116	10	6	0	2005-08-31	1	1400	CUST01 - PHIS02 x 6 @ 36.9890	-221.934	1	
117	10	6	0	2005-08-31	1	1	CUST01 - PHIS02 x 6 @ 70.0000	-140	1	
118	10	6	0	2005-08-31	1	1100	CUST01	234.62333333300001	1	
127	10	8	0	2005-01-01	-6	5200	FREDBLOGG - PHIS01 x 1 @ 10.0000	10	0	
128	10	8	0	2005-01-01	-6	1400	FREDBLOGG - PHIS01 x 1 @ 10.0000	-10	0	
129	10	8	0	2005-01-01	-6	4100	FREDBLOGG - PHIS01 x 1 @ 12.0000	-15	0	
130	10	8	0	2005-01-01	-6	1100	FREDBLOGG	17.100000000000001	0	
131	10	8	0	2005-01-01	-6	2300	FREDBLOGG	-0.75	0	
132	10	8	0	2005-01-01	-6	2320	FREDBLOGG	-1.3500000000000001	0	
119	10	6	0	2005-08-31	1	2320	CUST01	-18.449999999999999	1	
120	10	6	0	2005-08-31	1	2300	CUST01	-11.172499999999999	1	
121	10	7	0	2005-08-31	1	5200	FREDBLOGG - BOLT13MMX10 x 126 @ 1.3300	167.58000000000001	1	
122	10	7	0	2005-08-31	1	1400	FREDBLOGG - BOLT13MMX10 x 126 @ 1.3300	-167.58000000000001	1	
123	10	7	0	2005-08-31	1	4100	FREDBLOGG - BOLT13MMX10 x 126 @ 2.3300	-366.97500000000002	1	
124	10	7	0	2005-08-31	1	1100	FREDBLOGG	420	1	
125	10	7	0	2005-08-31	1	2320	FREDBLOGG	-33.027749999999997	1	
126	10	7	0	2005-08-31	1	2300	FREDBLOGG	-20.000137500000001	1	
\.


--
-- Data for Name: grns; Type: TABLE DATA; Schema: public; Owner: weberp_db_user
--

COPY grns (grnbatch, grnno, podetailitem, itemcode, deliverydate, itemdescription, qtyrecd, quantityinv, supplierid) FROM stdin;
5	13	5	BOLT13MMX10	2005-08-28	13mm hex head bolt 10mm thread	489.0000	0.0000	TEST
\.


--
-- Data for Name: holdreasons; Type: TABLE DATA; Schema: public; Owner: weberp_db_user
--

COPY holdreasons (reasoncode, reasondescription, dissallowinvoices) FROM stdin;
20	Watch	0
30	No more work until payment rec	1
1	Good History	0
51	In liquidation	1
\.


--
-- Data for Name: locations; Type: TABLE DATA; Schema: public; Owner: weberp_db_user
--

COPY locations (loccode, locationname, deladd1, deladd2, deladd3, tel, fax, email, contact, taxprovinceid, managed, deladd4, deladd5, deladd6) FROM stdin;
CPT	Cape Town	na	na	na	na	na	weberp@paradise.net.nz	na	1	\N	\N	\N	\N
\.


--
-- Data for Name: locstock; Type: TABLE DATA; Schema: public; Owner: weberp_db_user
--

COPY locstock (loccode, stockid, quantity, reorderlevel) FROM stdin;
CPT	PHIS01	-1.0	0
CPT	PHIS02	-6.0	0
CPT	BOLT13MMX10	363.0	0
CPT	ASSEM1	0.0	0
CPT	DEVDB	0.0	0
CPT	STEELBAR10MMROUND	0.0	0
\.


--
-- Data for Name: loctransfers; Type: TABLE DATA; Schema: public; Owner: weberp_db_user
--

COPY loctransfers (reference, stockid, shipqty, recqty, shipdate, recdate, shiploc, recloc) FROM stdin;
\.


--
-- Data for Name: orderdeliverydifferenceslog; Type: TABLE DATA; Schema: public; Owner: weberp_db_user
--

COPY orderdeliverydifferenceslog (orderno, invoiceno, stockid, quantitydiff, debtorno, branch, can_or_bo) FROM stdin;
8	7	BOLT13MMX10	24.0000	FREDBLOGG	FREDBLOGG	BO
\.


--
-- Data for Name: paymentmethods; Type: TABLE DATA; Schema: public; Owner: weberp_db_user
--

COPY paymentmethods (paymentid, paymentname, paymenttype, receipttype) FROM stdin;
1	Cheque	1	1
2	Cash	1	1
3	Direct Credit	1	1
\.


--
-- Data for Name: paymentterms; Type: TABLE DATA; Schema: public; Owner: weberp_db_user
--

COPY paymentterms (termsindicator, terms, daysbeforedue, dayinfollowingmonth) FROM stdin;
7	Payment due within 7 days	7	0
20	Due 20th Of the Following Month	0	22
30	Due By End Of The Following Month	0	30
CA	Cash Only	0	1
\.


--
-- Data for Name: periods; Type: TABLE DATA; Schema: public; Owner: weberp_db_user
--

COPY periods (periodno, lastdate_in_period) FROM stdin;
1	2005-08-31
0	2005-07-31
-1	2005-06-30
-2	2005-05-31
-3	2005-04-30
-4	2005-03-31
-5	2005-02-28
-6	2005-01-31
-7	2004-12-31
\.


--
-- Data for Name: prices; Type: TABLE DATA; Schema: public; Owner: weberp_db_user
--

COPY prices (stockid, typeabbrev, currabrev, debtorno, price, branchcode) FROM stdin;
PHIS02	WS	ZAR		70.0000	
DEVDB	WS	ZAR		40.0000	
PHIS01	WS	ZAR		63.2200	
\.


--
-- Data for Name: purchdata; Type: TABLE DATA; Schema: public; Owner: weberp_db_user
--

COPY purchdata (supplierno, stockid, price, suppliersuom, conversionfactor, supplierdescription, leadtime, preferred) FROM stdin;
SUP01	PHIS01	32.9500	each	1.0000	supplier 1 description for physical item 1	15	1
\.


--
-- Data for Name: purchorderdetails; Type: TABLE DATA; Schema: public; Owner: weberp_db_user
--

COPY purchorderdetails (podetailitem, orderno, itemcode, deliverydate, itemdescription, glcode, qtyinvoiced, unitprice, actprice, stdcostunit, quantityord, quantityrecd, shiptref, jobref, completed) FROM stdin;
4	6	PHIS01	2005-01-13	A phisical Stock Item	1400	0.0000	12.0000	0.0000	10.0000	455.0000	0.0000	0	0	0
1	2	PHIS01	2004-12-02	A phisical Stock Item	1400	0.0000	35.0000	0.0000	0.0000	5.0000	0.0000	0	0	0
3	5	*5_1	2004-12-05	A Jar of JAM	1400	0.0000	20.0000	0.0000	0.0000	2.0000	0.0000	0		0
5	7	BOLT13MMX10	2005-08-18	13mm hex head bolt 10mm thread	1400	0.0000	0.0000	0.0000	1.3300	500.0000	489.0000	0	0	0
\.


--
-- Data for Name: purchorders; Type: TABLE DATA; Schema: public; Owner: weberp_db_user
--

COPY purchorders (orderno, supplierno, comments, orddate, rate, dateprinted, allowprint, initiator, requisitionno, intostocklocation, deladd1, deladd2, deladd3, deladd4, deladd5, deladd6, contact) FROM stdin;
2	SUP01		2004-12-02 00:00:00	1.0000	\N	1			CPT	n/a	n/a	n/a	n/a	\N	\N	\N
5	SUP01		2004-12-04 00:00:00	1.0000	\N	1	testy	REF0001	CPT	na	na	na	na	\N	\N	\N
6	SUP01		2005-01-13 00:00:00	1.0000	2005-01-13 00:00:00	0	pdg		CPT	Some Road	Some Town	Some City	0231 122211	\N	\N	\N
7	TEST		2005-08-18 00:00:00	1.0000	\N	1	pdg		CPT	Percy Montgomery Drive	Ollieville	Cape Town	233120100	\N	\N	\N
\.


--
-- Data for Name: recurringsalesorders; Type: TABLE DATA; Schema: public; Owner: weberp_db_user
--

COPY recurringsalesorders (recurrorderno, debtorno, branchcode, customerref, buyername, comments, orddate, ordertype, shipvia, deladd1, deladd2, deladd3, deladd4, contactphone, contactemail, deliverto, freightcost, fromstkloc, deliverydate, lastrecurrence, frequency, stopdate, autoinvoice, deladd5, deladd6) FROM stdin;
5	100001	100001	RGD-25441	\N	Standing order for ongoing work	2005-03-25	WS	2	453A Globus Contrabandus St	Aardvarkston					Eric Van Halen	0.00	CPT	2005-03-25	2005-03-19	52	2005-04-30	1	\N	\N
4	CUST01	CUST01		\N		2005-03-25	WS	1	Na	Na	Na	Na	NA	NA	Customer	0.00	CPT	2005-03-25	2005-03-19	52	2006-03-26	0	\N	\N
\.


--
-- Data for Name: recurrsalesorderdetails; Type: TABLE DATA; Schema: public; Owner: weberp_db_user
--

COPY recurrsalesorderdetails (recurrorderno, stkcode, unitprice, quantity, discountpercent, narrative) FROM stdin;
4	DEVDB	40.0000	23.0000	0.0500	Testing of the recurring orders system
4	PHIS01	63.2200	3.0000	0.0250	
5	DEVDB	60.0000	2.0000	0.0250	
\.


--
-- Data for Name: reportcolumns; Type: TABLE DATA; Schema: public; Owner: weberp_db_user
--

COPY reportcolumns (reportid, colno, heading1, heading2, calculation, periodfrom, periodto, datatype, colnumerator, coldenominator, calcoperator, budgetoractual, valformat, constant) FROM stdin;
1	2	Quantity		0	49	63	Quantity	0	0		1	N	0
1	3	Budget	Value	0	49	63	Gross Value	0	0		0	N	0
1	1	Sales Value		0	49	63	Net Value	0	0		1	N	0
\.


--
-- Data for Name: reportfields; Type: TABLE DATA; Schema: public; Owner: weberp_db_user
--

COPY reportfields (id, reportid, entrytype, seqnum, fieldname, displaydesc, visible, columnbreak, params) FROM stdin;
11	2	grouplist	1	prices.typeabbrev	Price List	0	0	0
7	2	fieldlist	1	prices.stockid	Item	1	0	0
8	2	fieldlist	2	stockmaster.description	Description	1	0	0
9	2	fieldlist	3	prices.typeabbrev	Price List	1	0	0
10	2	fieldlist	4	prices.price	Price	1	0	0
12	2	critlist	1	prices.typeabbrev	Price List	0	0	0
4	2	dateselect	0			1	1	a
3	2	trunclong	0			1	1	0
\.


--
-- Data for Name: reportheaders; Type: TABLE DATA; Schema: public; Owner: weberp_db_user
--

COPY reportheaders (reportid, reportheading, groupbydata1, newpageafter1, lower1, upper1, groupbydata2, newpageafter2, lower2, upper2, groupbydata3, newpageafter3, lower3, upper3, groupbydata4, newpageafter4, upper4, lower4) FROM stdin;
1	Sales in 2005	Customer Code	0	0	zzzzzzz	Not Used	0			Not Used	0			Not Used	0		
\.


--
-- Data for Name: reportlinks; Type: TABLE DATA; Schema: public; Owner: weberp_db_user
--

COPY reportlinks (table1, table2, equation) FROM stdin;
\.


--
-- Data for Name: reports; Type: TABLE DATA; Schema: public; Owner: weberp_db_user
--

COPY reports (id, reportname, reporttype, groupname, defaultreport, papersize, paperorientation, margintop, marginbottom, marginleft, marginright, coynamefont, coynamefontsize, coynamefontcolor, coynamealign, coynameshow, title1desc, title1font, title1fontsize, title1fontcolor, title1fontalign, title1show, title2desc, title2font, title2fontsize, title2fontcolor, title2fontalign, title2show, filterfont, filterfontsize, filterfontcolor, filterfontalign, datafont, datafontsize, datafontcolor, datafontalign, totalsfont, totalsfontsize, totalsfontcolor, totalsfontalign, col1width, col2width, col3width, col4width, col5width, col6width, col7width, col8width, table1, table2, table2criteria, table3, table3criteria, table4, table4criteria, table5, table5criteria, table6, table6criteria) FROM stdin;
2	Price List	rpt	inv	1	A4:210:297	P	10	10	10	10	helvetica	12	0:0:0	C	1	%reportname%	helvetica	10	0:0:0	C	1	Report Generated %date%	helvetica	10	0:0:0	C	1	helvetica	8	0:0:0	L	helvetica	10	0:0:0	L	helvetica	10	0:0:0	L	25	80	25	25	0	0	0	0	prices	stockmaster	prices.stockid=stockmaster.stockid								
\.


--
-- Data for Name: salesanalysis; Type: TABLE DATA; Schema: public; Owner: weberp_db_user
--

COPY salesanalysis (typeabbrev, periodno, amt, cost, cust, custbranch, qty, disc, stockid, area, budgetoractual, salesperson, stkcategory, id) FROM stdin;
WS	-6	15.0000	10.0000	FREDBLOGG	FREDBLOGG	1.0000	0.0000	PHIS01	EU	1	REF	MISC	26
WS	1	86.6667	0.0000	CUST01	CUST01	6.5000	21.6667	DEVDB	ZA	1	GEN	MISC	23
WS	1	140.0000	221.9340	CUST01	CUST01	6.0000	0.0000	PHIS02	ZA	1	GEN	MISC	24
WS	1	366.9750	167.5800	FREDBLOGG	FREDBLOGG	126.0000	0.0000	BOLT13MMX10	EU	1	REF	BOLTS	25
\.


--
-- Data for Name: salescat; Type: TABLE DATA; Schema: public; Owner: weberp_db_user
--

COPY salescat (salescatid, parentcatid, salescatname) FROM stdin;
1	\N	Springs
2	\N	Steel
\.


--
-- Data for Name: salescatprod; Type: TABLE DATA; Schema: public; Owner: weberp_db_user
--

COPY salescatprod (salescatid, stockid) FROM stdin;
\.


--
-- Data for Name: salesglpostings; Type: TABLE DATA; Schema: public; Owner: weberp_db_user
--

COPY salesglpostings (id, area, stkcat, discountglcode, salesglcode, salestype) FROM stdin;
6	AN	ANY	4900	4100	AN
\.


--
-- Data for Name: salesman; Type: TABLE DATA; Schema: public; Owner: weberp_db_user
--

COPY salesman (salesmancode, salesmanname, smantel, smanfax, commissionrate1, breakpoint, commissionrate2) FROM stdin;
GEN	General	N/A	N/A	0.0000	0.0000	0.0000
REF	Referral			0.0000	0.0000	0.0000
\.


--
-- Data for Name: salesorderdetails; Type: TABLE DATA; Schema: public; Owner: weberp_db_user
--

COPY salesorderdetails (orderno, stkcode, qtyinvoiced, unitprice, quantity, estimate, discountpercent, actualdispatchdate, completed, narrative, orderlineno) FROM stdin;
2	DEVDB	0.0000	40.0000	15.0000	0	0.0000	2004-12-07 00:00:00	0		0
55	ASSEM1	0.0000	2.5000	10.0000	0	0.0500	2005-08-19 00:00:00	0		0
57	BOLT13MMX10	0.0000	3.5000	20.0000	0	0.0000	\N	0		0
56	BOLT13MMX10	0.0000	2.9500	100.0000	0	0.0250	2005-08-19 00:00:00	0		0
56	ASSEM1	0.0000	2.9500	100.0000	0	0.0250	2005-08-19 00:00:00	0		1
5	PHIS01	0.0000	60.0000	12.0000	0	0.0350	2005-01-14 00:00:00	0		0
58	PHIS01	0.0000	52.0000	1.0000	0	0.0000	\N	0		0
58	ASSEM1	0.0000	421.9900	3.0000	0	0.0000	\N	0		1
7	DEVDB	0.0000	40.0000	24.2000	0	0.0000	2005-02-07 00:00:00	0		0
9	PHIS01	0.0000	89.8700	35.0000	0	0.0000	2005-03-21 00:00:00	0		0
9	PHIS02	0.0000	166.7500	133.0000	0	0.0000	2005-03-21 00:00:00	0		1
10	PHIS01	0.0000	0.0000	2.0000	0	0.0000	\N	0		0
11	PHIS02	0.0000	355.0000	6.0000	0	0.0000	2005-03-26 00:00:00	0		0
52	DEVDB	0.0000	0.0000	4.0000	0	0.0000	\N	0		0
59	PHIS01	1.0000	12.0000	1.0000	0	0.0000	2005-01-01 00:00:00	1		0
54	PHIS02	0.0000	16.0000	5.0000	0	0.0000	\N	0		0
54	PHIS01	0.0000	9.6500	2.0000	0	0.0000	\N	0		1
6	DEVDB	6.5000	40.0000	6.5000	0	0.2500	2005-08-31 00:00:00	1		0
6	PHIS02	6.0000	70.0000	6.0000	0	0.0000	2005-08-31 00:00:00	1		1
8	BOLT13MMX10	126.0000	2.3300	150.0000	0	0.0000	2005-08-31 00:00:00	0		0
60	PHIS01	0.0000	63.2200	3.0000	0	0.0000	\N	0		0
\.


--
-- Data for Name: salesorders; Type: TABLE DATA; Schema: public; Owner: weberp_db_user
--

COPY salesorders (orderno, debtorno, branchcode, customerref, buyername, comments, orddate, ordertype, shipvia, deladd1, deladd2, deladd3, deladd4, contactphone, contactemail, deliverto, freightcost, fromstkloc, deliverydate, printedpackingslip, datepackingslipprinted, quotation, deliverblind, deladd5, deladd6) FROM stdin;
1	CUST01	CUST01	REF01	\N		2004-12-03	WS	2	N/a	N/a	N/a	N/a	N/A		Customer	50.00	CPT	2004-12-04	0	\N	\N	\N	\N	\N
2	CUST01	CUST01	REF01	\N	 Inv 4	2004-12-03	WS	2	N/a	N/a	N/a	N/a	N/A		Customer	50.00	CPT	2004-12-04	1	2004-04-12	\N	\N	\N	\N
4	CUST01	CUST01	REFC01	\N	\N	2004-12-04	WS	1	Na	Na	Na	Na	NA	NA	Customer	0.00	CPT	2004-12-05	0	\N	\N	\N	\N	\N
5	CUST01	CUST01		\N	 Inv 10	2005-01-13	WS	1	Na	Na	Na	Na	NA		Customer	0.00	CPT	2005-01-14	1	2005-01-13	\N	\N	\N	\N
7	CUST01	CUST01		\N	 Inv 11	2005-01-14	WS	1	Na	Na	Na	Na	NA	NA	Customer	0.00	CPT	2005-01-15	1	2005-01-14	0	\N	\N	\N
58	FREDBLOGG	ERCC		\N		2005-11-13	WS	2	333 444						Ersteem Raichle unt Cloggs	0.00	CPT	2005-11-14	0	\N	0	2		
54	FREDBLOGG	FREDBLOGG		\N		2005-07-30	WS	1	23 Bald Hill Terraces	Guinnesston 	Ireland				Fred Bloggs and partners	0.00	CPT	2005-08-01	0	\N	0	1	\N	\N
9	FREDBLOGG	FREDBLOGG		\N	 Inv 15	2005-03-19	WS	1	23 Bald Hill Terraces	Guinnesston 	Ireland				Fred Bloggs and partners	0.00	CPT	2005-03-21	0	\N	0	\N	\N	\N
10	FREDBLOGG	FREDBLOGG		\N		2005-03-19	WS	1	23 Bald Hill Terraces	Guinnesston 	Ireland				Fred Bloggs and partners	0.00	CPT	2005-03-21	0	\N	0	\N	\N	\N
52	FREDBLOGG	FREDBLOGG		\N		2005-03-31	WS	1	23 Bald Hill Terraces	Guinnesston 	Ireland				Fred Bloggs and partners	0.00	CPT	2005-04-01	0	\N	0	2	\N	\N
59	FREDBLOGG	FREDBLOGG		\N	 Inv 8	2005-11-15	WS	1	23 Bald Hill Terraces	Guinnesston 	Ireland				Fred Bloggs and partners	0.00	CPT	2005-10-10	0	\N	0	1		
55	CUST01	CUST01		\N	 Inv 2	2005-08-18	WS	1	Na	Na	Na	Na	NA	NA	Customer	0.00	CPT	2005-08-19	1	2005-08-18	0	1	\N	\N
15	CUST01	CUST01		\N		2005-06-03	WS	1					NA	NA	Customer	0.00	CPT	2005-06-03	0	\N	0	\N	\N	\N
16	CUST01	CUST01		\N		2005-06-03	WS	1					NA	NA	Customer	0.00	CPT	2005-06-03	0	\N	0	\N	\N	\N
17	CUST01	CUST01		\N		2005-06-03	WS	1					NA	NA	Customer	0.00	CPT	2005-06-03	0	\N	0	\N	\N	\N
18	CUST01	CUST01		\N		2005-06-03	WS	1					NA	NA	Customer	0.00	CPT	2005-06-03	0	\N	0	\N	\N	\N
19	CUST01	CUST01		\N		2005-06-03	WS	1					NA	NA	Customer	0.00	CPT	2005-06-03	0	\N	0	\N	\N	\N
20	CUST01	CUST01		\N		2005-03-08	WS	1					NA	NA	Customer	0.00	CPT	2005-03-08	0	\N	0	\N	\N	\N
21	CUST01	CUST01		\N		2005-03-15	WS	1					NA	NA	Customer	0.00	CPT	2005-03-15	0	\N	0	\N	\N	\N
22	100001	100001	RGD-25441	\N	Standing order for ongoing work	2005-02-08	WS	2							Eric Van Halen	0.00	CPT	2005-02-08	0	\N	0	\N	\N	\N
23	CUST01	CUST01		\N		2005-03-22	WS	1					NA	NA	Customer	0.00	CPT	2005-03-22	0	\N	0	\N	\N	\N
24	100001	100001	RGD-25441	\N	Standing order for ongoing work	2005-02-15	WS	2							Eric Van Halen	0.00	CPT	2005-02-15	0	\N	0	\N	\N	\N
25	100001	100001	RGD-25441	\N	Standing order for ongoing work	2005-02-22	WS	2							Eric Van Halen	0.00	CPT	2005-02-22	0	\N	0	\N	\N	\N
26	100001	100001	RGD-25441	\N	Standing order for ongoing work	2005-03-01	WS	2							Eric Van Halen	0.00	CPT	2005-03-01	0	\N	0	\N	\N	\N
27	100001	100001	RGD-25441	\N	Standing order for ongoing work	2005-03-08	WS	2							Eric Van Halen	0.00	CPT	2005-03-08	0	\N	0	\N	\N	\N
28	100001	100001	RGD-25441	\N	Standing order for ongoing work	2005-03-15	WS	2							Eric Van Halen	0.00	CPT	2005-03-15	0	\N	0	\N	\N	\N
29	100001	100001	RGD-25441	\N	Standing order for ongoing work	2005-03-22	WS	2							Eric Van Halen	0.00	CPT	2005-03-22	0	\N	0	\N	\N	\N
30	100001	100001	RGD-25441	\N	Standing order for ongoing work	2005-01-08	WS	2							Eric Van Halen	0.00	CPT	2005-01-08	0	\N	0	\N	\N	\N
57	100001	100001		\N		2005-08-18	WS	2	453A Globus Contrabandus St	Aardvarkston					Eric Van Halen	0.00	CPT	2005-08-19	0	\N	0	1	\N	\N
56	100001	100001		\N	 Inv 3	2005-08-18	WS	2	453A Globus Contrabandus St	Aardvarkston					Eric Van Halen	0.00	CPT	2005-08-19	0	\N	0	1	\N	\N
11	FREDBLOGG	FREDBLOGG		\N	 Inv 1	2005-03-19	WS	1	23 Bald Hill Terraces	Guinnesston 	Ireland				Fred Bloggs and partners	0.00	CPT	2005-03-21	0	\N	0	\N	\N	\N
6	CUST01	CUST01		\N	 Inv 12 Inv 6	2005-01-13	WS	1	Na	Na	Na	Na	NA	NA	Customer	0.00	CPT	2005-01-14	0	\N	0	\N	\N	\N
8	FREDBLOGG	FREDBLOGG		\N	 Inv 14 Inv 7	2005-03-18	WS	1	23 Bald Hill Terraces	Guinnesston 	Ireland				Fred Bloggs and partners	0.00	CPT	2005-03-19	0	\N	0	\N	\N	\N
60	CUST01	CUST01		\N		2006-11-29	WS	1	Na	Na	Na	Na	NA	NA	Customer	0.00	CPT	2006-11-29	1	2006-11-29	0	1		
\.


--
-- Data for Name: salestypes; Type: TABLE DATA; Schema: public; Owner: weberp_db_user
--

COPY salestypes (typeabbrev, sales_type) FROM stdin;
WS	Wholesale
\.


--
-- Data for Name: securitygroups; Type: TABLE DATA; Schema: public; Owner: weberp_db_user
--

COPY securitygroups (secroleid, tokenid) FROM stdin;
1	1
1	2
2	1
2	2
3	1
3	2
3	3
3	4
3	5
3	11
4	1
4	2
4	5
5	1
5	2
5	3
5	11
6	1
6	2
6	3
6	4
6	5
6	6
6	7
6	8
6	9
6	10
6	11
7	1
8	1
8	2
8	3
8	4
8	5
8	6
8	7
8	8
8	9
8	10
8	11
8	12
8	13
8	14
8	15
4	13
2	11
\.


--
-- Data for Name: securityroles; Type: TABLE DATA; Schema: public; Owner: weberp_db_user
--

COPY securityroles (secroleid, secrolename) FROM stdin;
1	Inquiries/Order Entry
2	Manufac/Stock Admin
3	Purchasing Officer
4	AP Clerk
5	AR Clerk
6	Accountant
7	Customer Log On Only
8	System Administrator
\.


--
-- Data for Name: securitytokens; Type: TABLE DATA; Schema: public; Owner: weberp_db_user
--

COPY securitytokens (tokenid, tokenname) FROM stdin;
9	Ledger Maintenance and Manufacturing
1	Menu and order entry only
2	Inventory, AR & AP inquiries & reports 
3	AR setup customers, areas, receipts, allocations, credit notes, salesfolk, credit status
4	PO Entry, Purchasing data & reorder levels
5	AP Invoice, Credit, Payment entry. Supplier maintenance
6	Not used
7	Bank reconciliations
10	GL Journals, COA, sales/COGS GL postings, terms, cost update, company prefs
11	Pricing & Inventory locations, categories, receiving & adjustments 
15	User management, System Admin setup & utilities
12	No Used
14	Not Used
13	Not Used
8	GL Journals, COA, sales/COGS GL postings, terms, cost update, company prefs
\.


--
-- Data for Name: shipmentcharges; Type: TABLE DATA; Schema: public; Owner: weberp_db_user
--

COPY shipmentcharges (shiptchgid, shiptref, transtype, transno, stockid, value) FROM stdin;
\.


--
-- Data for Name: shipments; Type: TABLE DATA; Schema: public; Owner: weberp_db_user
--

COPY shipments (shiptref, voyageref, vessel, eta, accumvalue, supplierid, closed) FROM stdin;
\.


--
-- Data for Name: shippers; Type: TABLE DATA; Schema: public; Owner: weberp_db_user
--

COPY shippers (shipper_id, shippername, mincharge) FROM stdin;
2	Courier Post	0.0000
1	Not Specified	0.0000
\.


--
-- Data for Name: stockcategory; Type: TABLE DATA; Schema: public; Owner: weberp_db_user
--

COPY stockcategory (categoryid, categorydescription, stocktype, stockact, adjglact, purchpricevaract, materialuseagevarac, wipact) FROM stdin;
MISC	Miscellaneous	F	1400	5700	5800	5800	1440
BOLTS	Bolts	F	1400	5700	5800	5800	1440
\.


--
-- Data for Name: stockcheckfreeze; Type: TABLE DATA; Schema: public; Owner: weberp_db_user
--

COPY stockcheckfreeze (stockid, loccode, qoh) FROM stdin;
\.


--
-- Data for Name: stockcounts; Type: TABLE DATA; Schema: public; Owner: weberp_db_user
--

COPY stockcounts (id, stockid, loccode, qtycounted, reference) FROM stdin;
\.


--
-- Data for Name: stockmaster; Type: TABLE DATA; Schema: public; Owner: weberp_db_user
--

COPY stockmaster (stockid, categoryid, description, longdescription, units, mbflag, lastcurcostdate, actualcost, lastcost, materialcost, labourcost, overheadcost, lowestlevel, discontinued, controlled, eoq, volume, kgs, barcode, discountcategory, taxcatid, serialised, decimalplaces) FROM stdin;
ASSEM1	MISC	Assembly item 1	Assembly item 1	each	A	1800-01-01	0.0000	0.0000	0.0000	0.0000	0.0000	0	0	0	0.00	0.0000	0.0000			1	0	0
STEELBAR10MMROUND	BOLTS	10mm Round Mild Steel Bar	10mm Round Mild Steel Bar	each	B	1800-01-01	0.0000	0.0000	0.0000	0.0000	0.0000	0	0	0	0.00	0.0000	0.0000			1	0	0
DEVDB	MISC	Database Development	The design and/or migration of a database stucture for the purpose of retaining and recalling relational data.	each	D	1800-01-01	0.0000	0.0000	0.0000	0.0000	0.0000	0	0	0	0.00	0.0000	0.0000			1	0	0
BOLT13MMX10	BOLTS	13mm hex head bolt 10mm thread	13mm hex head bolt 10mm thread	each	M	1800-01-01	0.0000	0.0000	1.3300	0.0000	0.0000	0	0	1	0.00	0.0000	0.0000			1	0	0
PHIS01	MISC	A physical Stock Item	A physical Stock Item	each	M	1800-01-01	0.0000	0.0000	10.0000	0.0000	0.0000	0	0	0	5.00	1.0000	4.0000			1	0	0
PHIS02	MISC	Another Physical Item	Another Physical Item	each	M	1800-01-01	0.0000	0.0000	36.9890	0.0000	0.0000	0	0	0	0.00	0.0000	0.0000			1	0	0
\.


--
-- Data for Name: stockmoves; Type: TABLE DATA; Schema: public; Owner: weberp_db_user
--

COPY stockmoves (stkmoveno, stockid, "type", transno, loccode, trandate, debtorno, branchcode, price, prd, reference, qty, discountpercent, standardcost, show_on_inv_crds, newqoh, hidemovt, narrative) FROM stdin;
64	PHIS01	10	8	CPT	2005-01-01	FREDBLOGG	FREDBLOGG	15.0000	-6	59	-1.0000	0.0000	10.0000	1	-1	0	
58	BOLT13MMX10	25	5	CPT	2005-08-28			0.0000	1	TEST (etstt) - 7	489.0000	0.0000	1.3300	1	489	0	
61	DEVDB	10	6	CPT	2005-08-31	CUST01	CUST01	13.3333	1	6	-6.5000	0.2500	0.0000	1	0	0	
62	PHIS02	10	6	CPT	2005-08-31	CUST01	CUST01	23.3333	1	6	-6.0000	0.0000	36.9890	1	-6	0	
63	BOLT13MMX10	10	7	CPT	2005-08-31	FREDBLOGG	FREDBLOGG	2.9125	1	8	-126.0000	0.0000	1.3300	1	363	0	
\.


--
-- Data for Name: stockmovestaxes; Type: TABLE DATA; Schema: public; Owner: weberp_db_user
--

COPY stockmovestaxes (stkmoveno, taxauthid, taxontax, taxcalculationorder, taxrate) FROM stdin;
64	4	0	1	0.050000000000000003
64	5	0	2	0.089999999999999997
61	5	0	0	0.089999999999999997
61	4	1	1	0.050000000000000003
62	5	0	0	0.089999999999999997
62	4	1	1	0.050000000000000003
63	5	0	0	0.089999999999999997
63	4	1	1	0.050000000000000003
\.


--
-- Data for Name: stockserialitems; Type: TABLE DATA; Schema: public; Owner: weberp_db_user
--

COPY stockserialitems (stockid, loccode, serialno, quantity) FROM stdin;
BOLT13MMX10	CPT	4521145	50
BOLT13MMX10	CPT	4521147	50
BOLT13MMX10	CPT	4521149	50
BOLT13MMX10	CPT	4521150	48
BOLT13MMX10	CPT	4521151	52
BOLT13MMX10	CPT	4521152	53
BOLT13MMX10	CPT	4521155	36
BOLT13MMX10	CPT	4521144	0
BOLT13MMX10	CPT	4521146	0
BOLT13MMX10	CPT	4521148	24
\.


--
-- Data for Name: stockserialmoves; Type: TABLE DATA; Schema: public; Owner: weberp_db_user
--

COPY stockserialmoves (stkitmmoveno, stockmoveno, stockid, serialno, moveqty) FROM stdin;
73	58	BOLT13MMX10	4521144	50
74	58	BOLT13MMX10	4521145	50
75	58	BOLT13MMX10	4521146	50
76	58	BOLT13MMX10	4521147	50
77	58	BOLT13MMX10	4521148	50
78	58	BOLT13MMX10	4521149	50
79	58	BOLT13MMX10	4521150	48
80	58	BOLT13MMX10	4521151	52
81	58	BOLT13MMX10	4521152	53
82	58	BOLT13MMX10	4521155	36
83	63	BOLT13MMX10	4521144	-50
84	63	BOLT13MMX10	4521146	-50
85	63	BOLT13MMX10	4521148	-26
\.


--
-- Data for Name: suppallocs; Type: TABLE DATA; Schema: public; Owner: weberp_db_user
--

COPY suppallocs (id, amt, datealloc, transid_allocfrom, transid_allocto) FROM stdin;
1	3719.10	2005-08-31	4	2
\.


--
-- Data for Name: suppliercontacts; Type: TABLE DATA; Schema: public; Owner: weberp_db_user
--

COPY suppliercontacts (supplierid, contact, "position", tel, fax, mobile, email, ordercontact) FROM stdin;
SUP01	Jonny Dep	Owner	na	na	na	jowny@unknown.com	0
\.


--
-- Data for Name: suppliers; Type: TABLE DATA; Schema: public; Owner: weberp_db_user
--

COPY suppliers (supplierid, suppname, address1, address2, address3, address4, currcode, suppliersince, paymentterms, lastpaid, lastpaiddate, bankact, bankref, bankpartics, remittance, taxgroupid, address5, address6) FROM stdin;
SUP01	Test Supplier	Na	Na	Na	Na	ZAR	2004-12-01	CA	130.0000	2004-12-05 00:00:00		0	Na	0	1	\N	\N
TEST	etstt	sst	stt	sst		ZAR	2004-12-28	CA	0.0000	\N		0		0	1	\N	\N
MAUKAU	Tisco Manukau					ZAR	2005-02-03	7	0.0000	\N		0		0	1	\N	\N
\.


--
-- Data for Name: supptrans; Type: TABLE DATA; Schema: public; Owner: weberp_db_user
--

COPY supptrans (transno, "type", supplierno, suppreference, trandate, duedate, settled, rate, ovamount, ovgst, diffonexch, alloc, transtext, "hold", id) FROM stdin;
2	22	SUP01	Cheque	2004-12-05	\N	0	1.000000	-130.0000	0.0000	0.0000	0.0000		0	1
1	20	SUP01	854442	2005-01-12	2005-02-01	1	1.000000	3719.1000	0.0000	0.0000	3719.1000		0	2
3	22	SUP01	1	2005-08-31	2005-08-31	1	1.000000	-3719.1000	0.0000	0.0000	-3719.1000	\N	0	4
\.


--
-- Data for Name: supptranstaxes; Type: TABLE DATA; Schema: public; Owner: weberp_db_user
--

COPY supptranstaxes (supptransid, taxauthid, taxamount) FROM stdin;
\.


--
-- Data for Name: systypes; Type: TABLE DATA; Schema: public; Owner: weberp_db_user
--

COPY systypes (typeid, typename, typeno) FROM stdin;
10	Sales Invoice	8
2	Receipt - GL	0
3	Standing Journal	0
18	Purchase Order	0
21	Debit Note	0
23	Creditors Journal	0
26	Work Order Receipt	0
28	Work Order Issue	0
29	Work Order Variance	0
30	Sales Order	0
0	Journal - GL	1
50	Opening Balance	0
22	Creditors Payment	3
31	Shipment Close	3
1	Payment - GL	2
20	Purchase Invoice	1
35	Cost Update	2
500	"Debtor Number"	100001
25	Purchase Order Delivery	5
15	Journal - Debtors	0
11	Credit Note	0
12	Receipt	0
16	Location Transfer	0
17	Stock Adjustment	0
\.


--
-- Data for Name: taxauthorities; Type: TABLE DATA; Schema: public; Owner: weberp_db_user
--

COPY taxauthorities (taxid, description, taxglcode, purchtaxglaccount, bank, bankacctype, bankacc, bankswift) FROM stdin;
4	GST	2300	2310				
5	PST	2320	2330				
\.


--
-- Data for Name: taxauthrates; Type: TABLE DATA; Schema: public; Owner: weberp_db_user
--

COPY taxauthrates (taxauthority, dispatchtaxprovince, taxcatid, taxrate) FROM stdin;
4	1	1	0.050000000000000003
4	1	0	0
5	1	1	0.089999999999999997
5	1	0	0
4	6	1	0
4	6	0	0
5	6	1	0
5	6	0	0
\.


--
-- Data for Name: taxcategories; Type: TABLE DATA; Schema: public; Owner: weberp_db_user
--

COPY taxcategories (taxcatid, taxcatname) FROM stdin;
1	Taxable supply
0	Exempt
\.


--
-- Data for Name: taxgroups; Type: TABLE DATA; Schema: public; Owner: weberp_db_user
--

COPY taxgroups (taxgroupid, taxgroupdescription) FROM stdin;
1	Default tax group
\.


--
-- Data for Name: taxgrouptaxes; Type: TABLE DATA; Schema: public; Owner: weberp_db_user
--

COPY taxgrouptaxes (taxgroupid, taxauthid, calculationorder, taxontax) FROM stdin;
1	4	1	0
1	5	2	0
\.


--
-- Data for Name: taxprovinces; Type: TABLE DATA; Schema: public; Owner: weberp_db_user
--

COPY taxprovinces (taxprovinceid, taxprovincename) FROM stdin;
1	Default Tax Province
6	Tax Province 2
\.


--
-- Data for Name: unitsofmeasure; Type: TABLE DATA; Schema: public; Owner: weberp_db_user
--

COPY unitsofmeasure (unitid, unitname) FROM stdin;
2	metres
3	kgs
4	litres
5	length
6	pack
1	each
\.


--
-- Data for Name: workcentres; Type: TABLE DATA; Schema: public; Owner: weberp_db_user
--

COPY workcentres (code, "location", description, capacity, overheadperhour, overheadrecoveryact, setuphrs) FROM stdin;
ASS	CPT	Assembly	1.0000	25.0000	240000	0.0000
\.


--
-- Data for Name: www_users; Type: TABLE DATA; Schema: public; Owner: weberp_db_user
--

COPY www_users (userid, "password", realname, customerid, phone, email, defaultlocation, fullaccess, lastvisitdate, branchcode, pagesize, modulesallowed, blocked, displayrecordsmax, theme, "language") FROM stdin;
phil	bf3d297ef7c3218f38d71de15d4fb11171e7209c	Phil Daintree				CPT	1	2006-12-14 09:59:15		A4	1,0,0,1,1,0,1,0,	0	50	fresh	en_GB
demo	f0f77a7f88e7c1e93ab4e316b4574c7843b00ea4	administrator				CPT	8	2007-01-02 20:44:20		A4	1,1,1,1,1,1,1,1,	0	50	fresh	en_GB
\.


--
-- Name: accountgroups_pkey; Type: CONSTRAINT; Schema: public; Owner: weberp_db_user; Tablespace: 
--

ALTER TABLE ONLY accountgroups
    ADD CONSTRAINT accountgroups_pkey PRIMARY KEY (groupname);


--
-- Name: accountsection_pkey; Type: CONSTRAINT; Schema: public; Owner: weberp_db_user; Tablespace: 
--

ALTER TABLE ONLY accountsection
    ADD CONSTRAINT accountsection_pkey PRIMARY KEY (sectionid);


--
-- Name: areas_pkey; Type: CONSTRAINT; Schema: public; Owner: weberp_db_user; Tablespace: 
--

ALTER TABLE ONLY areas
    ADD CONSTRAINT areas_pkey PRIMARY KEY (areacode);


--
-- Name: bankaccounts_pkey; Type: CONSTRAINT; Schema: public; Owner: weberp_db_user; Tablespace: 
--

ALTER TABLE ONLY bankaccounts
    ADD CONSTRAINT bankaccounts_pkey PRIMARY KEY (accountcode);


--
-- Name: banktrans_pkey; Type: CONSTRAINT; Schema: public; Owner: weberp_db_user; Tablespace: 
--

ALTER TABLE ONLY banktrans
    ADD CONSTRAINT banktrans_pkey PRIMARY KEY (banktransid);


--
-- Name: bom_pkey; Type: CONSTRAINT; Schema: public; Owner: weberp_db_user; Tablespace: 
--

ALTER TABLE ONLY bom
    ADD CONSTRAINT bom_pkey PRIMARY KEY (parent, component, workcentreadded, loccode);


--
-- Name: chartdetails_pkey; Type: CONSTRAINT; Schema: public; Owner: weberp_db_user; Tablespace: 
--

ALTER TABLE ONLY chartdetails
    ADD CONSTRAINT chartdetails_pkey PRIMARY KEY (accountcode, period);


--
-- Name: chartmaster_pkey; Type: CONSTRAINT; Schema: public; Owner: weberp_db_user; Tablespace: 
--

ALTER TABLE ONLY chartmaster
    ADD CONSTRAINT chartmaster_pkey PRIMARY KEY (accountcode);


--
-- Name: cogsglpostings_pkey; Type: CONSTRAINT; Schema: public; Owner: weberp_db_user; Tablespace: 
--

ALTER TABLE ONLY cogsglpostings
    ADD CONSTRAINT cogsglpostings_pkey PRIMARY KEY (id);


--
-- Name: companies_pkey; Type: CONSTRAINT; Schema: public; Owner: weberp_db_user; Tablespace: 
--

ALTER TABLE ONLY companies
    ADD CONSTRAINT companies_pkey PRIMARY KEY (coycode);


--
-- Name: config_pkey; Type: CONSTRAINT; Schema: public; Owner: weberp_db_user; Tablespace: 
--

ALTER TABLE ONLY config
    ADD CONSTRAINT config_pkey PRIMARY KEY (confname);


--
-- Name: contractbom_pkey; Type: CONSTRAINT; Schema: public; Owner: weberp_db_user; Tablespace: 
--

ALTER TABLE ONLY contractbom
    ADD CONSTRAINT contractbom_pkey PRIMARY KEY (contractref, component, workcentreadded, loccode);


--
-- Name: contractreqts_pkey; Type: CONSTRAINT; Schema: public; Owner: weberp_db_user; Tablespace: 
--

ALTER TABLE ONLY contractreqts
    ADD CONSTRAINT contractreqts_pkey PRIMARY KEY (contractreqid);


--
-- Name: contracts_pkey; Type: CONSTRAINT; Schema: public; Owner: weberp_db_user; Tablespace: 
--

ALTER TABLE ONLY contracts
    ADD CONSTRAINT contracts_pkey PRIMARY KEY (contractref);


--
-- Name: currencies_pkey; Type: CONSTRAINT; Schema: public; Owner: weberp_db_user; Tablespace: 
--

ALTER TABLE ONLY currencies
    ADD CONSTRAINT currencies_pkey PRIMARY KEY (currabrev);


--
-- Name: custallocns_pkey; Type: CONSTRAINT; Schema: public; Owner: weberp_db_user; Tablespace: 
--

ALTER TABLE ONLY custallocns
    ADD CONSTRAINT custallocns_pkey PRIMARY KEY (id);


--
-- Name: custbranch_pkey; Type: CONSTRAINT; Schema: public; Owner: weberp_db_user; Tablespace: 
--

ALTER TABLE ONLY custbranch
    ADD CONSTRAINT custbranch_pkey PRIMARY KEY (branchcode, debtorno);


--
-- Name: debtorsmaster_pkey; Type: CONSTRAINT; Schema: public; Owner: weberp_db_user; Tablespace: 
--

ALTER TABLE ONLY debtorsmaster
    ADD CONSTRAINT debtorsmaster_pkey PRIMARY KEY (debtorno);


--
-- Name: debtortrans_pkey; Type: CONSTRAINT; Schema: public; Owner: weberp_db_user; Tablespace: 
--

ALTER TABLE ONLY debtortrans
    ADD CONSTRAINT debtortrans_pkey PRIMARY KEY (id);


--
-- Name: debtortranstaxes_pkey; Type: CONSTRAINT; Schema: public; Owner: weberp_db_user; Tablespace: 
--

ALTER TABLE ONLY debtortranstaxes
    ADD CONSTRAINT debtortranstaxes_pkey PRIMARY KEY (debtortransid, taxauthid);


--
-- Name: discountmatrix_pkey; Type: CONSTRAINT; Schema: public; Owner: weberp_db_user; Tablespace: 
--

ALTER TABLE ONLY discountmatrix
    ADD CONSTRAINT discountmatrix_pkey PRIMARY KEY (salestype, discountcategory, quantitybreak);


--
-- Name: edi_orders_seg_groups_pkey; Type: CONSTRAINT; Schema: public; Owner: weberp_db_user; Tablespace: 
--

ALTER TABLE ONLY edi_orders_seg_groups
    ADD CONSTRAINT edi_orders_seg_groups_pkey PRIMARY KEY (seggroupno);


--
-- Name: edi_orders_segs_pkey; Type: CONSTRAINT; Schema: public; Owner: weberp_db_user; Tablespace: 
--

ALTER TABLE ONLY edi_orders_segs
    ADD CONSTRAINT edi_orders_segs_pkey PRIMARY KEY (id);


--
-- Name: ediitemmapping_pkey; Type: CONSTRAINT; Schema: public; Owner: weberp_db_user; Tablespace: 
--

ALTER TABLE ONLY ediitemmapping
    ADD CONSTRAINT ediitemmapping_pkey PRIMARY KEY (supporcust, partnercode, stockid);


--
-- Name: edimessageformat_pkey; Type: CONSTRAINT; Schema: public; Owner: weberp_db_user; Tablespace: 
--

ALTER TABLE ONLY edimessageformat
    ADD CONSTRAINT edimessageformat_pkey PRIMARY KEY (id);


--
-- Name: freightcosts_pkey; Type: CONSTRAINT; Schema: public; Owner: weberp_db_user; Tablespace: 
--

ALTER TABLE ONLY freightcosts
    ADD CONSTRAINT freightcosts_pkey PRIMARY KEY (shipcostfromid);


--
-- Name: gltrans_pkey; Type: CONSTRAINT; Schema: public; Owner: weberp_db_user; Tablespace: 
--

ALTER TABLE ONLY gltrans
    ADD CONSTRAINT gltrans_pkey PRIMARY KEY (counterindex);

ALTER TABLE gltrans CLUSTER ON gltrans_pkey;


--
-- Name: grns_pkey; Type: CONSTRAINT; Schema: public; Owner: weberp_db_user; Tablespace: 
--

ALTER TABLE ONLY grns
    ADD CONSTRAINT grns_pkey PRIMARY KEY (grnno);


--
-- Name: holdreasons_pkey; Type: CONSTRAINT; Schema: public; Owner: weberp_db_user; Tablespace: 
--

ALTER TABLE ONLY holdreasons
    ADD CONSTRAINT holdreasons_pkey PRIMARY KEY (reasoncode);


--
-- Name: locations_pkey; Type: CONSTRAINT; Schema: public; Owner: weberp_db_user; Tablespace: 
--

ALTER TABLE ONLY locations
    ADD CONSTRAINT locations_pkey PRIMARY KEY (loccode);


--
-- Name: locstock_pkey; Type: CONSTRAINT; Schema: public; Owner: weberp_db_user; Tablespace: 
--

ALTER TABLE ONLY locstock
    ADD CONSTRAINT locstock_pkey PRIMARY KEY (loccode, stockid);


--
-- Name: orderdeliverydifferenceslog_pkey; Type: CONSTRAINT; Schema: public; Owner: weberp_db_user; Tablespace: 
--

ALTER TABLE ONLY orderdeliverydifferenceslog
    ADD CONSTRAINT orderdeliverydifferenceslog_pkey PRIMARY KEY (orderno, invoiceno, stockid);


--
-- Name: paymentmethods_pkey; Type: CONSTRAINT; Schema: public; Owner: weberp_db_user; Tablespace: 
--

ALTER TABLE ONLY paymentmethods
    ADD CONSTRAINT paymentmethods_pkey PRIMARY KEY (paymentname);


--
-- Name: paymentterms_pkey; Type: CONSTRAINT; Schema: public; Owner: weberp_db_user; Tablespace: 
--

ALTER TABLE ONLY paymentterms
    ADD CONSTRAINT paymentterms_pkey PRIMARY KEY (termsindicator);


--
-- Name: periods_pkey; Type: CONSTRAINT; Schema: public; Owner: weberp_db_user; Tablespace: 
--

ALTER TABLE ONLY periods
    ADD CONSTRAINT periods_pkey PRIMARY KEY (periodno);


--
-- Name: prices_pkey; Type: CONSTRAINT; Schema: public; Owner: weberp_db_user; Tablespace: 
--

ALTER TABLE ONLY prices
    ADD CONSTRAINT prices_pkey PRIMARY KEY (stockid, typeabbrev, currabrev, debtorno);


--
-- Name: purchdata_pkey; Type: CONSTRAINT; Schema: public; Owner: weberp_db_user; Tablespace: 
--

ALTER TABLE ONLY purchdata
    ADD CONSTRAINT purchdata_pkey PRIMARY KEY (supplierno, stockid);


--
-- Name: purchorderdetails_pkey; Type: CONSTRAINT; Schema: public; Owner: weberp_db_user; Tablespace: 
--

ALTER TABLE ONLY purchorderdetails
    ADD CONSTRAINT purchorderdetails_pkey PRIMARY KEY (podetailitem);


--
-- Name: purchorders_pkey; Type: CONSTRAINT; Schema: public; Owner: weberp_db_user; Tablespace: 
--

ALTER TABLE ONLY purchorders
    ADD CONSTRAINT purchorders_pkey PRIMARY KEY (orderno);


--
-- Name: recurringsalesorders_pkey; Type: CONSTRAINT; Schema: public; Owner: weberp_db_user; Tablespace: 
--

ALTER TABLE ONLY recurringsalesorders
    ADD CONSTRAINT recurringsalesorders_pkey PRIMARY KEY (recurrorderno);


--
-- Name: recurrsalesorderdetails_pkey; Type: CONSTRAINT; Schema: public; Owner: weberp_db_user; Tablespace: 
--

ALTER TABLE ONLY recurrsalesorderdetails
    ADD CONSTRAINT recurrsalesorderdetails_pkey PRIMARY KEY (recurrorderno, stkcode);


--
-- Name: reportcolumns_pkey; Type: CONSTRAINT; Schema: public; Owner: weberp_db_user; Tablespace: 
--

ALTER TABLE ONLY reportcolumns
    ADD CONSTRAINT reportcolumns_pkey PRIMARY KEY (reportid, colno);


--
-- Name: reportfields_pkey; Type: CONSTRAINT; Schema: public; Owner: weberp_db_user; Tablespace: 
--

ALTER TABLE ONLY reportfields
    ADD CONSTRAINT reportfields_pkey PRIMARY KEY (id);


--
-- Name: reportheaders_pkey; Type: CONSTRAINT; Schema: public; Owner: weberp_db_user; Tablespace: 
--

ALTER TABLE ONLY reportheaders
    ADD CONSTRAINT reportheaders_pkey PRIMARY KEY (reportid);


--
-- Name: reports_pkey; Type: CONSTRAINT; Schema: public; Owner: weberp_db_user; Tablespace: 
--

ALTER TABLE ONLY reports
    ADD CONSTRAINT reports_pkey PRIMARY KEY (id);


--
-- Name: reports_reportname_key; Type: CONSTRAINT; Schema: public; Owner: weberp_db_user; Tablespace: 
--

ALTER TABLE ONLY reports
    ADD CONSTRAINT reports_reportname_key UNIQUE (reportname, groupname);


--
-- Name: salesanalysis_pkey; Type: CONSTRAINT; Schema: public; Owner: weberp_db_user; Tablespace: 
--

ALTER TABLE ONLY salesanalysis
    ADD CONSTRAINT salesanalysis_pkey PRIMARY KEY (id);


--
-- Name: salescat_pkey; Type: CONSTRAINT; Schema: public; Owner: weberp_db_user; Tablespace: 
--

ALTER TABLE ONLY salescat
    ADD CONSTRAINT salescat_pkey PRIMARY KEY (salescatid);


--
-- Name: salesglpostings_pkey; Type: CONSTRAINT; Schema: public; Owner: weberp_db_user; Tablespace: 
--

ALTER TABLE ONLY salesglpostings
    ADD CONSTRAINT salesglpostings_pkey PRIMARY KEY (id);


--
-- Name: salesman_pkey; Type: CONSTRAINT; Schema: public; Owner: weberp_db_user; Tablespace: 
--

ALTER TABLE ONLY salesman
    ADD CONSTRAINT salesman_pkey PRIMARY KEY (salesmancode);


--
-- Name: salesorderdetails_pkey; Type: CONSTRAINT; Schema: public; Owner: weberp_db_user; Tablespace: 
--

ALTER TABLE ONLY salesorderdetails
    ADD CONSTRAINT salesorderdetails_pkey PRIMARY KEY (orderno, stkcode);


--
-- Name: salesorders_pkey; Type: CONSTRAINT; Schema: public; Owner: weberp_db_user; Tablespace: 
--

ALTER TABLE ONLY salesorders
    ADD CONSTRAINT salesorders_pkey PRIMARY KEY (orderno);


--
-- Name: salestypes_pkey; Type: CONSTRAINT; Schema: public; Owner: weberp_db_user; Tablespace: 
--

ALTER TABLE ONLY salestypes
    ADD CONSTRAINT salestypes_pkey PRIMARY KEY (typeabbrev);


--
-- Name: securitygroups_pkey; Type: CONSTRAINT; Schema: public; Owner: weberp_db_user; Tablespace: 
--

ALTER TABLE ONLY securitygroups
    ADD CONSTRAINT securitygroups_pkey PRIMARY KEY (secroleid, tokenid);


--
-- Name: securityheadings_pkey; Type: CONSTRAINT; Schema: public; Owner: weberp_db_user; Tablespace: 
--

ALTER TABLE ONLY securityroles
    ADD CONSTRAINT securityheadings_pkey PRIMARY KEY (secroleid);


--
-- Name: securitytokens_pkey; Type: CONSTRAINT; Schema: public; Owner: weberp_db_user; Tablespace: 
--

ALTER TABLE ONLY securitytokens
    ADD CONSTRAINT securitytokens_pkey PRIMARY KEY (tokenid);


--
-- Name: shipmentcharges_pkey; Type: CONSTRAINT; Schema: public; Owner: weberp_db_user; Tablespace: 
--

ALTER TABLE ONLY shipmentcharges
    ADD CONSTRAINT shipmentcharges_pkey PRIMARY KEY (shiptchgid);


--
-- Name: shipments_pkey; Type: CONSTRAINT; Schema: public; Owner: weberp_db_user; Tablespace: 
--

ALTER TABLE ONLY shipments
    ADD CONSTRAINT shipments_pkey PRIMARY KEY (shiptref);


--
-- Name: shippers_pkey; Type: CONSTRAINT; Schema: public; Owner: weberp_db_user; Tablespace: 
--

ALTER TABLE ONLY shippers
    ADD CONSTRAINT shippers_pkey PRIMARY KEY (shipper_id);


--
-- Name: stockcategory_pkey; Type: CONSTRAINT; Schema: public; Owner: weberp_db_user; Tablespace: 
--

ALTER TABLE ONLY stockcategory
    ADD CONSTRAINT stockcategory_pkey PRIMARY KEY (categoryid);


--
-- Name: stockcheckfreeze_pkey; Type: CONSTRAINT; Schema: public; Owner: weberp_db_user; Tablespace: 
--

ALTER TABLE ONLY stockcheckfreeze
    ADD CONSTRAINT stockcheckfreeze_pkey PRIMARY KEY (stockid);


--
-- Name: stockcounts_pkey; Type: CONSTRAINT; Schema: public; Owner: weberp_db_user; Tablespace: 
--

ALTER TABLE ONLY stockcounts
    ADD CONSTRAINT stockcounts_pkey PRIMARY KEY (id);


--
-- Name: stockmaster_pkey; Type: CONSTRAINT; Schema: public; Owner: weberp_db_user; Tablespace: 
--

ALTER TABLE ONLY stockmaster
    ADD CONSTRAINT stockmaster_pkey PRIMARY KEY (stockid);


--
-- Name: stockmoves_pkey; Type: CONSTRAINT; Schema: public; Owner: weberp_db_user; Tablespace: 
--

ALTER TABLE ONLY stockmoves
    ADD CONSTRAINT stockmoves_pkey PRIMARY KEY (stkmoveno);


--
-- Name: stockmovestaxes_pkey; Type: CONSTRAINT; Schema: public; Owner: weberp_db_user; Tablespace: 
--

ALTER TABLE ONLY stockmovestaxes
    ADD CONSTRAINT stockmovestaxes_pkey PRIMARY KEY (stkmoveno, taxauthid);


--
-- Name: stockserialitems_pkey; Type: CONSTRAINT; Schema: public; Owner: weberp_db_user; Tablespace: 
--

ALTER TABLE ONLY stockserialitems
    ADD CONSTRAINT stockserialitems_pkey PRIMARY KEY (stockid, serialno, loccode);


--
-- Name: stockserialmoves_pkey; Type: CONSTRAINT; Schema: public; Owner: weberp_db_user; Tablespace: 
--

ALTER TABLE ONLY stockserialmoves
    ADD CONSTRAINT stockserialmoves_pkey PRIMARY KEY (stkitmmoveno);


--
-- Name: suppallocs_pkey; Type: CONSTRAINT; Schema: public; Owner: weberp_db_user; Tablespace: 
--

ALTER TABLE ONLY suppallocs
    ADD CONSTRAINT suppallocs_pkey PRIMARY KEY (id);


--
-- Name: suppliercontacts_pkey; Type: CONSTRAINT; Schema: public; Owner: weberp_db_user; Tablespace: 
--

ALTER TABLE ONLY suppliercontacts
    ADD CONSTRAINT suppliercontacts_pkey PRIMARY KEY (supplierid, contact);


--
-- Name: suppliers_pkey; Type: CONSTRAINT; Schema: public; Owner: weberp_db_user; Tablespace: 
--

ALTER TABLE ONLY suppliers
    ADD CONSTRAINT suppliers_pkey PRIMARY KEY (supplierid);


--
-- Name: supptrans_pkey; Type: CONSTRAINT; Schema: public; Owner: weberp_db_user; Tablespace: 
--

ALTER TABLE ONLY supptrans
    ADD CONSTRAINT supptrans_pkey PRIMARY KEY (id);


--
-- Name: supptranstaxes_pkey; Type: CONSTRAINT; Schema: public; Owner: weberp_db_user; Tablespace: 
--

ALTER TABLE ONLY supptranstaxes
    ADD CONSTRAINT supptranstaxes_pkey PRIMARY KEY (supptransid, taxauthid);


--
-- Name: systypes_pkey; Type: CONSTRAINT; Schema: public; Owner: weberp_db_user; Tablespace: 
--

ALTER TABLE ONLY systypes
    ADD CONSTRAINT systypes_pkey PRIMARY KEY (typeid);


--
-- Name: taxauthlevels_pkey; Type: CONSTRAINT; Schema: public; Owner: weberp_db_user; Tablespace: 
--

ALTER TABLE ONLY taxauthrates
    ADD CONSTRAINT taxauthlevels_pkey PRIMARY KEY (taxauthority, dispatchtaxprovince, taxcatid);


--
-- Name: taxauthorities_pkey; Type: CONSTRAINT; Schema: public; Owner: weberp_db_user; Tablespace: 
--

ALTER TABLE ONLY taxauthorities
    ADD CONSTRAINT taxauthorities_pkey PRIMARY KEY (taxid);


--
-- Name: taxcategories_pkey; Type: CONSTRAINT; Schema: public; Owner: weberp_db_user; Tablespace: 
--

ALTER TABLE ONLY taxcategories
    ADD CONSTRAINT taxcategories_pkey PRIMARY KEY (taxcatid);


--
-- Name: taxgroups_pkey; Type: CONSTRAINT; Schema: public; Owner: weberp_db_user; Tablespace: 
--

ALTER TABLE ONLY taxgroups
    ADD CONSTRAINT taxgroups_pkey PRIMARY KEY (taxgroupid);


--
-- Name: taxgrouptaxes_pkey; Type: CONSTRAINT; Schema: public; Owner: weberp_db_user; Tablespace: 
--

ALTER TABLE ONLY taxgrouptaxes
    ADD CONSTRAINT taxgrouptaxes_pkey PRIMARY KEY (taxgroupid, taxauthid);


--
-- Name: taxprovinces_pkey; Type: CONSTRAINT; Schema: public; Owner: weberp_db_user; Tablespace: 
--

ALTER TABLE ONLY taxprovinces
    ADD CONSTRAINT taxprovinces_pkey PRIMARY KEY (taxprovinceid);


--
-- Name: unitsofmeasure_pkey; Type: CONSTRAINT; Schema: public; Owner: weberp_db_user; Tablespace: 
--

ALTER TABLE ONLY unitsofmeasure
    ADD CONSTRAINT unitsofmeasure_pkey PRIMARY KEY (unitname);


--
-- Name: workcentres_pkey; Type: CONSTRAINT; Schema: public; Owner: weberp_db_user; Tablespace: 
--

ALTER TABLE ONLY workcentres
    ADD CONSTRAINT workcentres_pkey PRIMARY KEY (code);


--
-- Name: www_users_pkey; Type: CONSTRAINT; Schema: public; Owner: weberp_db_user; Tablespace: 
--

ALTER TABLE ONLY www_users
    ADD CONSTRAINT www_users_pkey PRIMARY KEY (userid);


--
-- Name: cb_taxgroupid; Type: INDEX; Schema: public; Owner: weberp_db_user; Tablespace: 
--

CREATE INDEX cb_taxgroupid ON custbranch USING btree (taxgroupid);


--
-- Name: idxaccount; Type: INDEX; Schema: public; Owner: weberp_db_user; Tablespace: 
--

CREATE INDEX idxaccount ON gltrans USING btree (account);


--
-- Name: idxaccountcode; Type: INDEX; Schema: public; Owner: weberp_db_user; Tablespace: 
--

CREATE INDEX idxaccountcode ON chartmaster USING btree (accountcode);


--
-- Name: idxaccountname; Type: INDEX; Schema: public; Owner: weberp_db_user; Tablespace: 
--

CREATE INDEX idxaccountname ON chartmaster USING btree (accountname);


--
-- Name: idxallowprintpo; Type: INDEX; Schema: public; Owner: weberp_db_user; Tablespace: 
--

CREATE INDEX idxallowprintpo ON purchorders USING btree (allowprint);


--
-- Name: idxbankaccountname; Type: INDEX; Schema: public; Owner: weberp_db_user; Tablespace: 
--

CREATE INDEX idxbankaccountname ON bankaccounts USING btree (bankaccountname);


--
-- Name: idxbankaccountnumber; Type: INDEX; Schema: public; Owner: weberp_db_user; Tablespace: 
--

CREATE INDEX idxbankaccountnumber ON bankaccounts USING btree (bankaccountnumber);


--
-- Name: idxbankact; Type: INDEX; Schema: public; Owner: weberp_db_user; Tablespace: 
--

CREATE INDEX idxbankact ON banktrans USING btree (bankact, ref);


--
-- Name: idxbomcomponent; Type: INDEX; Schema: public; Owner: weberp_db_user; Tablespace: 
--

CREATE INDEX idxbomcomponent ON bom USING btree (component);


--
-- Name: idxbomloccode; Type: INDEX; Schema: public; Owner: weberp_db_user; Tablespace: 
--

CREATE INDEX idxbomloccode ON bom USING btree (loccode);


--
-- Name: idxbomworkcentreadded; Type: INDEX; Schema: public; Owner: weberp_db_user; Tablespace: 
--

CREATE INDEX idxbomworkcentreadded ON bom USING btree (workcentreadded);


--
-- Name: idxbrname; Type: INDEX; Schema: public; Owner: weberp_db_user; Tablespace: 
--

CREATE INDEX idxbrname ON custbranch USING btree (brname);


--
-- Name: idxbtcurrcode; Type: INDEX; Schema: public; Owner: weberp_db_user; Tablespace: 
--

CREATE INDEX idxbtcurrcode ON banktrans USING btree (currcode);


--
-- Name: idxbttranstype; Type: INDEX; Schema: public; Owner: weberp_db_user; Tablespace: 
--

CREATE INDEX idxbttranstype ON banktrans USING btree (banktranstype);


--
-- Name: idxbttype; Type: INDEX; Schema: public; Owner: weberp_db_user; Tablespace: 
--

CREATE INDEX idxbttype ON banktrans USING btree ("type", transno);


--
-- Name: idxbudgetoractual; Type: INDEX; Schema: public; Owner: weberp_db_user; Tablespace: 
--

CREATE INDEX idxbudgetoractual ON salesanalysis USING btree (budgetoractual);


--
-- Name: idxcadatealloc; Type: INDEX; Schema: public; Owner: weberp_db_user; Tablespace: 
--

CREATE INDEX idxcadatealloc ON custallocns USING btree (datealloc);


--
-- Name: idxcan_or_bo; Type: INDEX; Schema: public; Owner: weberp_db_user; Tablespace: 
--

CREATE INDEX idxcan_or_bo ON orderdeliverydifferenceslog USING btree (can_or_bo);


--
-- Name: idxcategorydescription; Type: INDEX; Schema: public; Owner: weberp_db_user; Tablespace: 
--

CREATE INDEX idxcategorydescription ON stockcategory USING btree (categorydescription);


--
-- Name: idxcatransid_allocfrom; Type: INDEX; Schema: public; Owner: weberp_db_user; Tablespace: 
--

CREATE INDEX idxcatransid_allocfrom ON custallocns USING btree (transid_allocfrom);


--
-- Name: idxcatransid_allocto; Type: INDEX; Schema: public; Owner: weberp_db_user; Tablespace: 
--

CREATE INDEX idxcatransid_allocto ON custallocns USING btree (transid_allocto);


--
-- Name: idxcbarea; Type: INDEX; Schema: public; Owner: weberp_db_user; Tablespace: 
--

CREATE INDEX idxcbarea ON custbranch USING btree (area);


--
-- Name: idxcbbranchcode; Type: INDEX; Schema: public; Owner: weberp_db_user; Tablespace: 
--

CREATE INDEX idxcbbranchcode ON custbranch USING btree (branchcode);


--
-- Name: idxcbcomponent; Type: INDEX; Schema: public; Owner: weberp_db_user; Tablespace: 
--

CREATE INDEX idxcbcomponent ON contractbom USING btree (component);


--
-- Name: idxcbdebtorno; Type: INDEX; Schema: public; Owner: weberp_db_user; Tablespace: 
--

CREATE INDEX idxcbdebtorno ON custbranch USING btree (debtorno);


--
-- Name: idxcbdefaultlocation; Type: INDEX; Schema: public; Owner: weberp_db_user; Tablespace: 
--

CREATE INDEX idxcbdefaultlocation ON custbranch USING btree (defaultlocation);


--
-- Name: idxcbloccode; Type: INDEX; Schema: public; Owner: weberp_db_user; Tablespace: 
--

CREATE INDEX idxcbloccode ON contractbom USING btree (loccode);


--
-- Name: idxcbworkcentreadded; Type: INDEX; Schema: public; Owner: weberp_db_user; Tablespace: 
--

CREATE INDEX idxcbworkcentreadded ON contractbom USING btree (workcentreadded);


--
-- Name: idxcbworkcentreadded_2; Type: INDEX; Schema: public; Owner: weberp_db_user; Tablespace: 
--

CREATE INDEX idxcbworkcentreadded_2 ON contractbom USING btree (workcentreadded);


--
-- Name: idxccategoryid; Type: INDEX; Schema: public; Owner: weberp_db_user; Tablespace: 
--

CREATE INDEX idxccategoryid ON contracts USING btree (categoryid);


--
-- Name: idxcdebtorno; Type: INDEX; Schema: public; Owner: weberp_db_user; Tablespace: 
--

CREATE INDEX idxcdebtorno ON contracts USING btree (debtorno, branchcode);


--
-- Name: idxchequeno; Type: INDEX; Schema: public; Owner: weberp_db_user; Tablespace: 
--

CREATE INDEX idxchequeno ON gltrans USING btree (chequeno);


--
-- Name: idxcontact; Type: INDEX; Schema: public; Owner: weberp_db_user; Tablespace: 
--

CREATE INDEX idxcontact ON suppliercontacts USING btree (contact);


--
-- Name: idxcontract; Type: INDEX; Schema: public; Owner: weberp_db_user; Tablespace: 
--

CREATE INDEX idxcontract ON contractreqts USING btree (contract);


--
-- Name: idxcontractref; Type: INDEX; Schema: public; Owner: weberp_db_user; Tablespace: 
--

CREATE INDEX idxcontractref ON contractbom USING btree (contractref);


--
-- Name: idxcontrolled; Type: INDEX; Schema: public; Owner: weberp_db_user; Tablespace: 
--

CREATE INDEX idxcontrolled ON stockmaster USING btree (controlled);


--
-- Name: idxcorderno; Type: INDEX; Schema: public; Owner: weberp_db_user; Tablespace: 
--

CREATE INDEX idxcorderno ON contracts USING btree (orderno);


--
-- Name: idxcountry; Type: INDEX; Schema: public; Owner: weberp_db_user; Tablespace: 
--

CREATE INDEX idxcountry ON currencies USING btree (country);


--
-- Name: idxcparea; Type: INDEX; Schema: public; Owner: weberp_db_user; Tablespace: 
--

CREATE INDEX idxcparea ON cogsglpostings USING btree (area);


--
-- Name: idxcpglcode; Type: INDEX; Schema: public; Owner: weberp_db_user; Tablespace: 
--

CREATE INDEX idxcpglcode ON cogsglpostings USING btree (glcode);


--
-- Name: idxcpsalestype; Type: INDEX; Schema: public; Owner: weberp_db_user; Tablespace: 
--

CREATE INDEX idxcpsalestype ON cogsglpostings USING btree (salestype);


--
-- Name: idxcpstkcat; Type: INDEX; Schema: public; Owner: weberp_db_user; Tablespace: 
--

CREATE INDEX idxcpstkcat ON cogsglpostings USING btree (stkcat);


--
-- Name: idxctypeabbrev; Type: INDEX; Schema: public; Owner: weberp_db_user; Tablespace: 
--

CREATE INDEX idxctypeabbrev ON contracts USING btree (typeabbrev);


--
-- Name: idxcurrabrev; Type: INDEX; Schema: public; Owner: weberp_db_user; Tablespace: 
--

CREATE INDEX idxcurrabrev ON prices USING btree (currabrev);


--
-- Name: idxcurrency; Type: INDEX; Schema: public; Owner: weberp_db_user; Tablespace: 
--

CREATE INDEX idxcurrency ON debtorsmaster USING btree (currcode);


--
-- Name: idxcust; Type: INDEX; Schema: public; Owner: weberp_db_user; Tablespace: 
--

CREATE INDEX idxcust ON salesanalysis USING btree (cust);


--
-- Name: idxcustbranch; Type: INDEX; Schema: public; Owner: weberp_db_user; Tablespace: 
--

CREATE INDEX idxcustbranch ON salesanalysis USING btree (custbranch);


--
-- Name: idxcustomerid; Type: INDEX; Schema: public; Owner: weberp_db_user; Tablespace: 
--

CREATE INDEX idxcustomerid ON www_users USING btree (customerid);


--
-- Name: idxcworef; Type: INDEX; Schema: public; Owner: weberp_db_user; Tablespace: 
--

CREATE INDEX idxcworef ON contracts USING btree (woref);


--
-- Name: idxdayinfollowingmonth; Type: INDEX; Schema: public; Owner: weberp_db_user; Tablespace: 
--

CREATE INDEX idxdayinfollowingmonth ON paymentterms USING btree (dayinfollowingmonth);


--
-- Name: idxdaysbeforedue; Type: INDEX; Schema: public; Owner: weberp_db_user; Tablespace: 
--

CREATE INDEX idxdaysbeforedue ON paymentterms USING btree (daysbeforedue);


--
-- Name: idxdebmsalestype; Type: INDEX; Schema: public; Owner: weberp_db_user; Tablespace: 
--

CREATE INDEX idxdebmsalestype ON debtorsmaster USING btree (salestype);


--
-- Name: idxdefaultshipvia; Type: INDEX; Schema: public; Owner: weberp_db_user; Tablespace: 
--

CREATE INDEX idxdefaultshipvia ON custbranch USING btree (defaultshipvia);


--
-- Name: idxdestination; Type: INDEX; Schema: public; Owner: weberp_db_user; Tablespace: 
--

CREATE INDEX idxdestination ON freightcosts USING btree (destination);


--
-- Name: idxdestination_2; Type: INDEX; Schema: public; Owner: weberp_db_user; Tablespace: 
--

CREATE INDEX idxdestination_2 ON freightcosts USING btree (destination, locationfrom, shipperid);


--
-- Name: idxdismsalestype; Type: INDEX; Schema: public; Owner: weberp_db_user; Tablespace: 
--

CREATE INDEX idxdismsalestype ON discountmatrix USING btree (salestype);


--
-- Name: idxdispatchtaxauthority; Type: INDEX; Schema: public; Owner: weberp_db_user; Tablespace: 
--

CREATE INDEX idxdispatchtaxauthority ON taxauthrates USING btree (dispatchtaxprovince);


--
-- Name: idxdmdiscountcategory; Type: INDEX; Schema: public; Owner: weberp_db_user; Tablespace: 
--

CREATE INDEX idxdmdiscountcategory ON discountmatrix USING btree (discountcategory);


--
-- Name: idxdmpaymentterms; Type: INDEX; Schema: public; Owner: weberp_db_user; Tablespace: 
--

CREATE INDEX idxdmpaymentterms ON debtorsmaster USING btree (paymentterms);


--
-- Name: idxdtdebtorno; Type: INDEX; Schema: public; Owner: weberp_db_user; Tablespace: 
--

CREATE INDEX idxdtdebtorno ON debtortrans USING btree (debtorno, branchcode);


--
-- Name: idxdtprd; Type: INDEX; Schema: public; Owner: weberp_db_user; Tablespace: 
--

CREATE INDEX idxdtprd ON debtortrans USING btree (prd);


--
-- Name: idxdtsettled; Type: INDEX; Schema: public; Owner: weberp_db_user; Tablespace: 
--

CREATE INDEX idxdtsettled ON debtortrans USING btree (settled);


--
-- Name: idxdttrandate; Type: INDEX; Schema: public; Owner: weberp_db_user; Tablespace: 
--

CREATE INDEX idxdttrandate ON debtortrans USING btree (trandate);


--
-- Name: idxdttransno; Type: INDEX; Schema: public; Owner: weberp_db_user; Tablespace: 
--

CREATE INDEX idxdttransno ON debtortrans USING btree (transno);


--
-- Name: idxdttype; Type: INDEX; Schema: public; Owner: weberp_db_user; Tablespace: 
--

CREATE INDEX idxdttype ON debtortrans USING btree ("type");


--
-- Name: idxdttype_2; Type: INDEX; Schema: public; Owner: weberp_db_user; Tablespace: 
--

CREATE INDEX idxdttype_2 ON debtortrans USING btree ("type", transno);


--
-- Name: idxduedate; Type: INDEX; Schema: public; Owner: weberp_db_user; Tablespace: 
--

CREATE INDEX idxduedate ON supptrans USING btree (duedate);


--
-- Name: idxediinvoices; Type: INDEX; Schema: public; Owner: weberp_db_user; Tablespace: 
--

CREATE INDEX idxediinvoices ON debtorsmaster USING btree (ediinvoices);


--
-- Name: idxediorders; Type: INDEX; Schema: public; Owner: weberp_db_user; Tablespace: 
--

CREATE INDEX idxediorders ON debtorsmaster USING btree (ediorders);


--
-- Name: idxedisent; Type: INDEX; Schema: public; Owner: weberp_db_user; Tablespace: 
--

CREATE INDEX idxedisent ON debtortrans USING btree (edisent);


--
-- Name: idxeffectiveafter; Type: INDEX; Schema: public; Owner: weberp_db_user; Tablespace: 
--

CREATE INDEX idxeffectiveafter ON bom USING btree (effectiveafter);


--
-- Name: idxeffectiveto; Type: INDEX; Schema: public; Owner: weberp_db_user; Tablespace: 
--

CREATE INDEX idxeffectiveto ON bom USING btree (effectiveto);


--
-- Name: idxeimstockid; Type: INDEX; Schema: public; Owner: weberp_db_user; Tablespace: 
--

CREATE INDEX idxeimstockid ON ediitemmapping USING btree (stockid);


--
-- Name: idxeta; Type: INDEX; Schema: public; Owner: weberp_db_user; Tablespace: 
--

CREATE INDEX idxeta ON shipments USING btree (eta);


--
-- Name: idxgrndeliverydate; Type: INDEX; Schema: public; Owner: weberp_db_user; Tablespace: 
--

CREATE INDEX idxgrndeliverydate ON grns USING btree (deliverydate);


--
-- Name: idxgrnitemcode; Type: INDEX; Schema: public; Owner: weberp_db_user; Tablespace: 
--

CREATE INDEX idxgrnitemcode ON grns USING btree (itemcode);


--
-- Name: idxgrnsupplierid; Type: INDEX; Schema: public; Owner: weberp_db_user; Tablespace: 
--

CREATE INDEX idxgrnsupplierid ON grns USING btree (supplierid);


--
-- Name: idxgroup_; Type: INDEX; Schema: public; Owner: weberp_db_user; Tablespace: 
--

CREATE INDEX idxgroup_ ON chartmaster USING btree (group_);


--
-- Name: idxgtjobref; Type: INDEX; Schema: public; Owner: weberp_db_user; Tablespace: 
--

CREATE INDEX idxgtjobref ON gltrans USING btree (jobref);


--
-- Name: idxgtperiodno; Type: INDEX; Schema: public; Owner: weberp_db_user; Tablespace: 
--

CREATE INDEX idxgtperiodno ON gltrans USING btree (periodno);


--
-- Name: idxgttrandate; Type: INDEX; Schema: public; Owner: weberp_db_user; Tablespace: 
--

CREATE INDEX idxgttrandate ON gltrans USING btree (trandate);


--
-- Name: idxgttypeno; Type: INDEX; Schema: public; Owner: weberp_db_user; Tablespace: 
--

CREATE INDEX idxgttypeno ON gltrans USING btree (typeno);


--
-- Name: idxhide; Type: INDEX; Schema: public; Owner: weberp_db_user; Tablespace: 
--

CREATE INDEX idxhide ON stockmoves USING btree (hidemovt);


--
-- Name: idxhold; Type: INDEX; Schema: public; Owner: weberp_db_user; Tablespace: 
--

CREATE INDEX idxhold ON supptrans USING btree ("hold");


--
-- Name: idxholdreason; Type: INDEX; Schema: public; Owner: weberp_db_user; Tablespace: 
--

CREATE INDEX idxholdreason ON debtorsmaster USING btree (holdreason);


--
-- Name: idxintostocklocation; Type: INDEX; Schema: public; Owner: weberp_db_user; Tablespace: 
--

CREATE INDEX idxintostocklocation ON purchorders USING btree (intostocklocation);


--
-- Name: idxlastcurcostdate; Type: INDEX; Schema: public; Owner: weberp_db_user; Tablespace: 
--

CREATE INDEX idxlastcurcostdate ON stockmaster USING btree (lastcurcostdate);


--
-- Name: idxlastdate_in_period; Type: INDEX; Schema: public; Owner: weberp_db_user; Tablespace: 
--

CREATE INDEX idxlastdate_in_period ON periods USING btree (lastdate_in_period);


--
-- Name: idxlocation; Type: INDEX; Schema: public; Owner: weberp_db_user; Tablespace: 
--

CREATE INDEX idxlocation ON workcentres USING btree ("location");


--
-- Name: idxlocationfrom; Type: INDEX; Schema: public; Owner: weberp_db_user; Tablespace: 
--

CREATE INDEX idxlocationfrom ON freightcosts USING btree (locationfrom);


--
-- Name: idxlocationindex; Type: INDEX; Schema: public; Owner: weberp_db_user; Tablespace: 
--

CREATE INDEX idxlocationindex ON salesorders USING btree (fromstkloc);


--
-- Name: idxlsstockid; Type: INDEX; Schema: public; Owner: weberp_db_user; Tablespace: 
--

CREATE INDEX idxlsstockid ON locstock USING btree (stockid);


--
-- Name: idxltstockid; Type: INDEX; Schema: public; Owner: weberp_db_user; Tablespace: 
--

CREATE INDEX idxltstockid ON loctransfers USING btree (stockid);


--
-- Name: idxmbflag; Type: INDEX; Schema: public; Owner: weberp_db_user; Tablespace: 
--

CREATE INDEX idxmbflag ON stockmaster USING btree (mbflag);


--
-- Name: idxname; Type: INDEX; Schema: public; Owner: weberp_db_user; Tablespace: 
--

CREATE INDEX idxname ON debtorsmaster USING btree (name);


--
-- Name: idxodddebtorno; Type: INDEX; Schema: public; Owner: weberp_db_user; Tablespace: 
--

CREATE INDEX idxodddebtorno ON orderdeliverydifferenceslog USING btree (debtorno, branch);


--
-- Name: idxoddlorderno; Type: INDEX; Schema: public; Owner: weberp_db_user; Tablespace: 
--

CREATE INDEX idxoddlorderno ON orderdeliverydifferenceslog USING btree (orderno);


--
-- Name: idxoddlstockid; Type: INDEX; Schema: public; Owner: weberp_db_user; Tablespace: 
--

CREATE INDEX idxoddlstockid ON orderdeliverydifferenceslog USING btree (stockid);


--
-- Name: idxorder_; Type: INDEX; Schema: public; Owner: weberp_db_user; Tablespace: 
--

CREATE INDEX idxorder_ ON debtortrans USING btree (order_);


--
-- Name: idxordertype; Type: INDEX; Schema: public; Owner: weberp_db_user; Tablespace: 
--

CREATE INDEX idxordertype ON salesorders USING btree (ordertype);


--
-- Name: idxparent; Type: INDEX; Schema: public; Owner: weberp_db_user; Tablespace: 
--

CREATE INDEX idxparent ON bom USING btree (parent, effectiveafter, effectiveto, loccode);


--
-- Name: idxparent_2; Type: INDEX; Schema: public; Owner: weberp_db_user; Tablespace: 
--

CREATE INDEX idxparent_2 ON bom USING btree (parent);


--
-- Name: idxpartnercode; Type: INDEX; Schema: public; Owner: weberp_db_user; Tablespace: 
--

CREATE INDEX idxpartnercode ON ediitemmapping USING btree (partnercode);


--
-- Name: idxpartnerstockid; Type: INDEX; Schema: public; Owner: weberp_db_user; Tablespace: 
--

CREATE INDEX idxpartnerstockid ON ediitemmapping USING btree (partnerstockid);


--
-- Name: idxpdebtorno; Type: INDEX; Schema: public; Owner: weberp_db_user; Tablespace: 
--

CREATE INDEX idxpdebtorno ON prices USING btree (debtorno);


--
-- Name: idxpdstockid; Type: INDEX; Schema: public; Owner: weberp_db_user; Tablespace: 
--

CREATE INDEX idxpdstockid ON purchdata USING btree (stockid);


--
-- Name: idxpdsupplierno; Type: INDEX; Schema: public; Owner: weberp_db_user; Tablespace: 
--

CREATE INDEX idxpdsupplierno ON purchdata USING btree (supplierno);


--
-- Name: idxperiod; Type: INDEX; Schema: public; Owner: weberp_db_user; Tablespace: 
--

CREATE INDEX idxperiod ON chartdetails USING btree (period);


--
-- Name: idxpodcompleted; Type: INDEX; Schema: public; Owner: weberp_db_user; Tablespace: 
--

CREATE INDEX idxpodcompleted ON purchorderdetails USING btree (completed);


--
-- Name: idxpoddeliverydate; Type: INDEX; Schema: public; Owner: weberp_db_user; Tablespace: 
--

CREATE INDEX idxpoddeliverydate ON purchorderdetails USING btree (deliverydate);


--
-- Name: idxpodetailitem; Type: INDEX; Schema: public; Owner: weberp_db_user; Tablespace: 
--

CREATE INDEX idxpodetailitem ON grns USING btree (podetailitem);


--
-- Name: idxpodglcode; Type: INDEX; Schema: public; Owner: weberp_db_user; Tablespace: 
--

CREATE INDEX idxpodglcode ON purchorderdetails USING btree (glcode);


--
-- Name: idxpoditemcode; Type: INDEX; Schema: public; Owner: weberp_db_user; Tablespace: 
--

CREATE INDEX idxpoditemcode ON purchorderdetails USING btree (itemcode);


--
-- Name: idxpodjobref; Type: INDEX; Schema: public; Owner: weberp_db_user; Tablespace: 
--

CREATE INDEX idxpodjobref ON purchorderdetails USING btree (jobref);


--
-- Name: idxpodorderno; Type: INDEX; Schema: public; Owner: weberp_db_user; Tablespace: 
--

CREATE INDEX idxpodorderno ON purchorderdetails USING btree (orderno);


--
-- Name: idxpodshiptref; Type: INDEX; Schema: public; Owner: weberp_db_user; Tablespace: 
--

CREATE INDEX idxpodshiptref ON purchorderdetails USING btree (shiptref);


--
-- Name: idxpoorddate; Type: INDEX; Schema: public; Owner: weberp_db_user; Tablespace: 
--

CREATE INDEX idxpoorddate ON purchorders USING btree (orddate);


--
-- Name: idxposted; Type: INDEX; Schema: public; Owner: weberp_db_user; Tablespace: 
--

CREATE INDEX idxposted ON gltrans USING btree (posted);


--
-- Name: idxposupplierno; Type: INDEX; Schema: public; Owner: weberp_db_user; Tablespace: 
--

CREATE INDEX idxposupplierno ON purchorders USING btree (supplierno);


--
-- Name: idxpreferred; Type: INDEX; Schema: public; Owner: weberp_db_user; Tablespace: 
--

CREATE INDEX idxpreferred ON purchdata USING btree (preferred);


--
-- Name: idxpstockid; Type: INDEX; Schema: public; Owner: weberp_db_user; Tablespace: 
--

CREATE INDEX idxpstockid ON prices USING btree (stockid);


--
-- Name: idxptypeabbrev; Type: INDEX; Schema: public; Owner: weberp_db_user; Tablespace: 
--

CREATE INDEX idxptypeabbrev ON prices USING btree (typeabbrev);


--
-- Name: idxpurchtaxglaccount; Type: INDEX; Schema: public; Owner: weberp_db_user; Tablespace: 
--

CREATE INDEX idxpurchtaxglaccount ON taxauthorities USING btree (purchtaxglaccount);


--
-- Name: idxquantitybreak; Type: INDEX; Schema: public; Owner: weberp_db_user; Tablespace: 
--

CREATE INDEX idxquantitybreak ON discountmatrix USING btree (quantitybreak);


--
-- Name: idxreasoncode; Type: INDEX; Schema: public; Owner: weberp_db_user; Tablespace: 
--

CREATE INDEX idxreasoncode ON holdreasons USING btree (reasoncode);


--
-- Name: idxreasondescription; Type: INDEX; Schema: public; Owner: weberp_db_user; Tablespace: 
--

CREATE INDEX idxreasondescription ON holdreasons USING btree (reasondescription);


--
-- Name: idxrecloc; Type: INDEX; Schema: public; Owner: weberp_db_user; Tablespace: 
--

CREATE INDEX idxrecloc ON loctransfers USING btree (recloc);


--
-- Name: idxreference; Type: INDEX; Schema: public; Owner: weberp_db_user; Tablespace: 
--

CREATE INDEX idxreference ON loctransfers USING btree (reference, stockid);


--
-- Name: idxreportheading; Type: INDEX; Schema: public; Owner: weberp_db_user; Tablespace: 
--

CREATE INDEX idxreportheading ON reportheaders USING btree (reportheading);


--
-- Name: idxsaarea; Type: INDEX; Schema: public; Owner: weberp_db_user; Tablespace: 
--

CREATE INDEX idxsaarea ON salesanalysis USING btree (area);


--
-- Name: idxsadatealloc; Type: INDEX; Schema: public; Owner: weberp_db_user; Tablespace: 
--

CREATE INDEX idxsadatealloc ON suppallocs USING btree (datealloc);


--
-- Name: idxsales_type; Type: INDEX; Schema: public; Owner: weberp_db_user; Tablespace: 
--

CREATE INDEX idxsales_type ON salestypes USING btree (sales_type);


--
-- Name: idxsalescatprod; Type: INDEX; Schema: public; Owner: weberp_db_user; Tablespace: 
--

CREATE UNIQUE INDEX idxsalescatprod ON salescatprod USING btree (salescatid, stockid);


--
-- Name: idxsalesman; Type: INDEX; Schema: public; Owner: weberp_db_user; Tablespace: 
--

CREATE INDEX idxsalesman ON custbranch USING btree (salesman);


--
-- Name: idxsalesperson; Type: INDEX; Schema: public; Owner: weberp_db_user; Tablespace: 
--

CREATE INDEX idxsalesperson ON salesanalysis USING btree (salesperson);


--
-- Name: idxsaperiodno; Type: INDEX; Schema: public; Owner: weberp_db_user; Tablespace: 
--

CREATE INDEX idxsaperiodno ON salesanalysis USING btree (periodno);


--
-- Name: idxsastkcategory; Type: INDEX; Schema: public; Owner: weberp_db_user; Tablespace: 
--

CREATE INDEX idxsastkcategory ON salesanalysis USING btree (stkcategory);


--
-- Name: idxsastockid; Type: INDEX; Schema: public; Owner: weberp_db_user; Tablespace: 
--

CREATE INDEX idxsastockid ON salesanalysis USING btree (stockid);


--
-- Name: idxsatransid_allocfrom; Type: INDEX; Schema: public; Owner: weberp_db_user; Tablespace: 
--

CREATE INDEX idxsatransid_allocfrom ON suppallocs USING btree (transid_allocfrom);


--
-- Name: idxsatransid_allocto; Type: INDEX; Schema: public; Owner: weberp_db_user; Tablespace: 
--

CREATE INDEX idxsatransid_allocto ON suppallocs USING btree (transid_allocto);


--
-- Name: idxsatypeabbrev; Type: INDEX; Schema: public; Owner: weberp_db_user; Tablespace: 
--

CREATE INDEX idxsatypeabbrev ON salesanalysis USING btree (typeabbrev);


--
-- Name: idxscfloccode; Type: INDEX; Schema: public; Owner: weberp_db_user; Tablespace: 
--

CREATE INDEX idxscfloccode ON stockcheckfreeze USING btree (loccode);


--
-- Name: idxscntloccode; Type: INDEX; Schema: public; Owner: weberp_db_user; Tablespace: 
--

CREATE INDEX idxscntloccode ON stockcounts USING btree (loccode);


--
-- Name: idxscntstockid; Type: INDEX; Schema: public; Owner: weberp_db_user; Tablespace: 
--

CREATE INDEX idxscntstockid ON stockcounts USING btree (stockid);


--
-- Name: idxscshiptref; Type: INDEX; Schema: public; Owner: weberp_db_user; Tablespace: 
--

CREATE INDEX idxscshiptref ON shipmentcharges USING btree (shiptref);


--
-- Name: idxscstockid; Type: INDEX; Schema: public; Owner: weberp_db_user; Tablespace: 
--

CREATE INDEX idxscstockid ON shipmentcharges USING btree (stockid);


--
-- Name: idxscsupplierid; Type: INDEX; Schema: public; Owner: weberp_db_user; Tablespace: 
--

CREATE INDEX idxscsupplierid ON suppliercontacts USING btree (supplierid);


--
-- Name: idxsctranstype; Type: INDEX; Schema: public; Owner: weberp_db_user; Tablespace: 
--

CREATE INDEX idxsctranstype ON shipmentcharges USING btree (transtype, transno);


--
-- Name: idxsctranstype_2; Type: INDEX; Schema: public; Owner: weberp_db_user; Tablespace: 
--

CREATE INDEX idxsctranstype_2 ON shipmentcharges USING btree (transtype);


--
-- Name: idxscurrcode; Type: INDEX; Schema: public; Owner: weberp_db_user; Tablespace: 
--

CREATE INDEX idxscurrcode ON suppliers USING btree (currcode);


--
-- Name: idxsection; Type: INDEX; Schema: public; Owner: weberp_db_user; Tablespace: 
--

CREATE INDEX idxsection ON edimessageformat USING btree (section);


--
-- Name: idxsegno; Type: INDEX; Schema: public; Owner: weberp_db_user; Tablespace: 
--

CREATE INDEX idxsegno ON edi_orders_segs USING btree (seggroup);


--
-- Name: idxsegtag; Type: INDEX; Schema: public; Owner: weberp_db_user; Tablespace: 
--

CREATE INDEX idxsegtag ON edi_orders_segs USING btree (segtag);


--
-- Name: idxsequenceintb; Type: INDEX; Schema: public; Owner: weberp_db_user; Tablespace: 
--

CREATE INDEX idxsequenceintb ON accountgroups USING btree (sequenceintb);


--
-- Name: idxshiploc; Type: INDEX; Schema: public; Owner: weberp_db_user; Tablespace: 
--

CREATE INDEX idxshiploc ON loctransfers USING btree (shiploc);


--
-- Name: idxshipperid; Type: INDEX; Schema: public; Owner: weberp_db_user; Tablespace: 
--

CREATE INDEX idxshipperid ON freightcosts USING btree (shipperid);


--
-- Name: idxshipperref; Type: INDEX; Schema: public; Owner: weberp_db_user; Tablespace: 
--

CREATE INDEX idxshipperref ON shipments USING btree (voyageref);


--
-- Name: idxshipsupplierid; Type: INDEX; Schema: public; Owner: weberp_db_user; Tablespace: 
--

CREATE INDEX idxshipsupplierid ON shipments USING btree (supplierid);


--
-- Name: idxshipvia; Type: INDEX; Schema: public; Owner: weberp_db_user; Tablespace: 
--

CREATE INDEX idxshipvia ON salesorders USING btree (shipvia);


--
-- Name: idxshow_on_inv_crds; Type: INDEX; Schema: public; Owner: weberp_db_user; Tablespace: 
--

CREATE INDEX idxshow_on_inv_crds ON stockmoves USING btree (show_on_inv_crds);


--
-- Name: idxsmcategoryid; Type: INDEX; Schema: public; Owner: weberp_db_user; Tablespace: 
--

CREATE INDEX idxsmcategoryid ON stockmaster USING btree (categoryid);


--
-- Name: idxsmdebtorno; Type: INDEX; Schema: public; Owner: weberp_db_user; Tablespace: 
--

CREATE INDEX idxsmdebtorno ON stockmoves USING btree (debtorno);


--
-- Name: idxsmdescription; Type: INDEX; Schema: public; Owner: weberp_db_user; Tablespace: 
--

CREATE INDEX idxsmdescription ON stockmaster USING btree (description);


--
-- Name: idxsmdiscountcategory; Type: INDEX; Schema: public; Owner: weberp_db_user; Tablespace: 
--

CREATE INDEX idxsmdiscountcategory ON stockmaster USING btree (discountcategory);


--
-- Name: idxsmloccode; Type: INDEX; Schema: public; Owner: weberp_db_user; Tablespace: 
--

CREATE INDEX idxsmloccode ON stockmoves USING btree (loccode);


--
-- Name: idxsmprd; Type: INDEX; Schema: public; Owner: weberp_db_user; Tablespace: 
--

CREATE INDEX idxsmprd ON stockmoves USING btree (prd);


--
-- Name: idxsmstockid; Type: INDEX; Schema: public; Owner: weberp_db_user; Tablespace: 
--

CREATE INDEX idxsmstockid ON stockmaster USING btree (stockid, categoryid);


--
-- Name: idxsmtrandate; Type: INDEX; Schema: public; Owner: weberp_db_user; Tablespace: 
--

CREATE INDEX idxsmtrandate ON stockmoves USING btree (trandate);


--
-- Name: idxsmtransno; Type: INDEX; Schema: public; Owner: weberp_db_user; Tablespace: 
--

CREATE INDEX idxsmtransno ON stockmoves USING btree (transno);


--
-- Name: idxsmtype; Type: INDEX; Schema: public; Owner: weberp_db_user; Tablespace: 
--

CREATE INDEX idxsmtype ON stockmoves USING btree ("type");


--
-- Name: idxsmvstockid; Type: INDEX; Schema: public; Owner: weberp_db_user; Tablespace: 
--

CREATE INDEX idxsmvstockid ON stockmoves USING btree (stockid, loccode);


--
-- Name: idxsmvstockid_2; Type: INDEX; Schema: public; Owner: weberp_db_user; Tablespace: 
--

CREATE INDEX idxsmvstockid_2 ON stockmoves USING btree (stockid);


--
-- Name: idxsobranchcode; Type: INDEX; Schema: public; Owner: weberp_db_user; Tablespace: 
--

CREATE INDEX idxsobranchcode ON salesorders USING btree (branchcode, debtorno);


--
-- Name: idxsodcompleted; Type: INDEX; Schema: public; Owner: weberp_db_user; Tablespace: 
--

CREATE INDEX idxsodcompleted ON salesorderdetails USING btree (completed);


--
-- Name: idxsodebtorno; Type: INDEX; Schema: public; Owner: weberp_db_user; Tablespace: 
--

CREATE INDEX idxsodebtorno ON salesorders USING btree (debtorno);


--
-- Name: idxsodorddate; Type: INDEX; Schema: public; Owner: weberp_db_user; Tablespace: 
--

CREATE INDEX idxsodorddate ON salesorders USING btree (orddate);


--
-- Name: idxsodorderno; Type: INDEX; Schema: public; Owner: weberp_db_user; Tablespace: 
--

CREATE INDEX idxsodorderno ON salesorderdetails USING btree (orderno);


--
-- Name: idxsparea; Type: INDEX; Schema: public; Owner: weberp_db_user; Tablespace: 
--

CREATE INDEX idxsparea ON salesglpostings USING btree (area);


--
-- Name: idxspaymentterms; Type: INDEX; Schema: public; Owner: weberp_db_user; Tablespace: 
--

CREATE INDEX idxspaymentterms ON suppliers USING btree (paymentterms);


--
-- Name: idxspsalestype; Type: INDEX; Schema: public; Owner: weberp_db_user; Tablespace: 
--

CREATE INDEX idxspsalestype ON salesglpostings USING btree (salestype);


--
-- Name: idxspstkcat; Type: INDEX; Schema: public; Owner: weberp_db_user; Tablespace: 
--

CREATE INDEX idxspstkcat ON salesglpostings USING btree (stkcat);


--
-- Name: idxssiloccode; Type: INDEX; Schema: public; Owner: weberp_db_user; Tablespace: 
--

CREATE INDEX idxssiloccode ON stockserialitems USING btree (loccode);


--
-- Name: idxssistockid; Type: INDEX; Schema: public; Owner: weberp_db_user; Tablespace: 
--

CREATE INDEX idxssistockid ON stockserialitems USING btree (stockid);


--
-- Name: idxssmstockid_sn; Type: INDEX; Schema: public; Owner: weberp_db_user; Tablespace: 
--

CREATE INDEX idxssmstockid_sn ON stockserialmoves USING btree (stockid, serialno);


--
-- Name: idxstatus; Type: INDEX; Schema: public; Owner: weberp_db_user; Tablespace: 
--

CREATE INDEX idxstatus ON contracts USING btree (status);


--
-- Name: idxstaxauthority; Type: INDEX; Schema: public; Owner: weberp_db_user; Tablespace: 
--

CREATE INDEX idxstaxauthority ON suppliers USING btree (taxgroupid);


--
-- Name: idxstkcode; Type: INDEX; Schema: public; Owner: weberp_db_user; Tablespace: 
--

CREATE INDEX idxstkcode ON salesorderdetails USING btree (stkcode);


--
-- Name: idxstockmoveno; Type: INDEX; Schema: public; Owner: weberp_db_user; Tablespace: 
--

CREATE INDEX idxstockmoveno ON stockserialmoves USING btree (stockmoveno);


--
-- Name: idxstocktype; Type: INDEX; Schema: public; Owner: weberp_db_user; Tablespace: 
--

CREATE INDEX idxstocktype ON stockcategory USING btree (stocktype);


--
-- Name: idxstsettled; Type: INDEX; Schema: public; Owner: weberp_db_user; Tablespace: 
--

CREATE INDEX idxstsettled ON supptrans USING btree (settled);


--
-- Name: idxstsupplierno; Type: INDEX; Schema: public; Owner: weberp_db_user; Tablespace: 
--

CREATE INDEX idxstsupplierno ON supptrans USING btree (supplierno);


--
-- Name: idxstsupplierno_2; Type: INDEX; Schema: public; Owner: weberp_db_user; Tablespace: 
--

CREATE INDEX idxstsupplierno_2 ON supptrans USING btree (supplierno, suppreference);


--
-- Name: idxstt_taxauthid; Type: INDEX; Schema: public; Owner: weberp_db_user; Tablespace: 
--

CREATE INDEX idxstt_taxauthid ON supptranstaxes USING btree (taxauthid);


--
-- Name: idxstt_taxgroupid; Type: INDEX; Schema: public; Owner: weberp_db_user; Tablespace: 
--

CREATE INDEX idxstt_taxgroupid ON suppliers USING btree (taxgroupid);


--
-- Name: idxsttrandate; Type: INDEX; Schema: public; Owner: weberp_db_user; Tablespace: 
--

CREATE INDEX idxsttrandate ON supptrans USING btree (trandate);


--
-- Name: idxsttransno; Type: INDEX; Schema: public; Owner: weberp_db_user; Tablespace: 
--

CREATE INDEX idxsttransno ON supptrans USING btree (transno);


--
-- Name: idxsttype; Type: INDEX; Schema: public; Owner: weberp_db_user; Tablespace: 
--

CREATE INDEX idxsttype ON supptrans USING btree ("type");


--
-- Name: idxsttypeno; Type: INDEX; Schema: public; Owner: weberp_db_user; Tablespace: 
--

CREATE INDEX idxsttypeno ON systypes USING btree (typeno);


--
-- Name: idxsuppname; Type: INDEX; Schema: public; Owner: weberp_db_user; Tablespace: 
--

CREATE INDEX idxsuppname ON suppliers USING btree (suppname);


--
-- Name: idxsupporcust; Type: INDEX; Schema: public; Owner: weberp_db_user; Tablespace: 
--

CREATE INDEX idxsupporcust ON ediitemmapping USING btree (supporcust);


--
-- Name: idxsuppreference; Type: INDEX; Schema: public; Owner: weberp_db_user; Tablespace: 
--

CREATE INDEX idxsuppreference ON supptrans USING btree (suppreference);


--
-- Name: idxsupsupplierid; Type: INDEX; Schema: public; Owner: weberp_db_user; Tablespace: 
--

CREATE INDEX idxsupsupplierid ON suppliers USING btree (supplierid);


--
-- Name: idxtaltaxauthority; Type: INDEX; Schema: public; Owner: weberp_db_user; Tablespace: 
--

CREATE INDEX idxtaltaxauthority ON taxauthrates USING btree (taxauthority);


--
-- Name: idxtaxcatid; Type: INDEX; Schema: public; Owner: weberp_db_user; Tablespace: 
--

CREATE INDEX idxtaxcatid ON taxauthrates USING btree (taxcatid);


--
-- Name: idxtaxglcode; Type: INDEX; Schema: public; Owner: weberp_db_user; Tablespace: 
--

CREATE INDEX idxtaxglcode ON taxauthorities USING btree (taxglcode);


--
-- Name: idxtpe; Type: INDEX; Schema: public; Owner: weberp_db_user; Tablespace: 
--

CREATE INDEX idxtpe ON debtortrans USING btree (tpe);


--
-- Name: idxtransdate; Type: INDEX; Schema: public; Owner: weberp_db_user; Tablespace: 
--

CREATE INDEX idxtransdate ON banktrans USING btree (transdate);


--
-- Name: idxtype_and_number; Type: INDEX; Schema: public; Owner: weberp_db_user; Tablespace: 
--

CREATE INDEX idxtype_and_number ON gltrans USING btree ("type", typeno);


--
-- Name: idxusrdefaultlocation; Type: INDEX; Schema: public; Owner: weberp_db_user; Tablespace: 
--

CREATE INDEX idxusrdefaultlocation ON www_users USING btree (defaultlocation);


--
-- Name: idxvessel; Type: INDEX; Schema: public; Owner: weberp_db_user; Tablespace: 
--

CREATE INDEX idxvessel ON shipments USING btree (vessel);


--
-- Name: idxwcdescription; Type: INDEX; Schema: public; Owner: weberp_db_user; Tablespace: 
--

CREATE INDEX idxwcdescription ON workcentres USING btree (description);


--
-- Name: locations_taxprovinceid_index; Type: INDEX; Schema: public; Owner: weberp_db_user; Tablespace: 
--

CREATE INDEX locations_taxprovinceid_index ON locations USING btree (taxprovinceid);


--
-- Name: section; Type: INDEX; Schema: public; Owner: weberp_db_user; Tablespace: 
--

CREATE INDEX section ON accountgroups USING btree (sectioninaccounts);


--
-- Name: tgt_taxauthid; Type: INDEX; Schema: public; Owner: weberp_db_user; Tablespace: 
--

CREATE INDEX tgt_taxauthid ON taxgrouptaxes USING btree (taxauthid);


--
-- Name: tgt_taxgroupid; Type: INDEX; Schema: public; Owner: weberp_db_user; Tablespace: 
--

CREATE INDEX tgt_taxgroupid ON taxgrouptaxes USING btree (taxgroupid);


--
-- Name: uidxcparea_stkcat; Type: INDEX; Schema: public; Owner: weberp_db_user; Tablespace: 
--

CREATE UNIQUE INDEX uidxcparea_stkcat ON cogsglpostings USING btree (area, stkcat, salestype);


--
-- Name: uidxpartnercode; Type: INDEX; Schema: public; Owner: weberp_db_user; Tablespace: 
--

CREATE UNIQUE INDEX uidxpartnercode ON edimessageformat USING btree (partnercode, messagetype, sequenceno);


--
-- Name: uidxsgparea_stkcat; Type: INDEX; Schema: public; Owner: weberp_db_user; Tablespace: 
--

CREATE UNIQUE INDEX uidxsgparea_stkcat ON salesglpostings USING btree (area, stkcat, salestype);


--
-- Name: uidxtypetransno; Type: INDEX; Schema: public; Owner: weberp_db_user; Tablespace: 
--

CREATE UNIQUE INDEX uidxtypetransno ON supptrans USING btree (transno, "type");


--
-- Name: $1; Type: FK CONSTRAINT; Schema: public; Owner: weberp_db_user
--

ALTER TABLE ONLY accountgroups
    ADD CONSTRAINT "$1" FOREIGN KEY (sectioninaccounts) REFERENCES accountsection(sectionid);


--
-- Name: $1; Type: FK CONSTRAINT; Schema: public; Owner: weberp_db_user
--

ALTER TABLE ONLY salescatprod
    ADD CONSTRAINT "$1" FOREIGN KEY (salescatid) REFERENCES salescat(salescatid);


--
-- Name: $1; Type: FK CONSTRAINT; Schema: public; Owner: weberp_db_user
--

ALTER TABLE ONLY taxgrouptaxes
    ADD CONSTRAINT "$1" FOREIGN KEY (taxgroupid) REFERENCES taxgroups(taxgroupid);


--
-- Name: $1; Type: FK CONSTRAINT; Schema: public; Owner: weberp_db_user
--

ALTER TABLE ONLY stockmovestaxes
    ADD CONSTRAINT "$1" FOREIGN KEY (taxauthid) REFERENCES taxauthorities(taxid);


--
-- Name: $1; Type: FK CONSTRAINT; Schema: public; Owner: weberp_db_user
--

ALTER TABLE ONLY debtortranstaxes
    ADD CONSTRAINT "$1" FOREIGN KEY (debtortransid) REFERENCES debtortrans(id);


--
-- Name: $1; Type: FK CONSTRAINT; Schema: public; Owner: weberp_db_user
--

ALTER TABLE ONLY custbranch
    ADD CONSTRAINT "$1" FOREIGN KEY (taxgroupid) REFERENCES taxgroups(taxgroupid);


--
-- Name: $1; Type: FK CONSTRAINT; Schema: public; Owner: weberp_db_user
--

ALTER TABLE ONLY taxauthrates
    ADD CONSTRAINT "$1" FOREIGN KEY (dispatchtaxprovince) REFERENCES taxprovinces(taxprovinceid);


--
-- Name: $1; Type: FK CONSTRAINT; Schema: public; Owner: weberp_db_user
--

ALTER TABLE ONLY supptranstaxes
    ADD CONSTRAINT "$1" FOREIGN KEY (supptransid) REFERENCES supptrans(id);


--
-- Name: $1; Type: FK CONSTRAINT; Schema: public; Owner: weberp_db_user
--

ALTER TABLE ONLY suppliers
    ADD CONSTRAINT "$1" FOREIGN KEY (taxgroupid) REFERENCES taxgroups(taxgroupid);


--
-- Name: $2; Type: FK CONSTRAINT; Schema: public; Owner: weberp_db_user
--

ALTER TABLE ONLY salescatprod
    ADD CONSTRAINT "$2" FOREIGN KEY (stockid) REFERENCES stockmaster(stockid);


--
-- Name: $2; Type: FK CONSTRAINT; Schema: public; Owner: weberp_db_user
--

ALTER TABLE ONLY taxgrouptaxes
    ADD CONSTRAINT "$2" FOREIGN KEY (taxauthid) REFERENCES taxauthorities(taxid);


--
-- Name: $2; Type: FK CONSTRAINT; Schema: public; Owner: weberp_db_user
--

ALTER TABLE ONLY debtortranstaxes
    ADD CONSTRAINT "$2" FOREIGN KEY (taxauthid) REFERENCES taxauthorities(taxid);


--
-- Name: $2; Type: FK CONSTRAINT; Schema: public; Owner: weberp_db_user
--

ALTER TABLE ONLY supptranstaxes
    ADD CONSTRAINT "$2" FOREIGN KEY (taxauthid) REFERENCES taxauthorities(taxid);


--
-- Name: cnt001238; Type: FK CONSTRAINT; Schema: public; Owner: weberp_db_user
--

ALTER TABLE ONLY bom
    ADD CONSTRAINT cnt001238 FOREIGN KEY (parent) REFERENCES stockmaster(stockid);


--
-- Name: cnt001239; Type: FK CONSTRAINT; Schema: public; Owner: weberp_db_user
--

ALTER TABLE ONLY bom
    ADD CONSTRAINT cnt001239 FOREIGN KEY (component) REFERENCES stockmaster(stockid);


--
-- Name: cnt001240; Type: FK CONSTRAINT; Schema: public; Owner: weberp_db_user
--

ALTER TABLE ONLY bom
    ADD CONSTRAINT cnt001240 FOREIGN KEY (workcentreadded) REFERENCES workcentres(code);


--
-- Name: cnt001241; Type: FK CONSTRAINT; Schema: public; Owner: weberp_db_user
--

ALTER TABLE ONLY bom
    ADD CONSTRAINT cnt001241 FOREIGN KEY (loccode) REFERENCES locations(loccode);


--
-- Name: cnt001243; Type: FK CONSTRAINT; Schema: public; Owner: weberp_db_user
--

ALTER TABLE ONLY bankaccounts
    ADD CONSTRAINT cnt001243 FOREIGN KEY (accountcode) REFERENCES chartmaster(accountcode);


--
-- Name: cnt001245; Type: FK CONSTRAINT; Schema: public; Owner: weberp_db_user
--

ALTER TABLE ONLY banktrans
    ADD CONSTRAINT cnt001245 FOREIGN KEY ("type") REFERENCES systypes(typeid);


--
-- Name: cnt001246; Type: FK CONSTRAINT; Schema: public; Owner: weberp_db_user
--

ALTER TABLE ONLY banktrans
    ADD CONSTRAINT cnt001246 FOREIGN KEY (bankact) REFERENCES bankaccounts(accountcode);


--
-- Name: cnt001251; Type: FK CONSTRAINT; Schema: public; Owner: weberp_db_user
--

ALTER TABLE ONLY chartdetails
    ADD CONSTRAINT cnt001251 FOREIGN KEY (accountcode) REFERENCES chartmaster(accountcode);


--
-- Name: cnt001252; Type: FK CONSTRAINT; Schema: public; Owner: weberp_db_user
--

ALTER TABLE ONLY chartdetails
    ADD CONSTRAINT cnt001252 FOREIGN KEY (period) REFERENCES periods(periodno);


--
-- Name: cnt001254; Type: FK CONSTRAINT; Schema: public; Owner: weberp_db_user
--

ALTER TABLE ONLY chartmaster
    ADD CONSTRAINT cnt001254 FOREIGN KEY (group_) REFERENCES accountgroups(groupname);


--
-- Name: cnt001257; Type: FK CONSTRAINT; Schema: public; Owner: weberp_db_user
--

ALTER TABLE ONLY contractbom
    ADD CONSTRAINT cnt001257 FOREIGN KEY (workcentreadded) REFERENCES workcentres(code);


--
-- Name: cnt001258; Type: FK CONSTRAINT; Schema: public; Owner: weberp_db_user
--

ALTER TABLE ONLY contractbom
    ADD CONSTRAINT cnt001258 FOREIGN KEY (loccode) REFERENCES locations(loccode);


--
-- Name: cnt001259; Type: FK CONSTRAINT; Schema: public; Owner: weberp_db_user
--

ALTER TABLE ONLY contractbom
    ADD CONSTRAINT cnt001259 FOREIGN KEY (component) REFERENCES stockmaster(stockid);


--
-- Name: cnt001261; Type: FK CONSTRAINT; Schema: public; Owner: weberp_db_user
--

ALTER TABLE ONLY contractreqts
    ADD CONSTRAINT cnt001261 FOREIGN KEY (contract) REFERENCES contracts(contractref);


--
-- Name: cnt001263; Type: FK CONSTRAINT; Schema: public; Owner: weberp_db_user
--

ALTER TABLE ONLY contracts
    ADD CONSTRAINT cnt001263 FOREIGN KEY (debtorno, branchcode) REFERENCES custbranch(debtorno, branchcode);


--
-- Name: cnt001264; Type: FK CONSTRAINT; Schema: public; Owner: weberp_db_user
--

ALTER TABLE ONLY contracts
    ADD CONSTRAINT cnt001264 FOREIGN KEY (categoryid) REFERENCES stockcategory(categoryid);


--
-- Name: cnt001265; Type: FK CONSTRAINT; Schema: public; Owner: weberp_db_user
--

ALTER TABLE ONLY contracts
    ADD CONSTRAINT cnt001265 FOREIGN KEY (typeabbrev) REFERENCES salestypes(typeabbrev);


--
-- Name: cnt001268; Type: FK CONSTRAINT; Schema: public; Owner: weberp_db_user
--

ALTER TABLE ONLY custallocns
    ADD CONSTRAINT cnt001268 FOREIGN KEY (transid_allocfrom) REFERENCES debtortrans(id);


--
-- Name: cnt001269; Type: FK CONSTRAINT; Schema: public; Owner: weberp_db_user
--

ALTER TABLE ONLY custallocns
    ADD CONSTRAINT cnt001269 FOREIGN KEY (transid_allocto) REFERENCES debtortrans(id);


--
-- Name: cnt001271; Type: FK CONSTRAINT; Schema: public; Owner: weberp_db_user
--

ALTER TABLE ONLY custbranch
    ADD CONSTRAINT cnt001271 FOREIGN KEY (debtorno) REFERENCES debtorsmaster(debtorno);


--
-- Name: cnt001272; Type: FK CONSTRAINT; Schema: public; Owner: weberp_db_user
--

ALTER TABLE ONLY custbranch
    ADD CONSTRAINT cnt001272 FOREIGN KEY (area) REFERENCES areas(areacode);


--
-- Name: cnt001273; Type: FK CONSTRAINT; Schema: public; Owner: weberp_db_user
--

ALTER TABLE ONLY custbranch
    ADD CONSTRAINT cnt001273 FOREIGN KEY (salesman) REFERENCES salesman(salesmancode);


--
-- Name: cnt001274; Type: FK CONSTRAINT; Schema: public; Owner: weberp_db_user
--

ALTER TABLE ONLY custbranch
    ADD CONSTRAINT cnt001274 FOREIGN KEY (defaultlocation) REFERENCES locations(loccode);


--
-- Name: cnt001276; Type: FK CONSTRAINT; Schema: public; Owner: weberp_db_user
--

ALTER TABLE ONLY custbranch
    ADD CONSTRAINT cnt001276 FOREIGN KEY (defaultshipvia) REFERENCES shippers(shipper_id);


--
-- Name: cnt001278; Type: FK CONSTRAINT; Schema: public; Owner: weberp_db_user
--

ALTER TABLE ONLY debtortrans
    ADD CONSTRAINT cnt001278 FOREIGN KEY (debtorno) REFERENCES debtorsmaster(debtorno);


--
-- Name: cnt001279; Type: FK CONSTRAINT; Schema: public; Owner: weberp_db_user
--

ALTER TABLE ONLY debtortrans
    ADD CONSTRAINT cnt001279 FOREIGN KEY ("type") REFERENCES systypes(typeid);


--
-- Name: cnt001280; Type: FK CONSTRAINT; Schema: public; Owner: weberp_db_user
--

ALTER TABLE ONLY debtortrans
    ADD CONSTRAINT cnt001280 FOREIGN KEY (prd) REFERENCES periods(periodno);


--
-- Name: cnt001282; Type: FK CONSTRAINT; Schema: public; Owner: weberp_db_user
--

ALTER TABLE ONLY debtorsmaster
    ADD CONSTRAINT cnt001282 FOREIGN KEY (holdreason) REFERENCES holdreasons(reasoncode);


--
-- Name: cnt001283; Type: FK CONSTRAINT; Schema: public; Owner: weberp_db_user
--

ALTER TABLE ONLY debtorsmaster
    ADD CONSTRAINT cnt001283 FOREIGN KEY (currcode) REFERENCES currencies(currabrev);


--
-- Name: cnt001284; Type: FK CONSTRAINT; Schema: public; Owner: weberp_db_user
--

ALTER TABLE ONLY debtorsmaster
    ADD CONSTRAINT cnt001284 FOREIGN KEY (paymentterms) REFERENCES paymentterms(termsindicator);


--
-- Name: cnt001285; Type: FK CONSTRAINT; Schema: public; Owner: weberp_db_user
--

ALTER TABLE ONLY debtorsmaster
    ADD CONSTRAINT cnt001285 FOREIGN KEY (salestype) REFERENCES salestypes(typeabbrev);


--
-- Name: cnt001287; Type: FK CONSTRAINT; Schema: public; Owner: weberp_db_user
--

ALTER TABLE ONLY discountmatrix
    ADD CONSTRAINT cnt001287 FOREIGN KEY (salestype) REFERENCES salestypes(typeabbrev);


--
-- Name: cnt001293; Type: FK CONSTRAINT; Schema: public; Owner: weberp_db_user
--

ALTER TABLE ONLY freightcosts
    ADD CONSTRAINT cnt001293 FOREIGN KEY (locationfrom) REFERENCES locations(loccode);


--
-- Name: cnt001294; Type: FK CONSTRAINT; Schema: public; Owner: weberp_db_user
--

ALTER TABLE ONLY freightcosts
    ADD CONSTRAINT cnt001294 FOREIGN KEY (shipperid) REFERENCES shippers(shipper_id);


--
-- Name: cnt001296; Type: FK CONSTRAINT; Schema: public; Owner: weberp_db_user
--

ALTER TABLE ONLY gltrans
    ADD CONSTRAINT cnt001296 FOREIGN KEY (account) REFERENCES chartmaster(accountcode);


--
-- Name: cnt001297; Type: FK CONSTRAINT; Schema: public; Owner: weberp_db_user
--

ALTER TABLE ONLY gltrans
    ADD CONSTRAINT cnt001297 FOREIGN KEY ("type") REFERENCES systypes(typeid);


--
-- Name: cnt001298; Type: FK CONSTRAINT; Schema: public; Owner: weberp_db_user
--

ALTER TABLE ONLY gltrans
    ADD CONSTRAINT cnt001298 FOREIGN KEY (periodno) REFERENCES periods(periodno);


--
-- Name: cnt001300; Type: FK CONSTRAINT; Schema: public; Owner: weberp_db_user
--

ALTER TABLE ONLY grns
    ADD CONSTRAINT cnt001300 FOREIGN KEY (supplierid) REFERENCES suppliers(supplierid);


--
-- Name: cnt001301; Type: FK CONSTRAINT; Schema: public; Owner: weberp_db_user
--

ALTER TABLE ONLY grns
    ADD CONSTRAINT cnt001301 FOREIGN KEY (podetailitem) REFERENCES purchorderdetails(podetailitem);


--
-- Name: cnt001305; Type: FK CONSTRAINT; Schema: public; Owner: weberp_db_user
--

ALTER TABLE ONLY locstock
    ADD CONSTRAINT cnt001305 FOREIGN KEY (loccode) REFERENCES locations(loccode);


--
-- Name: cnt001306; Type: FK CONSTRAINT; Schema: public; Owner: weberp_db_user
--

ALTER TABLE ONLY locstock
    ADD CONSTRAINT cnt001306 FOREIGN KEY (stockid) REFERENCES stockmaster(stockid);


--
-- Name: cnt001308; Type: FK CONSTRAINT; Schema: public; Owner: weberp_db_user
--

ALTER TABLE ONLY loctransfers
    ADD CONSTRAINT cnt001308 FOREIGN KEY (shiploc) REFERENCES locations(loccode);


--
-- Name: cnt001309; Type: FK CONSTRAINT; Schema: public; Owner: weberp_db_user
--

ALTER TABLE ONLY loctransfers
    ADD CONSTRAINT cnt001309 FOREIGN KEY (recloc) REFERENCES locations(loccode);


--
-- Name: cnt001310; Type: FK CONSTRAINT; Schema: public; Owner: weberp_db_user
--

ALTER TABLE ONLY loctransfers
    ADD CONSTRAINT cnt001310 FOREIGN KEY (stockid) REFERENCES stockmaster(stockid);


--
-- Name: cnt001313; Type: FK CONSTRAINT; Schema: public; Owner: weberp_db_user
--

ALTER TABLE ONLY orderdeliverydifferenceslog
    ADD CONSTRAINT cnt001313 FOREIGN KEY (stockid) REFERENCES stockmaster(stockid);


--
-- Name: cnt001314; Type: FK CONSTRAINT; Schema: public; Owner: weberp_db_user
--

ALTER TABLE ONLY orderdeliverydifferenceslog
    ADD CONSTRAINT cnt001314 FOREIGN KEY (debtorno, branch) REFERENCES custbranch(debtorno, branchcode);


--
-- Name: cnt001315; Type: FK CONSTRAINT; Schema: public; Owner: weberp_db_user
--

ALTER TABLE ONLY orderdeliverydifferenceslog
    ADD CONSTRAINT cnt001315 FOREIGN KEY (orderno) REFERENCES salesorders(orderno);


--
-- Name: cnt001319; Type: FK CONSTRAINT; Schema: public; Owner: weberp_db_user
--

ALTER TABLE ONLY prices
    ADD CONSTRAINT cnt001319 FOREIGN KEY (stockid) REFERENCES stockmaster(stockid);


--
-- Name: cnt001320; Type: FK CONSTRAINT; Schema: public; Owner: weberp_db_user
--

ALTER TABLE ONLY prices
    ADD CONSTRAINT cnt001320 FOREIGN KEY (currabrev) REFERENCES currencies(currabrev);


--
-- Name: cnt001321; Type: FK CONSTRAINT; Schema: public; Owner: weberp_db_user
--

ALTER TABLE ONLY prices
    ADD CONSTRAINT cnt001321 FOREIGN KEY (typeabbrev) REFERENCES salestypes(typeabbrev);


--
-- Name: cnt001323; Type: FK CONSTRAINT; Schema: public; Owner: weberp_db_user
--

ALTER TABLE ONLY purchdata
    ADD CONSTRAINT cnt001323 FOREIGN KEY (stockid) REFERENCES stockmaster(stockid);


--
-- Name: cnt001324; Type: FK CONSTRAINT; Schema: public; Owner: weberp_db_user
--

ALTER TABLE ONLY purchdata
    ADD CONSTRAINT cnt001324 FOREIGN KEY (supplierno) REFERENCES suppliers(supplierid);


--
-- Name: cnt001326; Type: FK CONSTRAINT; Schema: public; Owner: weberp_db_user
--

ALTER TABLE ONLY purchorderdetails
    ADD CONSTRAINT cnt001326 FOREIGN KEY (orderno) REFERENCES purchorders(orderno);


--
-- Name: cnt001328; Type: FK CONSTRAINT; Schema: public; Owner: weberp_db_user
--

ALTER TABLE ONLY purchorders
    ADD CONSTRAINT cnt001328 FOREIGN KEY (supplierno) REFERENCES suppliers(supplierid);


--
-- Name: cnt001329; Type: FK CONSTRAINT; Schema: public; Owner: weberp_db_user
--

ALTER TABLE ONLY purchorders
    ADD CONSTRAINT cnt001329 FOREIGN KEY (intostocklocation) REFERENCES locations(loccode);


--
-- Name: cnt001331; Type: FK CONSTRAINT; Schema: public; Owner: weberp_db_user
--

ALTER TABLE ONLY reportcolumns
    ADD CONSTRAINT cnt001331 FOREIGN KEY (reportid) REFERENCES reportheaders(reportid);


--
-- Name: cnt001334; Type: FK CONSTRAINT; Schema: public; Owner: weberp_db_user
--

ALTER TABLE ONLY salesanalysis
    ADD CONSTRAINT cnt001334 FOREIGN KEY (periodno) REFERENCES periods(periodno);


--
-- Name: cnt001337; Type: FK CONSTRAINT; Schema: public; Owner: weberp_db_user
--

ALTER TABLE ONLY salesorderdetails
    ADD CONSTRAINT cnt001337 FOREIGN KEY (orderno) REFERENCES salesorders(orderno);


--
-- Name: cnt001338; Type: FK CONSTRAINT; Schema: public; Owner: weberp_db_user
--

ALTER TABLE ONLY salesorderdetails
    ADD CONSTRAINT cnt001338 FOREIGN KEY (stkcode) REFERENCES stockmaster(stockid);


--
-- Name: cnt001340; Type: FK CONSTRAINT; Schema: public; Owner: weberp_db_user
--

ALTER TABLE ONLY salesorders
    ADD CONSTRAINT cnt001340 FOREIGN KEY (branchcode, debtorno) REFERENCES custbranch(branchcode, debtorno);


--
-- Name: cnt001341; Type: FK CONSTRAINT; Schema: public; Owner: weberp_db_user
--

ALTER TABLE ONLY salesorders
    ADD CONSTRAINT cnt001341 FOREIGN KEY (shipvia) REFERENCES shippers(shipper_id);


--
-- Name: cnt001342; Type: FK CONSTRAINT; Schema: public; Owner: weberp_db_user
--

ALTER TABLE ONLY salesorders
    ADD CONSTRAINT cnt001342 FOREIGN KEY (fromstkloc) REFERENCES locations(loccode);


--
-- Name: cnt001347; Type: FK CONSTRAINT; Schema: public; Owner: weberp_db_user
--

ALTER TABLE ONLY shipmentcharges
    ADD CONSTRAINT cnt001347 FOREIGN KEY (shiptref) REFERENCES shipments(shiptref);


--
-- Name: cnt001348; Type: FK CONSTRAINT; Schema: public; Owner: weberp_db_user
--

ALTER TABLE ONLY shipmentcharges
    ADD CONSTRAINT cnt001348 FOREIGN KEY (transtype) REFERENCES systypes(typeid);


--
-- Name: cnt001350; Type: FK CONSTRAINT; Schema: public; Owner: weberp_db_user
--

ALTER TABLE ONLY shipments
    ADD CONSTRAINT cnt001350 FOREIGN KEY (supplierid) REFERENCES suppliers(supplierid);


--
-- Name: cnt001354; Type: FK CONSTRAINT; Schema: public; Owner: weberp_db_user
--

ALTER TABLE ONLY stockcheckfreeze
    ADD CONSTRAINT cnt001354 FOREIGN KEY (stockid) REFERENCES stockmaster(stockid);


--
-- Name: cnt001355; Type: FK CONSTRAINT; Schema: public; Owner: weberp_db_user
--

ALTER TABLE ONLY stockcheckfreeze
    ADD CONSTRAINT cnt001355 FOREIGN KEY (loccode) REFERENCES locations(loccode);


--
-- Name: cnt001357; Type: FK CONSTRAINT; Schema: public; Owner: weberp_db_user
--

ALTER TABLE ONLY stockcounts
    ADD CONSTRAINT cnt001357 FOREIGN KEY (stockid) REFERENCES stockmaster(stockid);


--
-- Name: cnt001358; Type: FK CONSTRAINT; Schema: public; Owner: weberp_db_user
--

ALTER TABLE ONLY stockcounts
    ADD CONSTRAINT cnt001358 FOREIGN KEY (loccode) REFERENCES locations(loccode);


--
-- Name: cnt001360; Type: FK CONSTRAINT; Schema: public; Owner: weberp_db_user
--

ALTER TABLE ONLY stockmaster
    ADD CONSTRAINT cnt001360 FOREIGN KEY (categoryid) REFERENCES stockcategory(categoryid);


--
-- Name: cnt001362; Type: FK CONSTRAINT; Schema: public; Owner: weberp_db_user
--

ALTER TABLE ONLY stockmoves
    ADD CONSTRAINT cnt001362 FOREIGN KEY (stockid) REFERENCES stockmaster(stockid);


--
-- Name: cnt001363; Type: FK CONSTRAINT; Schema: public; Owner: weberp_db_user
--

ALTER TABLE ONLY stockmoves
    ADD CONSTRAINT cnt001363 FOREIGN KEY ("type") REFERENCES systypes(typeid);


--
-- Name: cnt001364; Type: FK CONSTRAINT; Schema: public; Owner: weberp_db_user
--

ALTER TABLE ONLY stockmoves
    ADD CONSTRAINT cnt001364 FOREIGN KEY (loccode) REFERENCES locations(loccode);


--
-- Name: cnt001365; Type: FK CONSTRAINT; Schema: public; Owner: weberp_db_user
--

ALTER TABLE ONLY stockmoves
    ADD CONSTRAINT cnt001365 FOREIGN KEY (prd) REFERENCES periods(periodno);


--
-- Name: cnt001367; Type: FK CONSTRAINT; Schema: public; Owner: weberp_db_user
--

ALTER TABLE ONLY stockserialitems
    ADD CONSTRAINT cnt001367 FOREIGN KEY (stockid) REFERENCES stockmaster(stockid);


--
-- Name: cnt001368; Type: FK CONSTRAINT; Schema: public; Owner: weberp_db_user
--

ALTER TABLE ONLY stockserialitems
    ADD CONSTRAINT cnt001368 FOREIGN KEY (loccode) REFERENCES locations(loccode);


--
-- Name: cnt001370; Type: FK CONSTRAINT; Schema: public; Owner: weberp_db_user
--

ALTER TABLE ONLY stockserialmoves
    ADD CONSTRAINT cnt001370 FOREIGN KEY (stockmoveno) REFERENCES stockmoves(stkmoveno);


--
-- Name: cnt001373; Type: FK CONSTRAINT; Schema: public; Owner: weberp_db_user
--

ALTER TABLE ONLY suppallocs
    ADD CONSTRAINT cnt001373 FOREIGN KEY (transid_allocfrom) REFERENCES supptrans(id);


--
-- Name: cnt001374; Type: FK CONSTRAINT; Schema: public; Owner: weberp_db_user
--

ALTER TABLE ONLY suppallocs
    ADD CONSTRAINT cnt001374 FOREIGN KEY (transid_allocto) REFERENCES supptrans(id);


--
-- Name: cnt001376; Type: FK CONSTRAINT; Schema: public; Owner: weberp_db_user
--

ALTER TABLE ONLY supptrans
    ADD CONSTRAINT cnt001376 FOREIGN KEY ("type") REFERENCES systypes(typeid);


--
-- Name: cnt001377; Type: FK CONSTRAINT; Schema: public; Owner: weberp_db_user
--

ALTER TABLE ONLY supptrans
    ADD CONSTRAINT cnt001377 FOREIGN KEY (supplierno) REFERENCES suppliers(supplierid);


--
-- Name: cnt001379; Type: FK CONSTRAINT; Schema: public; Owner: weberp_db_user
--

ALTER TABLE ONLY suppliercontacts
    ADD CONSTRAINT cnt001379 FOREIGN KEY (supplierid) REFERENCES suppliers(supplierid);


--
-- Name: cnt001381; Type: FK CONSTRAINT; Schema: public; Owner: weberp_db_user
--

ALTER TABLE ONLY suppliers
    ADD CONSTRAINT cnt001381 FOREIGN KEY (currcode) REFERENCES currencies(currabrev);


--
-- Name: cnt001382; Type: FK CONSTRAINT; Schema: public; Owner: weberp_db_user
--

ALTER TABLE ONLY suppliers
    ADD CONSTRAINT cnt001382 FOREIGN KEY (paymentterms) REFERENCES paymentterms(termsindicator);


--
-- Name: cnt001386; Type: FK CONSTRAINT; Schema: public; Owner: weberp_db_user
--

ALTER TABLE ONLY taxauthrates
    ADD CONSTRAINT cnt001386 FOREIGN KEY (taxauthority) REFERENCES taxauthorities(taxid);


--
-- Name: cnt001389; Type: FK CONSTRAINT; Schema: public; Owner: weberp_db_user
--

ALTER TABLE ONLY taxauthorities
    ADD CONSTRAINT cnt001389 FOREIGN KEY (taxglcode) REFERENCES chartmaster(accountcode);


--
-- Name: cnt001390; Type: FK CONSTRAINT; Schema: public; Owner: weberp_db_user
--

ALTER TABLE ONLY taxauthorities
    ADD CONSTRAINT cnt001390 FOREIGN KEY (purchtaxglaccount) REFERENCES chartmaster(accountcode);


--
-- Name: cnt001400; Type: FK CONSTRAINT; Schema: public; Owner: weberp_db_user
--

ALTER TABLE ONLY www_users
    ADD CONSTRAINT cnt001400 FOREIGN KEY (defaultlocation) REFERENCES locations(loccode);


--
-- Name: cnt001402; Type: FK CONSTRAINT; Schema: public; Owner: weberp_db_user
--

ALTER TABLE ONLY workcentres
    ADD CONSTRAINT cnt001402 FOREIGN KEY ("location") REFERENCES locations(loccode);


--
-- Name: recurrorderno; Type: FK CONSTRAINT; Schema: public; Owner: weberp_db_user
--

ALTER TABLE ONLY recurrsalesorderdetails
    ADD CONSTRAINT recurrorderno FOREIGN KEY (recurrorderno) REFERENCES recurringsalesorders(recurrorderno);


--
-- Name: recurrorderstkcode; Type: FK CONSTRAINT; Schema: public; Owner: weberp_db_user
--

ALTER TABLE ONLY recurrsalesorderdetails
    ADD CONSTRAINT recurrorderstkcode FOREIGN KEY (stkcode) REFERENCES stockmaster(stockid);


--
-- Name: securitygroups_secgroupid_fk; Type: FK CONSTRAINT; Schema: public; Owner: weberp_db_user
--

ALTER TABLE ONLY securitygroups
    ADD CONSTRAINT securitygroups_secgroupid_fk FOREIGN KEY (secroleid) REFERENCES securityroles(secroleid);


--
-- Name: securitygroups_tokenid_fk; Type: FK CONSTRAINT; Schema: public; Owner: weberp_db_user
--

ALTER TABLE ONLY securitygroups
    ADD CONSTRAINT securitygroups_tokenid_fk FOREIGN KEY (tokenid) REFERENCES securitytokens(tokenid);


--
-- Name: taxcatid_fk; Type: FK CONSTRAINT; Schema: public; Owner: weberp_db_user
--

ALTER TABLE ONLY taxauthrates
    ADD CONSTRAINT taxcatid_fk FOREIGN KEY (taxcatid) REFERENCES taxcategories(taxcatid);


--
-- Name: taxprovinceid_fk; Type: FK CONSTRAINT; Schema: public; Owner: weberp_db_user
--

ALTER TABLE ONLY locations
    ADD CONSTRAINT taxprovinceid_fk FOREIGN KEY (taxprovinceid) REFERENCES taxprovinces(taxprovinceid);


--
-- Name: public; Type: ACL; Schema: -; Owner: postgres
--

REVOKE ALL ON SCHEMA public FROM PUBLIC;
REVOKE ALL ON SCHEMA public FROM postgres;
GRANT ALL ON SCHEMA public TO postgres;
GRANT ALL ON SCHEMA public TO PUBLIC;


--
-- PostgreSQL database dump complete
--

