CREATE DATABASE weberp;
USE weberp;
-- MySQL dump 10.11
--
-- Host: localhost    Database: weberp
-- ------------------------------------------------------
-- Server version	5.0.45
/*!40103 SET @OLD_TIME_ZONE=@@TIME_ZONE */;
/*!40103 SET TIME_ZONE='+00:00' */;
/*!40014 SET @OLD_UNIQUE_CHECKS=@@UNIQUE_CHECKS, UNIQUE_CHECKS=0 */;
/*!40014 SET @OLD_FOREIGN_KEY_CHECKS=@@FOREIGN_KEY_CHECKS, FOREIGN_KEY_CHECKS=0 */;
/*!40101 SET @OLD_SQL_MODE=@@SQL_MODE, SQL_MODE='NO_AUTO_VALUE_ON_ZERO' */;
/*!40111 SET @OLD_SQL_NOTES=@@SQL_NOTES, SQL_NOTES=0 */;

--
-- Dumping data for table `accountgroups`
--

INSERT INTO `accountgroups` VALUES ('BBQs',5,1,6000,'Promotions');
INSERT INTO `accountgroups` VALUES ('Cost of Goods Sold',2,1,5000,'');
INSERT INTO `accountgroups` VALUES ('Current Assets',20,0,1000,'');
INSERT INTO `accountgroups` VALUES ('Equity',50,0,3000,'');
INSERT INTO `accountgroups` VALUES ('Fixed Assets',10,0,500,'');
INSERT INTO `accountgroups` VALUES ('Giveaways',5,1,6000,'Promotions');
INSERT INTO `accountgroups` VALUES ('Income Tax',5,1,9000,'');
INSERT INTO `accountgroups` VALUES ('Liabilities',30,0,2000,'');
INSERT INTO `accountgroups` VALUES ('Marketing Expenses',5,1,6000,'');
INSERT INTO `accountgroups` VALUES ('Operating Expenses',5,1,7000,'');
INSERT INTO `accountgroups` VALUES ('Other Revenue and Expenses',5,1,8000,'');
INSERT INTO `accountgroups` VALUES ('Outward Freight',2,1,5000,'Cost of Goods Sold');
INSERT INTO `accountgroups` VALUES ('Promotions',5,1,6000,'Marketing Expenses');
INSERT INTO `accountgroups` VALUES ('Revenue',1,1,4000,'');
INSERT INTO `accountgroups` VALUES ('Sales',1,1,10,'');

--
-- Dumping data for table `accountsection`
--

INSERT INTO `accountsection` VALUES (1,'Income');
INSERT INTO `accountsection` VALUES (2,'Cost Of Sales');
INSERT INTO `accountsection` VALUES (5,'Overheads');
INSERT INTO `accountsection` VALUES (10,'Fixed Assets');
INSERT INTO `accountsection` VALUES (20,'Amounts Receivable');
INSERT INTO `accountsection` VALUES (30,'Amounts Payable');
INSERT INTO `accountsection` VALUES (50,'Financed By');

--
-- Dumping data for table `areas`
--


--
-- Dumping data for table `audittrail`
--


--
-- Dumping data for table `bankaccounts`
--

INSERT INTO `bankaccounts` VALUES (1030,'AUD','Cheque Account','','');
INSERT INTO `bankaccounts` VALUES (1040,'AUD','Savings Account','','');

--
-- Dumping data for table `banktrans`
--


--
-- Dumping data for table `bom`
--


--
-- Dumping data for table `buckets`
--


--
-- Dumping data for table `chartdetails`
--


--
-- Dumping data for table `chartmaster`
--

INSERT INTO `chartmaster` VALUES (1,'Default Sales/Discounts','Sales');
INSERT INTO `chartmaster` VALUES (1010,'Petty Cash','Current Assets');
INSERT INTO `chartmaster` VALUES (1020,'Cash on Hand','Current Assets');
INSERT INTO `chartmaster` VALUES (1030,'Cheque Accounts','Current Assets');
INSERT INTO `chartmaster` VALUES (1040,'Savings Accounts','Current Assets');
INSERT INTO `chartmaster` VALUES (1050,'Payroll Accounts','Current Assets');
INSERT INTO `chartmaster` VALUES (1060,'Special Accounts','Current Assets');
INSERT INTO `chartmaster` VALUES (1070,'Money Market Investments','Current Assets');
INSERT INTO `chartmaster` VALUES (1080,'Short-Term Investments (< 90 days)','Current Assets');
INSERT INTO `chartmaster` VALUES (1090,'Interest Receivable','Current Assets');
INSERT INTO `chartmaster` VALUES (1100,'Accounts Receivable','Current Assets');
INSERT INTO `chartmaster` VALUES (1150,'Allowance for Doubtful Accounts','Current Assets');
INSERT INTO `chartmaster` VALUES (1200,'Notes Receivable','Current Assets');
INSERT INTO `chartmaster` VALUES (1250,'Income Tax Receivable','Current Assets');
INSERT INTO `chartmaster` VALUES (1300,'Prepaid Expenses','Current Assets');
INSERT INTO `chartmaster` VALUES (1350,'Advances','Current Assets');
INSERT INTO `chartmaster` VALUES (1400,'Supplies Inventory','Current Assets');
INSERT INTO `chartmaster` VALUES (1420,'Raw Material Inventory','Current Assets');
INSERT INTO `chartmaster` VALUES (1440,'Work in Progress Inventory','Current Assets');
INSERT INTO `chartmaster` VALUES (1460,'Finished Goods Inventory','Current Assets');
INSERT INTO `chartmaster` VALUES (1500,'Land','Fixed Assets');
INSERT INTO `chartmaster` VALUES (1550,'Bonds','Fixed Assets');
INSERT INTO `chartmaster` VALUES (1600,'Buildings','Fixed Assets');
INSERT INTO `chartmaster` VALUES (1620,'Accumulated Depreciation of Buildings','Fixed Assets');
INSERT INTO `chartmaster` VALUES (1650,'Equipment','Fixed Assets');
INSERT INTO `chartmaster` VALUES (1670,'Accumulated Depreciation of Equipment','Fixed Assets');
INSERT INTO `chartmaster` VALUES (1700,'Furniture & Fixtures','Fixed Assets');
INSERT INTO `chartmaster` VALUES (1710,'Accumulated Depreciation of Furniture & Fixtures','Fixed Assets');
INSERT INTO `chartmaster` VALUES (1720,'Office Equipment','Fixed Assets');
INSERT INTO `chartmaster` VALUES (1730,'Accumulated Depreciation of Office Equipment','Fixed Assets');
INSERT INTO `chartmaster` VALUES (1740,'Software','Fixed Assets');
INSERT INTO `chartmaster` VALUES (1750,'Accumulated Depreciation of Software','Fixed Assets');
INSERT INTO `chartmaster` VALUES (1760,'Vehicles','Fixed Assets');
INSERT INTO `chartmaster` VALUES (1770,'Accumulated Depreciation Vehicles','Fixed Assets');
INSERT INTO `chartmaster` VALUES (1780,'Other Depreciable Property','Fixed Assets');
INSERT INTO `chartmaster` VALUES (1790,'Accumulated Depreciation of Other Depreciable Prop','Fixed Assets');
INSERT INTO `chartmaster` VALUES (1800,'Patents','Fixed Assets');
INSERT INTO `chartmaster` VALUES (1850,'Goodwill','Fixed Assets');
INSERT INTO `chartmaster` VALUES (1900,'Future Income Tax Receivable','Current Assets');
INSERT INTO `chartmaster` VALUES (2010,'Bank Indedebtedness (overdraft)','Liabilities');
INSERT INTO `chartmaster` VALUES (2020,'Retainers or Advances on Work','Liabilities');
INSERT INTO `chartmaster` VALUES (2050,'Interest Payable','Liabilities');
INSERT INTO `chartmaster` VALUES (2100,'Accounts Payable','Liabilities');
INSERT INTO `chartmaster` VALUES (2150,'Goods Received Suspense','Liabilities');
INSERT INTO `chartmaster` VALUES (2200,'Short-Term Loan Payable','Liabilities');
INSERT INTO `chartmaster` VALUES (2230,'Current Portion of Long-Term Debt Payable','Liabilities');
INSERT INTO `chartmaster` VALUES (2250,'Income Tax Payable','Liabilities');
INSERT INTO `chartmaster` VALUES (2300,'GST Payable','Liabilities');
INSERT INTO `chartmaster` VALUES (2310,'GST Recoverable','Liabilities');
INSERT INTO `chartmaster` VALUES (2320,'PST Payable','Liabilities');
INSERT INTO `chartmaster` VALUES (2330,'PST Recoverable (commission)','Liabilities');
INSERT INTO `chartmaster` VALUES (2340,'Payroll Tax Payable','Liabilities');
INSERT INTO `chartmaster` VALUES (2350,'Withholding Income Tax Payable','Liabilities');
INSERT INTO `chartmaster` VALUES (2360,'Other Taxes Payable','Liabilities');
INSERT INTO `chartmaster` VALUES (2400,'Employee Salaries Payable','Liabilities');
INSERT INTO `chartmaster` VALUES (2410,'Management Salaries Payable','Liabilities');
INSERT INTO `chartmaster` VALUES (2420,'Director / Partner Fees Payable','Liabilities');
INSERT INTO `chartmaster` VALUES (2450,'Health Benefits Payable','Liabilities');
INSERT INTO `chartmaster` VALUES (2460,'Pension Benefits Payable','Liabilities');
INSERT INTO `chartmaster` VALUES (2470,'Canada Pension Plan Payable','Liabilities');
INSERT INTO `chartmaster` VALUES (2480,'Employment Insurance Premiums Payable','Liabilities');
INSERT INTO `chartmaster` VALUES (2500,'Land Payable','Liabilities');
INSERT INTO `chartmaster` VALUES (2550,'Long-Term Bank Loan','Liabilities');
INSERT INTO `chartmaster` VALUES (2560,'Notes Payable','Liabilities');
INSERT INTO `chartmaster` VALUES (2600,'Building & Equipment Payable','Liabilities');
INSERT INTO `chartmaster` VALUES (2700,'Furnishing & Fixture Payable','Liabilities');
INSERT INTO `chartmaster` VALUES (2720,'Office Equipment Payable','Liabilities');
INSERT INTO `chartmaster` VALUES (2740,'Vehicle Payable','Liabilities');
INSERT INTO `chartmaster` VALUES (2760,'Other Property Payable','Liabilities');
INSERT INTO `chartmaster` VALUES (2800,'Shareholder Loans','Liabilities');
INSERT INTO `chartmaster` VALUES (2900,'Suspense','Liabilities');
INSERT INTO `chartmaster` VALUES (3100,'Capital Stock','Equity');
INSERT INTO `chartmaster` VALUES (3200,'Capital Surplus / Dividends','Equity');
INSERT INTO `chartmaster` VALUES (3300,'Dividend Taxes Payable','Equity');
INSERT INTO `chartmaster` VALUES (3400,'Dividend Taxes Refundable','Equity');
INSERT INTO `chartmaster` VALUES (3500,'Retained Earnings','Equity');
INSERT INTO `chartmaster` VALUES (4100,'Product / Service Sales','Revenue');
INSERT INTO `chartmaster` VALUES (4200,'Sales Exchange Gains/Losses','Revenue');
INSERT INTO `chartmaster` VALUES (4500,'Consulting Services','Revenue');
INSERT INTO `chartmaster` VALUES (4600,'Rentals','Revenue');
INSERT INTO `chartmaster` VALUES (4700,'Finance Charge Income','Revenue');
INSERT INTO `chartmaster` VALUES (4800,'Sales Returns & Allowances','Revenue');
INSERT INTO `chartmaster` VALUES (4900,'Sales Discounts','Revenue');
INSERT INTO `chartmaster` VALUES (5000,'Cost of Sales','Cost of Goods Sold');
INSERT INTO `chartmaster` VALUES (5100,'Production Expenses','Cost of Goods Sold');
INSERT INTO `chartmaster` VALUES (5200,'Purchases Exchange Gains/Losses','Cost of Goods Sold');
INSERT INTO `chartmaster` VALUES (5500,'Direct Labour Costs','Cost of Goods Sold');
INSERT INTO `chartmaster` VALUES (5600,'Freight Charges','Outward Freight');
INSERT INTO `chartmaster` VALUES (5700,'Inventory Adjustment','Cost of Goods Sold');
INSERT INTO `chartmaster` VALUES (5800,'Purchase Returns & Allowances','Cost of Goods Sold');
INSERT INTO `chartmaster` VALUES (5900,'Purchase Discounts','Cost of Goods Sold');
INSERT INTO `chartmaster` VALUES (6100,'Advertising','Marketing Expenses');
INSERT INTO `chartmaster` VALUES (6150,'Promotion','Promotions');
INSERT INTO `chartmaster` VALUES (6200,'Communications','Marketing Expenses');
INSERT INTO `chartmaster` VALUES (6250,'Meeting Expenses','Marketing Expenses');
INSERT INTO `chartmaster` VALUES (6300,'Travelling Expenses','Marketing Expenses');
INSERT INTO `chartmaster` VALUES (6400,'Delivery Expenses','Marketing Expenses');
INSERT INTO `chartmaster` VALUES (6500,'Sales Salaries & Commission','Marketing Expenses');
INSERT INTO `chartmaster` VALUES (6550,'Sales Salaries & Commission Deductions','Marketing Expenses');
INSERT INTO `chartmaster` VALUES (6590,'Benefits','Marketing Expenses');
INSERT INTO `chartmaster` VALUES (6600,'Other Selling Expenses','Marketing Expenses');
INSERT INTO `chartmaster` VALUES (6700,'Permits, Licenses & License Fees','Marketing Expenses');
INSERT INTO `chartmaster` VALUES (6800,'Research & Development','Marketing Expenses');
INSERT INTO `chartmaster` VALUES (6900,'Professional Services','Marketing Expenses');
INSERT INTO `chartmaster` VALUES (7020,'Support Salaries & Wages','Operating Expenses');
INSERT INTO `chartmaster` VALUES (7030,'Support Salary & Wage Deductions','Operating Expenses');
INSERT INTO `chartmaster` VALUES (7040,'Management Salaries','Operating Expenses');
INSERT INTO `chartmaster` VALUES (7050,'Management Salary deductions','Operating Expenses');
INSERT INTO `chartmaster` VALUES (7060,'Director / Partner Fees','Operating Expenses');
INSERT INTO `chartmaster` VALUES (7070,'Director / Partner Deductions','Operating Expenses');
INSERT INTO `chartmaster` VALUES (7080,'Payroll Tax','Operating Expenses');
INSERT INTO `chartmaster` VALUES (7090,'Benefits','Operating Expenses');
INSERT INTO `chartmaster` VALUES (7100,'Training & Education Expenses','Operating Expenses');
INSERT INTO `chartmaster` VALUES (7150,'Dues & Subscriptions','Operating Expenses');
INSERT INTO `chartmaster` VALUES (7200,'Accounting Fees','Operating Expenses');
INSERT INTO `chartmaster` VALUES (7210,'Audit Fees','Operating Expenses');
INSERT INTO `chartmaster` VALUES (7220,'Banking Fees','Operating Expenses');
INSERT INTO `chartmaster` VALUES (7230,'Credit Card Fees','Operating Expenses');
INSERT INTO `chartmaster` VALUES (7240,'Consulting Fees','Operating Expenses');
INSERT INTO `chartmaster` VALUES (7260,'Legal Fees','Operating Expenses');
INSERT INTO `chartmaster` VALUES (7280,'Other Professional Fees','Operating Expenses');
INSERT INTO `chartmaster` VALUES (7300,'Business Tax','Operating Expenses');
INSERT INTO `chartmaster` VALUES (7350,'Property Tax','Operating Expenses');
INSERT INTO `chartmaster` VALUES (7390,'Corporation Capital Tax','Operating Expenses');
INSERT INTO `chartmaster` VALUES (7400,'Office Rent','Operating Expenses');
INSERT INTO `chartmaster` VALUES (7450,'Equipment Rental','Operating Expenses');
INSERT INTO `chartmaster` VALUES (7500,'Office Supplies','Operating Expenses');
INSERT INTO `chartmaster` VALUES (7550,'Office Repair & Maintenance','Operating Expenses');
INSERT INTO `chartmaster` VALUES (7600,'Automotive Expenses','Operating Expenses');
INSERT INTO `chartmaster` VALUES (7610,'Communication Expenses','Operating Expenses');
INSERT INTO `chartmaster` VALUES (7620,'Insurance Expenses','Operating Expenses');
INSERT INTO `chartmaster` VALUES (7630,'Postage & Courier Expenses','Operating Expenses');
INSERT INTO `chartmaster` VALUES (7640,'Miscellaneous Expenses','Operating Expenses');
INSERT INTO `chartmaster` VALUES (7650,'Travel Expenses','Operating Expenses');
INSERT INTO `chartmaster` VALUES (7660,'Utilities','Operating Expenses');
INSERT INTO `chartmaster` VALUES (7700,'Ammortization Expenses','Operating Expenses');
INSERT INTO `chartmaster` VALUES (7750,'Depreciation Expenses','Operating Expenses');
INSERT INTO `chartmaster` VALUES (7800,'Interest Expense','Operating Expenses');
INSERT INTO `chartmaster` VALUES (7900,'Bad Debt Expense','Operating Expenses');
INSERT INTO `chartmaster` VALUES (8100,'Gain on Sale of Assets','Other Revenue and Expenses');
INSERT INTO `chartmaster` VALUES (8200,'Interest Income','Other Revenue and Expenses');
INSERT INTO `chartmaster` VALUES (8300,'Recovery on Bad Debt','Other Revenue and Expenses');
INSERT INTO `chartmaster` VALUES (8400,'Other Revenue','Other Revenue and Expenses');
INSERT INTO `chartmaster` VALUES (8500,'Loss on Sale of Assets','Other Revenue and Expenses');
INSERT INTO `chartmaster` VALUES (8600,'Charitable Contributions','Other Revenue and Expenses');
INSERT INTO `chartmaster` VALUES (8900,'Other Expenses','Other Revenue and Expenses');
INSERT INTO `chartmaster` VALUES (9100,'Income Tax Provision','Income Tax');

--
-- Dumping data for table `cogsglpostings`
--

INSERT INTO `cogsglpostings` VALUES (3,'AN','ANY',5000,'AN');

--
-- Dumping data for table `companies`
--

INSERT INTO `companies` VALUES (1,'webERP\'s Demo Company Inc','not entered yet','','123 Web Way','PO Box 123','Queen Street','Melbourne','Victoria 3043','Australia','+61 3 4567 8901','+61 3 4567 8902','weberp@weberpdemo.com','AUD',1100,4900,2100,2400,2150,4200,5200,3500,1,1,1,5600);

--
-- Dumping data for table `config`
--

INSERT INTO `config` VALUES ('AllowOrderLineItemNarrative','0');
INSERT INTO `config` VALUES ('AllowSalesOfZeroCostItems','0');
INSERT INTO `config` VALUES ('AutoDebtorNo','0');
INSERT INTO `config` VALUES ('AutoIssue','1');
INSERT INTO `config` VALUES ('CheckCreditLimits','1');
INSERT INTO `config` VALUES ('Check_Price_Charged_vs_Order_Price','1');
INSERT INTO `config` VALUES ('Check_Qty_Charged_vs_Del_Qty','1');
INSERT INTO `config` VALUES ('CountryOfOperation','AUD');
INSERT INTO `config` VALUES ('CreditingControlledItems_MustExist','0');
INSERT INTO `config` VALUES ('DB_Maintenance','30');
INSERT INTO `config` VALUES ('DB_Maintenance_LastRun','2007-09-26');
INSERT INTO `config` VALUES ('DefaultBlindPackNote','1');
INSERT INTO `config` VALUES ('DefaultCreditLimit','1000');
INSERT INTO `config` VALUES ('DefaultDateFormat','d/m/Y');
INSERT INTO `config` VALUES ('DefaultDisplayRecordsMax','50');
INSERT INTO `config` VALUES ('DefaultPriceList','DE');
INSERT INTO `config` VALUES ('DefaultTaxCategory','1');
INSERT INTO `config` VALUES ('DefaultTheme','silverwolf');
INSERT INTO `config` VALUES ('Default_Shipper','1');
INSERT INTO `config` VALUES ('DispatchCutOffTime','14');
INSERT INTO `config` VALUES ('DoFreightCalc','0');
INSERT INTO `config` VALUES ('EDIHeaderMsgId','D:01B:UN:EAN010');
INSERT INTO `config` VALUES ('EDIReference','WEBERP');
INSERT INTO `config` VALUES ('EDI_Incoming_Orders','companies/weberp/EDI_Incoming_Orders');
INSERT INTO `config` VALUES ('EDI_MsgPending','companies/weberp/EDI_MsgPending');
INSERT INTO `config` VALUES ('EDI_MsgSent','companies/weberp/EDI_Sent');
INSERT INTO `config` VALUES ('FreightChargeAppliesIfLessThan','1000');
INSERT INTO `config` VALUES ('FreightTaxCategory','1');
INSERT INTO `config` VALUES ('HTTPS_Only','0');
INSERT INTO `config` VALUES ('InvoicePortraitFormat','0');
INSERT INTO `config` VALUES ('MaxImageSize','300');
INSERT INTO `config` VALUES ('MonthsAuditTrail','1');
INSERT INTO `config` VALUES ('NumberOfPeriodsOfStockUsage','12');
INSERT INTO `config` VALUES ('OverChargeProportion','30');
INSERT INTO `config` VALUES ('OverReceiveProportion','20');
INSERT INTO `config` VALUES ('PackNoteFormat','1');
INSERT INTO `config` VALUES ('PageLength','48');
INSERT INTO `config` VALUES ('part_pics_dir','companies/weberp/part_pics');
INSERT INTO `config` VALUES ('PastDueDays1','30');
INSERT INTO `config` VALUES ('PastDueDays2','60');
INSERT INTO `config` VALUES ('PO_AllowSameItemMultipleTimes','1');
INSERT INTO `config` VALUES ('ProhibitJournalsToControlAccounts','1');
INSERT INTO `config` VALUES ('ProhibitNegativeStock','1');
INSERT INTO `config` VALUES ('ProhibitPostingsBefore','2006-09-30');
INSERT INTO `config` VALUES ('QuickEntries','10');
INSERT INTO `config` VALUES ('RadioBeaconFileCounter','/home/RadioBeacon/FileCounter');
INSERT INTO `config` VALUES ('RadioBeaconFTP_user_name','RadioBeacon ftp server user name');
INSERT INTO `config` VALUES ('RadioBeaconHomeDir','/home/RadioBeacon');
INSERT INTO `config` VALUES ('RadioBeaconStockLocation','BL');
INSERT INTO `config` VALUES ('RadioBraconFTP_server','192.168.2.2');
INSERT INTO `config` VALUES ('RadioBreaconFilePrefix','ORDXX');
INSERT INTO `config` VALUES ('RadionBeaconFTP_user_pass','Radio Beacon remote ftp server password');
INSERT INTO `config` VALUES ('reports_dir','companies/weberp/reports');
INSERT INTO `config` VALUES ('RomalpaClause','Ownership will not pass to the buyer until the goods have been paid for in full.');
INSERT INTO `config` VALUES ('Show_Settled_LastMonth','1');
INSERT INTO `config` VALUES ('SO_AllowSameItemMultipleTimes','1');
INSERT INTO `config` VALUES ('TaxAuthorityReferenceName','Tax Ref');
INSERT INTO `config` VALUES ('vtiger_integration','0');
INSERT INTO `config` VALUES ('WeightedAverageCosting','1');
INSERT INTO `config` VALUES ('WikiApp','Disabled');
INSERT INTO `config` VALUES ('WikiPath','wiki');
INSERT INTO `config` VALUES ('YearEnd','3');

--
-- Dumping data for table `contractbom`
--


--
-- Dumping data for table `contractreqts`
--


--
-- Dumping data for table `contracts`
--


--
-- Dumping data for table `currencies`
--

INSERT INTO `currencies` VALUES ('Australian Dollars','AUD','Australia','cents',1.7);
INSERT INTO `currencies` VALUES ('Swiss Francs','CHF','Swizerland','centimes',1);
INSERT INTO `currencies` VALUES ('Pounds','GBP','England','Pence',0.8);
INSERT INTO `currencies` VALUES ('US Dollars','USD','United States','Cents',1);

--
-- Dumping data for table `custallocns`
--


--
-- Dumping data for table `custbranch`
--


--
-- Dumping data for table `debtorsmaster`
--


--
-- Dumping data for table `debtortrans`
--


--
-- Dumping data for table `debtortranstaxes`
--


--
-- Dumping data for table `discountmatrix`
--


--
-- Dumping data for table `edi_orders_seg_groups`
--

INSERT INTO `edi_orders_seg_groups` VALUES (0,1,0);
INSERT INTO `edi_orders_seg_groups` VALUES (1,9999,0);
INSERT INTO `edi_orders_seg_groups` VALUES (2,99,0);
INSERT INTO `edi_orders_seg_groups` VALUES (3,99,2);
INSERT INTO `edi_orders_seg_groups` VALUES (5,5,2);
INSERT INTO `edi_orders_seg_groups` VALUES (6,5,0);
INSERT INTO `edi_orders_seg_groups` VALUES (7,5,0);
INSERT INTO `edi_orders_seg_groups` VALUES (8,10,0);
INSERT INTO `edi_orders_seg_groups` VALUES (9,9999,8);
INSERT INTO `edi_orders_seg_groups` VALUES (10,10,0);
INSERT INTO `edi_orders_seg_groups` VALUES (11,10,10);
INSERT INTO `edi_orders_seg_groups` VALUES (12,5,0);
INSERT INTO `edi_orders_seg_groups` VALUES (13,99,0);
INSERT INTO `edi_orders_seg_groups` VALUES (14,5,13);
INSERT INTO `edi_orders_seg_groups` VALUES (15,10,0);
INSERT INTO `edi_orders_seg_groups` VALUES (19,99,0);
INSERT INTO `edi_orders_seg_groups` VALUES (20,1,19);
INSERT INTO `edi_orders_seg_groups` VALUES (21,1,19);
INSERT INTO `edi_orders_seg_groups` VALUES (22,2,19);
INSERT INTO `edi_orders_seg_groups` VALUES (23,1,19);
INSERT INTO `edi_orders_seg_groups` VALUES (24,5,19);
INSERT INTO `edi_orders_seg_groups` VALUES (28,200000,0);
INSERT INTO `edi_orders_seg_groups` VALUES (32,25,28);
INSERT INTO `edi_orders_seg_groups` VALUES (33,9999,28);
INSERT INTO `edi_orders_seg_groups` VALUES (34,99,28);
INSERT INTO `edi_orders_seg_groups` VALUES (36,5,34);
INSERT INTO `edi_orders_seg_groups` VALUES (37,9999,28);
INSERT INTO `edi_orders_seg_groups` VALUES (38,10,28);
INSERT INTO `edi_orders_seg_groups` VALUES (39,999,28);
INSERT INTO `edi_orders_seg_groups` VALUES (42,5,39);
INSERT INTO `edi_orders_seg_groups` VALUES (43,99,28);
INSERT INTO `edi_orders_seg_groups` VALUES (44,1,43);
INSERT INTO `edi_orders_seg_groups` VALUES (45,1,43);
INSERT INTO `edi_orders_seg_groups` VALUES (46,2,43);
INSERT INTO `edi_orders_seg_groups` VALUES (47,1,43);
INSERT INTO `edi_orders_seg_groups` VALUES (48,5,43);
INSERT INTO `edi_orders_seg_groups` VALUES (49,10,28);
INSERT INTO `edi_orders_seg_groups` VALUES (50,1,0);

--
-- Dumping data for table `edi_orders_segs`
--

INSERT INTO `edi_orders_segs` VALUES (1,'UNB',0,1);
INSERT INTO `edi_orders_segs` VALUES (2,'UNH',0,1);
INSERT INTO `edi_orders_segs` VALUES (3,'BGM',0,1);
INSERT INTO `edi_orders_segs` VALUES (4,'DTM',0,35);
INSERT INTO `edi_orders_segs` VALUES (5,'PAI',0,1);
INSERT INTO `edi_orders_segs` VALUES (6,'ALI',0,5);
INSERT INTO `edi_orders_segs` VALUES (7,'FTX',0,99);
INSERT INTO `edi_orders_segs` VALUES (8,'RFF',1,1);
INSERT INTO `edi_orders_segs` VALUES (9,'DTM',1,5);
INSERT INTO `edi_orders_segs` VALUES (10,'NAD',2,1);
INSERT INTO `edi_orders_segs` VALUES (11,'LOC',2,99);
INSERT INTO `edi_orders_segs` VALUES (12,'FII',2,5);
INSERT INTO `edi_orders_segs` VALUES (13,'RFF',3,1);
INSERT INTO `edi_orders_segs` VALUES (14,'CTA',5,1);
INSERT INTO `edi_orders_segs` VALUES (15,'COM',5,5);
INSERT INTO `edi_orders_segs` VALUES (16,'TAX',6,1);
INSERT INTO `edi_orders_segs` VALUES (17,'MOA',6,1);
INSERT INTO `edi_orders_segs` VALUES (18,'CUX',7,1);
INSERT INTO `edi_orders_segs` VALUES (19,'DTM',7,5);
INSERT INTO `edi_orders_segs` VALUES (20,'PAT',8,1);
INSERT INTO `edi_orders_segs` VALUES (21,'DTM',8,5);
INSERT INTO `edi_orders_segs` VALUES (22,'PCD',8,1);
INSERT INTO `edi_orders_segs` VALUES (23,'MOA',9,1);
INSERT INTO `edi_orders_segs` VALUES (24,'TDT',10,1);
INSERT INTO `edi_orders_segs` VALUES (25,'LOC',11,1);
INSERT INTO `edi_orders_segs` VALUES (26,'DTM',11,5);
INSERT INTO `edi_orders_segs` VALUES (27,'TOD',12,1);
INSERT INTO `edi_orders_segs` VALUES (28,'LOC',12,2);
INSERT INTO `edi_orders_segs` VALUES (29,'PAC',13,1);
INSERT INTO `edi_orders_segs` VALUES (30,'PCI',14,1);
INSERT INTO `edi_orders_segs` VALUES (31,'RFF',14,1);
INSERT INTO `edi_orders_segs` VALUES (32,'DTM',14,5);
INSERT INTO `edi_orders_segs` VALUES (33,'GIN',14,10);
INSERT INTO `edi_orders_segs` VALUES (34,'EQD',15,1);
INSERT INTO `edi_orders_segs` VALUES (35,'ALC',19,1);
INSERT INTO `edi_orders_segs` VALUES (36,'ALI',19,5);
INSERT INTO `edi_orders_segs` VALUES (37,'DTM',19,5);
INSERT INTO `edi_orders_segs` VALUES (38,'QTY',20,1);
INSERT INTO `edi_orders_segs` VALUES (39,'RNG',20,1);
INSERT INTO `edi_orders_segs` VALUES (40,'PCD',21,1);
INSERT INTO `edi_orders_segs` VALUES (41,'RNG',21,1);
INSERT INTO `edi_orders_segs` VALUES (42,'MOA',22,1);
INSERT INTO `edi_orders_segs` VALUES (43,'RNG',22,1);
INSERT INTO `edi_orders_segs` VALUES (44,'RTE',23,1);
INSERT INTO `edi_orders_segs` VALUES (45,'RNG',23,1);
INSERT INTO `edi_orders_segs` VALUES (46,'TAX',24,1);
INSERT INTO `edi_orders_segs` VALUES (47,'MOA',24,1);
INSERT INTO `edi_orders_segs` VALUES (48,'LIN',28,1);
INSERT INTO `edi_orders_segs` VALUES (49,'PIA',28,25);
INSERT INTO `edi_orders_segs` VALUES (50,'IMD',28,99);
INSERT INTO `edi_orders_segs` VALUES (51,'MEA',28,99);
INSERT INTO `edi_orders_segs` VALUES (52,'QTY',28,99);
INSERT INTO `edi_orders_segs` VALUES (53,'ALI',28,5);
INSERT INTO `edi_orders_segs` VALUES (54,'DTM',28,35);
INSERT INTO `edi_orders_segs` VALUES (55,'MOA',28,10);
INSERT INTO `edi_orders_segs` VALUES (56,'GIN',28,127);
INSERT INTO `edi_orders_segs` VALUES (57,'QVR',28,1);
INSERT INTO `edi_orders_segs` VALUES (58,'FTX',28,99);
INSERT INTO `edi_orders_segs` VALUES (59,'PRI',32,1);
INSERT INTO `edi_orders_segs` VALUES (60,'CUX',32,1);
INSERT INTO `edi_orders_segs` VALUES (61,'DTM',32,5);
INSERT INTO `edi_orders_segs` VALUES (62,'RFF',33,1);
INSERT INTO `edi_orders_segs` VALUES (63,'DTM',33,5);
INSERT INTO `edi_orders_segs` VALUES (64,'PAC',34,1);
INSERT INTO `edi_orders_segs` VALUES (65,'QTY',34,5);
INSERT INTO `edi_orders_segs` VALUES (66,'PCI',36,1);
INSERT INTO `edi_orders_segs` VALUES (67,'RFF',36,1);
INSERT INTO `edi_orders_segs` VALUES (68,'DTM',36,5);
INSERT INTO `edi_orders_segs` VALUES (69,'GIN',36,10);
INSERT INTO `edi_orders_segs` VALUES (70,'LOC',37,1);
INSERT INTO `edi_orders_segs` VALUES (71,'QTY',37,1);
INSERT INTO `edi_orders_segs` VALUES (72,'DTM',37,5);
INSERT INTO `edi_orders_segs` VALUES (73,'TAX',38,1);
INSERT INTO `edi_orders_segs` VALUES (74,'MOA',38,1);
INSERT INTO `edi_orders_segs` VALUES (75,'NAD',39,1);
INSERT INTO `edi_orders_segs` VALUES (76,'CTA',42,1);
INSERT INTO `edi_orders_segs` VALUES (77,'COM',42,5);
INSERT INTO `edi_orders_segs` VALUES (78,'ALC',43,1);
INSERT INTO `edi_orders_segs` VALUES (79,'ALI',43,5);
INSERT INTO `edi_orders_segs` VALUES (80,'DTM',43,5);
INSERT INTO `edi_orders_segs` VALUES (81,'QTY',44,1);
INSERT INTO `edi_orders_segs` VALUES (82,'RNG',44,1);
INSERT INTO `edi_orders_segs` VALUES (83,'PCD',45,1);
INSERT INTO `edi_orders_segs` VALUES (84,'RNG',45,1);
INSERT INTO `edi_orders_segs` VALUES (85,'MOA',46,1);
INSERT INTO `edi_orders_segs` VALUES (86,'RNG',46,1);
INSERT INTO `edi_orders_segs` VALUES (87,'RTE',47,1);
INSERT INTO `edi_orders_segs` VALUES (88,'RNG',47,1);
INSERT INTO `edi_orders_segs` VALUES (89,'TAX',48,1);
INSERT INTO `edi_orders_segs` VALUES (90,'MOA',48,1);
INSERT INTO `edi_orders_segs` VALUES (91,'TDT',49,1);
INSERT INTO `edi_orders_segs` VALUES (92,'UNS',50,1);
INSERT INTO `edi_orders_segs` VALUES (93,'MOA',50,1);
INSERT INTO `edi_orders_segs` VALUES (94,'CNT',50,1);
INSERT INTO `edi_orders_segs` VALUES (95,'UNT',50,1);

--
-- Dumping data for table `ediitemmapping`
--


--
-- Dumping data for table `edimessageformat`
--


--
-- Dumping data for table `factorcompanies`
--

INSERT INTO `factorcompanies` VALUES (1,'None','','','','','','','','','','');

--
-- Dumping data for table `freightcosts`
--


--
-- Dumping data for table `gltrans`
--


--
-- Dumping data for table `grns`
--


--
-- Dumping data for table `holdreasons`
--

INSERT INTO `holdreasons` VALUES (1,'Good History',0);
INSERT INTO `holdreasons` VALUES (20,'Watch',0);
INSERT INTO `holdreasons` VALUES (51,'In liquidation',1);

--
-- Dumping data for table `lastcostrollup`
--


--
-- Dumping data for table `locations`
--

INSERT INTO `locations` VALUES ('MEL','Melbourne','1234 Collins Street','Melbourne','Victoria 2345','','','Australia','+61 3 56789012','+61 3 56789013','jacko@webdemo.com','Jack Roberts',1,0);
INSERT INTO `locations` VALUES ('TOR','Toronto','Level 100 ','CN Tower','Toronto','','','','','','','Clive Contrary',1,1);

--
-- Dumping data for table `locstock`
--


--
-- Dumping data for table `loctransfers`
--


--
-- Dumping data for table `orderdeliverydifferenceslog`
--


--
-- Dumping data for table `paymentmethods`
--

INSERT INTO `paymentmethods` VALUES (1,'Cheque',1,1);
INSERT INTO `paymentmethods` VALUES (2,'Cash',1,1);
INSERT INTO `paymentmethods` VALUES (3,'Direct Credit',1,1);

--
-- Dumping data for table `paymentterms`
--

INSERT INTO `paymentterms` VALUES ('20','Due 20th Of the Following Month',0,22);
INSERT INTO `paymentterms` VALUES ('30','Due By End Of The Following Month',0,30);
INSERT INTO `paymentterms` VALUES ('7','Payment due within 7 days',7,0);
INSERT INTO `paymentterms` VALUES ('CA','Cash Only',1,0);

--
-- Dumping data for table `periods`
--


--
-- Dumping data for table `prices`
--


--
-- Dumping data for table `purchdata`
--


--
-- Dumping data for table `purchorderdetails`
--


--
-- Dumping data for table `purchorders`
--


--
-- Dumping data for table `recurringsalesorders`
--


--
-- Dumping data for table `recurrsalesorderdetails`
--


--
-- Dumping data for table `reportcolumns`
--


--
-- Dumping data for table `reportfields`
--


--
-- Dumping data for table `reportheaders`
--


--
-- Dumping data for table `reportlinks`
--


--
-- Dumping data for table `reports`
--


--
-- Dumping data for table `salesanalysis`
--


--
-- Dumping data for table `salescat`
--


--
-- Dumping data for table `salescatprod`
--


--
-- Dumping data for table `salesglpostings`
--

INSERT INTO `salesglpostings` VALUES (1,'AN','ANY',4900,4100,'AN');
INSERT INTO `salesglpostings` VALUES (2,'AN','AIRCON',5000,4800,'DE');

--
-- Dumping data for table `salesman`
--


--
-- Dumping data for table `salesorderdetails`
--


--
-- Dumping data for table `salesorders`
--


--
-- Dumping data for table `salestypes`
--


--
-- Dumping data for table `scripts`
--


--
-- Dumping data for table `securitygroups`
--

INSERT INTO `securitygroups` VALUES (1,1);
INSERT INTO `securitygroups` VALUES (1,2);
INSERT INTO `securitygroups` VALUES (2,1);
INSERT INTO `securitygroups` VALUES (2,2);
INSERT INTO `securitygroups` VALUES (2,11);
INSERT INTO `securitygroups` VALUES (3,1);
INSERT INTO `securitygroups` VALUES (3,2);
INSERT INTO `securitygroups` VALUES (3,3);
INSERT INTO `securitygroups` VALUES (3,4);
INSERT INTO `securitygroups` VALUES (3,5);
INSERT INTO `securitygroups` VALUES (3,11);
INSERT INTO `securitygroups` VALUES (4,1);
INSERT INTO `securitygroups` VALUES (4,2);
INSERT INTO `securitygroups` VALUES (4,5);
INSERT INTO `securitygroups` VALUES (5,1);
INSERT INTO `securitygroups` VALUES (5,2);
INSERT INTO `securitygroups` VALUES (5,3);
INSERT INTO `securitygroups` VALUES (5,11);
INSERT INTO `securitygroups` VALUES (6,1);
INSERT INTO `securitygroups` VALUES (6,2);
INSERT INTO `securitygroups` VALUES (6,3);
INSERT INTO `securitygroups` VALUES (6,4);
INSERT INTO `securitygroups` VALUES (6,5);
INSERT INTO `securitygroups` VALUES (6,6);
INSERT INTO `securitygroups` VALUES (6,7);
INSERT INTO `securitygroups` VALUES (6,8);
INSERT INTO `securitygroups` VALUES (6,9);
INSERT INTO `securitygroups` VALUES (6,10);
INSERT INTO `securitygroups` VALUES (6,11);
INSERT INTO `securitygroups` VALUES (7,1);
INSERT INTO `securitygroups` VALUES (8,1);
INSERT INTO `securitygroups` VALUES (8,2);
INSERT INTO `securitygroups` VALUES (8,3);
INSERT INTO `securitygroups` VALUES (8,4);
INSERT INTO `securitygroups` VALUES (8,5);
INSERT INTO `securitygroups` VALUES (8,6);
INSERT INTO `securitygroups` VALUES (8,7);
INSERT INTO `securitygroups` VALUES (8,8);
INSERT INTO `securitygroups` VALUES (8,9);
INSERT INTO `securitygroups` VALUES (8,10);
INSERT INTO `securitygroups` VALUES (8,11);
INSERT INTO `securitygroups` VALUES (8,12);
INSERT INTO `securitygroups` VALUES (8,13);
INSERT INTO `securitygroups` VALUES (8,14);
INSERT INTO `securitygroups` VALUES (8,15);

--
-- Dumping data for table `securityroles`
--

INSERT INTO `securityroles` VALUES (1,'Inquiries/Order Entry');
INSERT INTO `securityroles` VALUES (2,'Manufac/Stock Admin');
INSERT INTO `securityroles` VALUES (3,'Purchasing Officer');
INSERT INTO `securityroles` VALUES (4,'AP Clerk');
INSERT INTO `securityroles` VALUES (5,'AR Clerk');
INSERT INTO `securityroles` VALUES (6,'Accountant');
INSERT INTO `securityroles` VALUES (7,'Customer Log On Only');
INSERT INTO `securityroles` VALUES (8,'System Administrator');

--
-- Dumping data for table `securitytokens`
--

INSERT INTO `securitytokens` VALUES (1,'Order Entry/Inquiries customer access only');
INSERT INTO `securitytokens` VALUES (2,'Basic Reports and Inquiries with selection options');
INSERT INTO `securitytokens` VALUES (3,'Credit notes and AR management');
INSERT INTO `securitytokens` VALUES (4,'Purchasing data/PO Entry/Reorder Levels');
INSERT INTO `securitytokens` VALUES (5,'Accounts Payable');
INSERT INTO `securitytokens` VALUES (6,'Not Used');
INSERT INTO `securitytokens` VALUES (7,'Bank Reconciliations');
INSERT INTO `securitytokens` VALUES (8,'General ledger reports/inquiries');
INSERT INTO `securitytokens` VALUES (9,'Not Used');
INSERT INTO `securitytokens` VALUES (10,'General Ledger Maintenance, stock valuation & Configuration');
INSERT INTO `securitytokens` VALUES (11,'Inventory Management and Pricing');
INSERT INTO `securitytokens` VALUES (12,'Unknown');
INSERT INTO `securitytokens` VALUES (13,'Unknown');
INSERT INTO `securitytokens` VALUES (14,'Unknown');
INSERT INTO `securitytokens` VALUES (15,'User Management and System Administration');

--
-- Dumping data for table `shipmentcharges`
--


--
-- Dumping data for table `shipments`
--


--
-- Dumping data for table `shippers`
--

INSERT INTO `shippers` VALUES (1,'Default Shipper',0);

--
-- Dumping data for table `stockcategory`
--


--
-- Dumping data for table `stockcatproperties`
--


--
-- Dumping data for table `stockcheckfreeze`
--


--
-- Dumping data for table `stockcounts`
--


--
-- Dumping data for table `stockitemproperties`
--


--
-- Dumping data for table `stockmaster`
--


--
-- Dumping data for table `stockmoves`
--


--
-- Dumping data for table `stockmovestaxes`
--


--
-- Dumping data for table `stockserialitems`
--


--
-- Dumping data for table `stockserialmoves`
--


--
-- Dumping data for table `suppallocs`
--


--
-- Dumping data for table `suppliercontacts`
--


--
-- Dumping data for table `suppliers`
--


--
-- Dumping data for table `supptrans`
--


--
-- Dumping data for table `supptranstaxes`
--


--
-- Dumping data for table `systypes`
--

INSERT INTO `systypes` VALUES (0,'Journal - GL',0);
INSERT INTO `systypes` VALUES (1,'Payment - GL',0);
INSERT INTO `systypes` VALUES (2,'Receipt - GL',0);
INSERT INTO `systypes` VALUES (3,'Standing Journal',0);
INSERT INTO `systypes` VALUES (10,'Sales Invoice',0);
INSERT INTO `systypes` VALUES (11,'Credit Note',0);
INSERT INTO `systypes` VALUES (12,'Receipt',0);
INSERT INTO `systypes` VALUES (15,'Journal - Debtors',0);
INSERT INTO `systypes` VALUES (16,'Location Transfer',0);
INSERT INTO `systypes` VALUES (17,'Stock Adjustment',0);
INSERT INTO `systypes` VALUES (18,'Purchase Order',0);
INSERT INTO `systypes` VALUES (20,'Purchase Invoice',0);
INSERT INTO `systypes` VALUES (21,'Debit Note',0);
INSERT INTO `systypes` VALUES (22,'Creditors Payment',0);
INSERT INTO `systypes` VALUES (23,'Creditors Journal',0);
INSERT INTO `systypes` VALUES (25,'Purchase Order Delivery',0);
INSERT INTO `systypes` VALUES (26,'Work Order Receipt',0);
INSERT INTO `systypes` VALUES (28,'Work Order Issue',0);
INSERT INTO `systypes` VALUES (29,'Work Order Variance',0);
INSERT INTO `systypes` VALUES (30,'Sales Order',0);
INSERT INTO `systypes` VALUES (31,'Shipment Close',0);
INSERT INTO `systypes` VALUES (35,'Cost Update',0);
INSERT INTO `systypes` VALUES (50,'Opening Balance',0);
INSERT INTO `systypes` VALUES (500,'Auto Debtor Number',0);

--
-- Dumping data for table `taxauthorities`
--

INSERT INTO `taxauthorities` VALUES (1,'Australian GST',2300,2310,'','','','');
INSERT INTO `taxauthorities` VALUES (5,'Sales Tax',2300,2310,'','','','');
INSERT INTO `taxauthorities` VALUES (11,'Canadian GST',2300,2310,'','','','');
INSERT INTO `taxauthorities` VALUES (12,'Ontario PST',2300,2310,'','','','');
INSERT INTO `taxauthorities` VALUES (13,'UK VAT',2300,2310,'','','','');

--
-- Dumping data for table `taxauthrates`
--

INSERT INTO `taxauthrates` VALUES (1,1,1,0.1);
INSERT INTO `taxauthrates` VALUES (1,1,2,0);
INSERT INTO `taxauthrates` VALUES (1,1,5,0);
INSERT INTO `taxauthrates` VALUES (5,1,1,0.2);
INSERT INTO `taxauthrates` VALUES (5,1,2,0.35);
INSERT INTO `taxauthrates` VALUES (5,1,5,0);
INSERT INTO `taxauthrates` VALUES (11,1,1,0.07);
INSERT INTO `taxauthrates` VALUES (11,1,2,0.12);
INSERT INTO `taxauthrates` VALUES (11,1,5,0);
INSERT INTO `taxauthrates` VALUES (12,1,1,0.05);
INSERT INTO `taxauthrates` VALUES (12,1,2,0.075);
INSERT INTO `taxauthrates` VALUES (12,1,5,0);
INSERT INTO `taxauthrates` VALUES (13,1,1,0);
INSERT INTO `taxauthrates` VALUES (13,1,2,0);
INSERT INTO `taxauthrates` VALUES (13,1,5,0);

--
-- Dumping data for table `taxcategories`
--

INSERT INTO `taxcategories` VALUES (1,'Taxable supply');
INSERT INTO `taxcategories` VALUES (2,'Luxury Items');
INSERT INTO `taxcategories` VALUES (4,'Exempt');
INSERT INTO `taxcategories` VALUES (5,'Freight');

--
-- Dumping data for table `taxgroups`
--

INSERT INTO `taxgroups` VALUES (1,'Default tax group');
INSERT INTO `taxgroups` VALUES (2,'Ontario');
INSERT INTO `taxgroups` VALUES (3,'UK Inland Revenue');

--
-- Dumping data for table `taxgrouptaxes`
--


--
-- Dumping data for table `taxprovinces`
--

INSERT INTO `taxprovinces` VALUES (1,'Default Tax province');

--
-- Dumping data for table `unitsofmeasure`
--

INSERT INTO `unitsofmeasure` VALUES (1,'each');
INSERT INTO `unitsofmeasure` VALUES (2,'metres');
INSERT INTO `unitsofmeasure` VALUES (3,'kgs');
INSERT INTO `unitsofmeasure` VALUES (4,'litres');
INSERT INTO `unitsofmeasure` VALUES (5,'length');
INSERT INTO `unitsofmeasure` VALUES (6,'pack');

--
-- Dumping data for table `woitems`
--


--
-- Dumping data for table `worequirements`
--


--
-- Dumping data for table `workcentres`
--


--
-- Dumping data for table `workorders`
--


--
-- Dumping data for table `www_users`
--

INSERT INTO `www_users` VALUES ('demo','weberp','Demonstration user','','','','MEL',8,'2005-04-29 21:34:05','','A4','1,1,1,1,1,1,1,1,',0,50,'professional','en_US');
/*!40103 SET TIME_ZONE=@OLD_TIME_ZONE */;

/*!40101 SET SQL_MODE=@OLD_SQL_MODE */;
/*!40014 SET FOREIGN_KEY_CHECKS=@OLD_FOREIGN_KEY_CHECKS */;
/*!40014 SET UNIQUE_CHECKS=@OLD_UNIQUE_CHECKS */;
/*!40111 SET SQL_NOTES=@OLD_SQL_NOTES */;

-- Dump completed on 2008-02-15 22:44:04
SET FOREIGN_KEY_CHECKS = 1;
